User_id,Extension,TipoMov,fecha
70,-8,1,2023-01-05 18:02:44
70,9,0,2023-01-06 16:32:30
70,-7,1,2023-01-07 21:13:27
70,-2,0,2023-01-09 19:02:25
70,-3,1,2023-01-11 00:48:23
70,-8,0,2023-01-17 06:03:33
70,6,1,2023-01-20 10:28:44
70,-2,0,2023-01-21 16:50:15
70,7,1,2023-01-24 01:06:01
70,-10,0,2023-01-31 15:16:56
70,8,1,2023-02-01 18:35:46
70,-5,0,2023-02-01 20:10:06
70,6,1,2023-02-02 12:15:11
70,-5,0,2023-02-03 20:46:05
70,6,1,2023-02-10 04:27:25
70,7,0,2023-02-23 10:35:52
70,6,1,2023-02-27 14:05:56
70,-4,0,2023-02-28 23:02:42
70,4,1,2023-03-02 16:08:01
70,-6,0,2023-03-03 09:26:37
70,0,1,2023-03-06 14:13:36
70,6,0,2023-03-22 02:15:11
70,2,1,2023-03-22 03:31:38
70,5,0,2023-03-29 07:51:02
70,-6,1,2023-04-12 13:19:34
70,-3,0,2023-04-26 01:24:52
70,-5,1,2023-04-26 23:49:28
70,-3,0,2023-05-03 06:17:45
70,6,1,2023-05-13 07:36:15
70,3,0,2023-05-14 02:26:03
70,9,1,2023-05-17 01:32:23
70,-5,0,2023-06-09 06:49:59
70,4,1,2023-06-11 00:46:37
70,-5,0,2023-06-13 09:22:29
70,7,1,2023-06-15 18:41:53
70,7,0,2023-06-17 11:40:52
70,7,1,2023-06-26 11:34:28
70,6,0,2023-06-27 22:44:24
70,-8,1,2023-07-03 00:45:50
70,-1,0,2023-07-06 10:12:11
70,7,1,2023-07-07 06:12:56
70,6,0,2023-07-18 18:14:03
70,-9,1,2023-07-20 08:04:59
70,7,0,2023-07-20 18:18:21
70,-6,1,2023-07-22 00:33:16
70,1,0,2023-07-23 09:06:55
70,7,1,2023-08-18 12:17:04
70,-7,0,2023-08-19 12:03:58
70,4,1,2023-08-21 09:02:25
70,-3,0,2023-09-06 22:32:09
70,4,1,2023-09-14 02:12:48
70,-10,0,2023-09-17 16:59:57
70,9,1,2023-09-21 08:14:49
70,4,0,2023-09-30 00:23:15
70,-4,1,2023-10-03 09:20:53
70,-4,0,2023-10-09 09:02:30
70,3,1,2023-10-10 15:15:12
70,0,0,2023-10-12 05:39:46
70,-6,1,2023-10-12 06:28:27
70,-5,0,2023-10-18 02:23:37
70,3,1,2023-10-19 22:56:12
70,-7,0,2023-10-21 05:43:15
70,-10,1,2023-10-23 11:14:57
70,8,0,2023-10-30 06:04:42
70,-3,1,2023-10-30 14:14:59
70,3,0,2023-11-03 23:14:39
70,7,1,2023-11-11 14:21:47
70,-6,0,2023-11-18 17:44:02
70,5,1,2023-11-19 10:40:09
70,-7,0,2023-11-21 23:46:44
70,8,1,2023-11-23 15:09:42
70,0,0,2023-12-05 08:39:30
70,6,1,2023-12-08 08:07:12
70,-7,0,2023-12-16 21:30:52
70,-8,1,2023-12-22 22:42:21
70,0,0,2023-12-27 19:44:56
70,-8,1,2023-12-28 12:47:47
70,-5,0,2024-01-10 07:14:58
70,-6,1,2024-01-11 22:36:41
70,-4,0,2024-01-21 16:46:37
70,3,1,2024-01-25 01:38:59
70,-7,0,2024-01-30 16:51:17
70,-10,1,2024-02-25 04:02:21
70,7,0,2024-02-29 19:42:59
70,-8,1,2024-03-12 01:48:53
70,-2,0,2024-03-26 02:42:49
70,-9,1,2024-04-01 06:13:07
70,-10,0,2024-04-05 09:08:31
70,9,1,2024-04-10 04:10:58
70,0,0,2024-04-20 02:02:24
70,-2,1,2024-04-26 03:39:18
70,0,0,2024-04-30 18:25:52
70,-10,1,2024-05-01 00:37:56
70,1,0,2024-05-01 05:01:40
70,7,1,2024-05-05 07:00:04
70,3,0,2024-05-05 19:18:47
70,4,1,2024-05-06 16:45:37
70,0,0,2024-05-18 14:09:49
70,-4,1,2024-05-20 08:29:51
70,-3,0,2024-05-20 17:30:46
70,5,1,2024-05-25 04:55:11
70,-2,0,2024-06-03 03:11:22
70,-6,1,2024-06-06 00:05:10
70,8,0,2024-06-12 05:34:11
70,-2,1,2024-06-15 02:11:10
70,1,0,2024-06-16 06:18:10
70,9,1,2024-06-19 16:57:42
70,-8,0,2024-06-22 02:38:56
70,-5,1,2024-06-22 09:42:53
70,8,0,2024-06-22 10:43:19
70,-3,1,2024-06-23 15:00:36
70,2,0,2024-07-01 09:42:37
70,-10,1,2024-07-05 16:10:31
70,-7,0,2024-07-06 04:31:25
70,5,1,2024-07-06 23:42:49
70,-9,0,2024-07-07 09:25:20
70,-9,1,2024-07-09 02:43:53
70,-3,0,2024-07-12 16:28:55
70,1,1,2024-07-18 03:43:00
70,-10,0,2024-07-30 10:05:08
70,5,1,2024-07-31 02:06:41
70,-2,0,2024-07-31 14:02:25
70,-6,1,2024-08-05 21:39:59
70,9,0,2024-08-05 22:27:07
70,5,1,2024-08-09 14:33:53
70,6,0,2024-08-12 20:55:29
70,-4,1,2024-08-15 07:25:01
70,-9,0,2024-08-21 01:07:51
70,2,1,2024-08-25 03:13:39
70,-4,0,2024-08-28 18:21:52
70,9,1,2024-09-12 22:26:13
70,8,0,2024-09-13 23:45:15
70,4,1,2024-09-14 07:43:58
70,3,0,2024-09-18 21:12:34
70,-6,1,2024-09-21 03:46:00
70,1,0,2024-09-21 12:46:15
70,-2,1,2024-09-26 12:56:42
71,4,0,2023-01-08 11:11:22
71,1,1,2023-01-13 04:44:03
71,5,0,2023-01-15 22:27:33
71,6,1,2023-01-18 11:41:35
71,5,0,2023-01-21 02:31:08
71,8,1,2023-01-22 17:21:37
71,-8,0,2023-01-22 18:15:36
71,8,1,2023-01-24 09:16:01
71,8,0,2023-01-30 02:02:27
71,-7,1,2023-02-02 12:25:37
71,7,0,2023-02-08 00:40:33
71,8,1,2023-02-17 12:06:52
71,9,0,2023-02-20 12:08:59
71,-8,1,2023-02-27 06:15:59
71,-6,0,2023-02-28 19:56:40
71,-3,1,2023-03-02 18:01:03
71,7,0,2023-03-03 08:47:31
71,1,1,2023-03-03 09:43:12
71,5,0,2023-03-08 16:55:13
71,0,1,2023-03-15 14:44:14
71,-2,0,2023-03-15 23:59:50
71,9,1,2023-03-19 14:09:56
71,1,0,2023-03-21 01:41:43
71,-2,1,2023-03-21 07:38:44
71,-4,0,2023-03-26 08:40:28
71,-8,1,2023-03-31 15:19:57
71,9,0,2023-04-02 14:00:43
71,9,1,2023-04-05 03:46:03
71,-1,0,2023-04-05 17:06:56
71,6,1,2023-04-16 02:46:34
71,-7,0,2023-04-18 06:20:11
71,-5,1,2023-04-18 07:30:46
71,9,0,2023-04-21 21:55:21
71,1,1,2023-04-23 12:05:47
71,-3,0,2023-05-02 21:16:16
71,1,1,2023-05-04 08:18:43
71,-2,0,2023-05-04 09:50:59
71,4,1,2023-05-17 06:50:53
71,-10,0,2023-05-19 20:59:34
71,2,1,2023-05-22 15:15:28
71,-9,0,2023-05-31 01:43:42
71,9,1,2023-06-05 07:42:34
71,0,0,2023-06-07 07:40:45
71,3,1,2023-06-10 13:29:19
71,-8,0,2023-06-15 20:48:07
71,3,1,2023-06-16 15:14:49
71,0,0,2023-06-19 01:31:54
71,-7,1,2023-06-19 07:35:03
71,9,0,2023-06-24 11:41:18
71,-4,1,2023-06-24 15:16:44
71,9,0,2023-06-25 05:42:44
71,-2,1,2023-07-11 09:32:18
71,-1,0,2023-07-16 02:20:10
71,-3,1,2023-07-27 06:30:27
71,-8,0,2023-07-29 10:36:34
71,1,1,2023-08-01 02:20:51
71,-3,0,2023-08-12 05:19:54
71,-1,1,2023-08-14 21:33:08
71,0,0,2023-08-20 01:08:07
71,-1,1,2023-08-21 06:46:47
71,3,0,2023-08-30 07:27:13
71,-6,1,2023-08-30 12:39:26
71,3,0,2023-09-16 14:16:29
71,-10,1,2023-09-24 11:35:46
71,1,0,2023-09-26 08:35:36
71,-7,1,2023-09-27 13:34:40
71,-3,0,2023-10-11 21:24:44
71,-9,1,2023-10-17 07:43:18
71,2,0,2023-10-24 01:02:55
71,4,1,2023-10-27 12:42:52
71,0,0,2023-11-01 08:33:57
71,-6,1,2023-11-09 00:52:10
71,-8,0,2023-11-18 15:43:18
71,9,1,2023-11-21 10:20:41
71,1,0,2023-11-22 15:34:13
71,-4,1,2023-11-24 06:36:40
71,6,0,2023-11-24 10:38:29
71,-8,1,2023-11-29 14:42:01
71,-8,0,2023-11-29 19:21:42
71,-1,1,2023-12-03 14:29:39
71,5,0,2023-12-08 06:04:45
71,-6,1,2023-12-11 08:16:14
71,-5,0,2023-12-21 07:19:41
71,-10,1,2023-12-23 21:39:17
71,1,0,2023-12-26 22:22:02
71,9,1,2024-01-03 22:46:56
71,-8,0,2024-01-04 06:08:33
71,6,1,2024-01-22 05:50:07
71,1,0,2024-01-29 00:08:47
71,6,1,2024-01-30 10:17:32
71,8,0,2024-02-18 04:59:47
71,6,1,2024-02-19 21:32:29
71,9,0,2024-02-25 20:30:44
71,-6,1,2024-02-26 12:03:08
71,1,0,2024-03-09 02:12:24
71,-2,1,2024-03-25 15:55:47
71,8,0,2024-04-04 22:31:36
71,-4,1,2024-04-08 02:49:42
71,-3,0,2024-04-10 09:38:02
71,-5,1,2024-04-12 01:27:31
71,-4,0,2024-04-14 07:51:26
71,-9,1,2024-04-29 19:49:14
71,4,0,2024-05-10 17:26:12
71,1,1,2024-05-16 18:29:04
71,-4,0,2024-05-18 23:15:32
71,7,1,2024-05-23 23:08:47
71,4,0,2024-05-28 23:24:11
71,-9,1,2024-05-31 06:24:21
71,-2,0,2024-06-07 15:05:13
71,-7,1,2024-06-07 23:17:02
71,-8,0,2024-06-09 12:40:54
71,-8,1,2024-06-09 15:31:57
71,0,0,2024-06-14 17:41:32
71,-8,1,2024-06-16 15:12:57
71,-2,0,2024-06-18 15:44:20
71,1,1,2024-06-22 02:02:33
71,-8,0,2024-07-01 17:04:20
71,-2,1,2024-07-06 02:21:24
71,7,0,2024-07-08 19:13:57
71,-9,1,2024-07-10 04:04:37
71,-8,0,2024-07-15 16:41:09
71,0,1,2024-07-19 03:24:38
71,-10,0,2024-07-26 07:56:15
71,9,1,2024-07-27 01:08:47
71,1,0,2024-08-01 23:32:44
71,5,1,2024-08-09 11:25:25
71,5,0,2024-08-13 08:49:10
71,-9,1,2024-08-18 18:26:57
71,3,0,2024-08-27 00:17:40
71,-3,1,2024-08-29 21:53:59
71,9,0,2024-08-31 13:58:03
71,-5,1,2024-09-05 08:55:15
71,-7,0,2024-09-05 18:48:41
71,1,1,2024-09-11 10:27:21
71,8,0,2024-09-20 22:11:21
71,-4,1,2024-09-23 23:21:11
71,-1,0,2024-09-24 02:28:31
71,7,1,2024-09-24 08:46:28
71,4,0,2024-09-28 23:43:30
72,-6,1,2023-01-05 18:42:13
72,-7,0,2023-01-14 06:07:39
72,8,1,2023-01-18 15:31:40
72,-5,0,2023-02-01 15:13:17
72,-10,1,2023-02-02 07:33:45
72,2,0,2023-02-07 04:19:38
72,-3,1,2023-02-15 08:40:56
72,1,0,2023-02-15 15:02:48
72,-1,1,2023-02-15 20:14:36
72,7,0,2023-02-18 07:59:28
72,-6,1,2023-02-24 07:38:46
72,-8,0,2023-02-26 16:49:01
72,-7,1,2023-02-27 04:04:40
72,-7,0,2023-02-27 19:42:45
72,7,1,2023-03-27 03:02:03
72,-4,0,2023-03-29 08:46:07
72,-4,1,2023-04-02 11:24:42
72,3,0,2023-04-07 04:01:59
72,-9,1,2023-04-12 02:50:43
72,-5,0,2023-04-17 14:28:30
72,-10,1,2023-05-02 12:25:56
72,5,0,2023-05-10 06:46:27
72,1,1,2023-05-16 20:58:25
72,-10,0,2023-05-16 23:03:10
72,4,1,2023-05-20 09:42:32
72,-7,0,2023-05-30 02:53:01
72,9,1,2023-06-04 06:34:47
72,-6,0,2023-06-05 00:11:58
72,-7,1,2023-06-06 14:52:00
72,-1,0,2023-06-06 20:10:12
72,9,1,2023-06-08 00:24:56
72,-9,0,2023-06-15 11:31:06
72,-1,1,2023-06-21 21:24:37
72,-5,0,2023-06-25 23:47:14
72,2,1,2023-07-04 20:41:52
72,0,0,2023-07-08 17:31:09
72,-6,1,2023-07-09 13:06:17
72,-9,0,2023-07-09 18:21:39
72,7,1,2023-07-13 09:50:57
72,8,0,2023-07-13 22:45:18
72,-5,1,2023-07-23 07:30:29
72,4,0,2023-07-23 11:15:08
72,-2,1,2023-08-04 13:13:49
72,-1,0,2023-08-09 08:16:13
72,6,1,2023-08-11 16:00:26
72,6,0,2023-08-24 23:07:22
72,-7,1,2023-08-26 00:43:43
72,9,0,2023-08-27 11:39:58
72,-5,1,2023-09-08 20:08:36
72,6,0,2023-09-10 03:58:32
72,8,1,2023-09-12 22:21:50
72,-9,0,2023-09-14 06:37:58
72,9,1,2023-09-17 15:17:01
72,-2,0,2023-09-19 17:17:08
72,-7,1,2023-09-22 21:01:05
72,3,0,2023-09-25 01:28:00
72,-6,1,2023-09-26 16:18:19
72,9,0,2023-09-29 15:47:40
72,-4,1,2023-10-04 01:47:59
72,0,0,2023-10-09 10:42:17
72,4,1,2023-10-11 02:04:01
72,-7,0,2023-10-17 03:29:04
72,6,1,2023-10-31 01:10:23
72,1,0,2023-11-04 19:29:08
72,6,1,2023-11-06 09:15:43
72,7,0,2023-11-13 10:28:07
72,-6,1,2023-11-13 12:46:34
72,5,0,2023-11-14 10:36:57
72,-1,1,2023-11-14 11:35:18
72,-4,0,2023-11-22 17:31:23
72,-3,1,2023-11-23 22:33:17
72,1,0,2023-11-25 07:14:46
72,-6,1,2023-12-04 19:10:06
72,-10,0,2023-12-06 07:56:26
72,-7,1,2023-12-07 20:24:52
72,-8,0,2023-12-20 13:06:41
72,0,1,2024-01-01 02:23:50
72,5,0,2024-01-14 17:21:08
72,-4,1,2024-01-16 21:54:41
72,-8,0,2024-01-18 08:17:52
72,-3,1,2024-01-25 13:51:22
72,-6,0,2024-01-31 18:31:04
72,-3,1,2024-02-01 13:41:27
72,4,0,2024-02-01 23:37:46
72,-10,1,2024-02-05 23:35:45
72,3,0,2024-02-08 07:47:59
72,5,1,2024-02-08 11:18:45
72,-9,0,2024-02-18 14:15:23
72,2,1,2024-02-18 16:20:05
72,5,0,2024-02-27 08:32:43
72,1,1,2024-03-04 01:40:59
72,3,0,2024-03-05 02:29:42
72,5,1,2024-03-05 18:55:23
72,-1,0,2024-03-09 17:24:21
72,4,1,2024-03-11 17:47:03
72,2,0,2024-03-18 19:33:59
72,8,1,2024-03-19 12:34:45
72,2,0,2024-03-20 16:12:19
72,-5,1,2024-03-20 22:15:14
72,-6,0,2024-03-20 23:38:23
72,9,1,2024-04-01 18:57:22
72,-1,0,2024-04-04 03:30:09
72,5,1,2024-04-05 02:27:33
72,-4,0,2024-04-09 03:56:43
72,3,1,2024-04-13 04:02:26
72,5,0,2024-04-23 05:04:30
72,6,1,2024-04-25 20:48:24
72,0,0,2024-05-05 12:17:06
72,-9,1,2024-05-19 10:28:40
72,3,0,2024-05-21 11:23:46
72,4,1,2024-05-22 09:05:54
72,1,0,2024-05-27 16:16:24
72,-5,1,2024-05-30 06:09:22
72,4,0,2024-05-30 20:56:34
72,2,1,2024-06-02 20:57:21
72,6,0,2024-06-10 18:11:46
72,1,1,2024-06-14 16:47:26
72,7,0,2024-06-19 00:31:47
72,3,1,2024-06-21 16:52:47
72,-5,0,2024-06-26 15:27:56
72,-1,1,2024-07-03 14:22:46
72,-3,0,2024-07-05 01:50:36
72,-2,1,2024-07-06 10:03:25
72,-8,0,2024-07-07 16:57:10
72,4,1,2024-07-08 00:45:18
72,-9,0,2024-07-09 04:52:11
72,0,1,2024-07-10 07:21:21
72,-2,0,2024-07-17 19:39:48
72,3,1,2024-07-25 04:35:29
72,-10,0,2024-07-26 19:17:42
72,6,1,2024-07-27 05:06:50
72,2,0,2024-08-04 13:45:21
72,-9,1,2024-08-10 13:00:07
72,-8,0,2024-08-16 12:05:31
72,1,1,2024-08-20 07:04:13
72,5,0,2024-08-22 09:24:48
72,-6,1,2024-09-07 00:09:53
72,0,0,2024-09-10 00:55:27
72,-3,1,2024-09-22 10:00:33
72,9,0,2024-09-26 18:03:45
72,1,1,2024-09-27 12:46:21
72,0,0,2024-09-28 13:33:42
72,-10,1,2024-09-30 03:34:51
73,-5,0,2023-01-04 16:15:52
73,-5,1,2023-01-12 06:09:54
73,8,0,2023-01-12 23:37:14
73,1,1,2023-01-13 14:26:28
73,4,0,2023-01-18 00:41:18
73,-1,1,2023-01-20 15:50:01
73,2,0,2023-01-22 00:56:50
73,8,1,2023-01-25 00:43:40
73,8,0,2023-01-28 04:51:21
73,6,1,2023-02-05 08:53:47
73,-9,0,2023-02-06 11:19:58
73,-4,1,2023-02-08 10:33:26
73,0,0,2023-02-08 14:30:54
73,1,1,2023-02-12 20:56:09
73,-4,0,2023-02-20 11:26:20
73,8,1,2023-03-13 11:54:52
73,1,0,2023-03-17 23:30:02
73,9,1,2023-03-19 17:09:06
73,0,0,2023-03-29 14:08:37
73,-10,1,2023-03-29 15:35:08
73,4,0,2023-04-02 01:09:03
73,-4,1,2023-04-03 17:29:01
73,-7,0,2023-04-11 22:45:56
73,4,1,2023-04-15 04:33:55
73,0,0,2023-04-22 11:57:07
73,6,1,2023-04-24 17:51:00
73,-4,0,2023-05-14 23:34:14
73,3,1,2023-05-15 18:05:45
73,-10,0,2023-05-28 16:37:16
73,5,1,2023-05-29 03:15:11
73,1,0,2023-05-29 20:13:48
73,-2,1,2023-06-14 04:31:12
73,-5,0,2023-06-20 06:34:57
73,3,1,2023-06-22 10:42:20
73,8,0,2023-06-25 07:43:35
73,-8,1,2023-07-07 23:49:58
73,9,0,2023-07-08 14:56:25
73,-10,1,2023-07-09 04:36:46
73,-6,0,2023-07-21 14:13:06
73,-10,1,2023-07-24 08:42:43
73,9,0,2023-07-27 14:10:34
73,4,1,2023-07-29 09:53:09
73,-3,0,2023-07-30 02:12:56
73,3,1,2023-08-02 01:40:46
73,-7,0,2023-08-04 22:24:12
73,-9,1,2023-08-20 06:19:11
73,3,0,2023-09-05 05:22:43
73,-6,1,2023-09-29 18:56:17
73,1,0,2023-10-22 14:49:41
73,8,1,2023-11-19 00:04:13
73,3,0,2023-11-19 23:50:20
73,-7,1,2023-11-21 16:00:53
73,-1,0,2023-11-23 19:46:40
73,-1,1,2023-11-24 20:24:50
73,9,0,2023-11-26 16:51:57
73,-9,1,2023-11-30 14:18:57
73,3,0,2023-12-01 16:39:20
73,-1,1,2023-12-03 01:47:57
73,5,0,2023-12-03 17:45:05
73,0,1,2023-12-06 00:27:11
73,-5,0,2023-12-06 04:24:45
73,-4,1,2023-12-07 02:33:06
73,1,0,2023-12-10 21:14:08
73,6,1,2023-12-12 07:10:24
73,-2,0,2023-12-14 20:24:29
73,-10,1,2023-12-21 22:49:57
73,7,0,2023-12-29 01:47:36
73,2,1,2024-01-05 00:44:27
73,2,0,2024-01-10 05:18:17
73,1,1,2024-01-10 17:17:05
73,-2,0,2024-01-12 23:07:08
73,8,1,2024-01-13 08:22:23
73,3,0,2024-01-16 03:43:07
73,4,1,2024-01-17 11:55:36
73,-6,0,2024-01-18 01:38:28
73,-6,1,2024-01-24 16:38:27
73,-6,0,2024-01-28 10:51:10
73,-10,1,2024-02-03 16:18:08
73,-5,0,2024-02-06 12:30:00
73,1,1,2024-02-07 13:35:08
73,-5,0,2024-02-09 09:25:36
73,-8,1,2024-02-11 09:32:26
73,3,0,2024-02-12 04:55:50
73,5,1,2024-02-27 04:02:45
73,6,0,2024-03-01 21:42:17
73,2,1,2024-03-02 09:13:44
73,-7,0,2024-03-10 06:58:39
73,0,1,2024-03-11 06:54:19
73,6,0,2024-03-13 01:45:38
73,5,1,2024-03-19 10:50:00
73,7,0,2024-03-24 04:54:02
73,4,1,2024-03-26 17:07:53
73,3,0,2024-04-01 00:02:01
73,0,1,2024-04-02 12:26:27
73,0,0,2024-04-05 16:16:18
73,-2,1,2024-04-15 07:47:27
73,6,0,2024-04-20 00:25:43
73,-9,1,2024-04-21 17:41:20
73,2,0,2024-04-22 22:53:32
73,-2,1,2024-04-23 19:59:19
73,9,0,2024-04-23 23:54:27
73,-9,1,2024-05-01 18:58:27
73,-6,0,2024-05-02 19:58:41
73,-2,1,2024-05-03 11:36:20
73,6,0,2024-05-03 14:10:37
73,-1,1,2024-05-07 10:06:28
73,-10,0,2024-05-19 00:50:33
73,-10,1,2024-05-23 15:48:29
73,-5,0,2024-05-28 18:24:17
73,4,1,2024-05-29 22:29:26
73,-7,0,2024-05-30 13:25:00
73,-8,1,2024-06-06 02:54:42
73,8,0,2024-06-13 08:44:38
73,9,1,2024-06-18 02:53:14
73,7,0,2024-06-27 15:52:38
73,-5,1,2024-07-09 23:25:45
73,-3,0,2024-07-26 23:07:06
73,-8,1,2024-08-02 16:36:58
73,2,0,2024-08-02 19:59:47
73,-7,1,2024-08-07 12:07:19
73,-5,0,2024-08-14 02:07:31
73,8,1,2024-08-14 11:33:19
73,3,0,2024-08-15 11:02:32
73,9,1,2024-08-18 05:25:51
73,8,0,2024-08-22 16:45:44
73,2,1,2024-08-25 11:44:57
73,-4,0,2024-08-27 10:29:51
73,1,1,2024-08-31 14:02:07
73,-3,0,2024-09-03 11:40:51
73,-1,1,2024-09-07 13:47:12
73,6,0,2024-09-10 11:49:10
73,0,1,2024-09-13 06:35:34
73,7,0,2024-09-14 21:13:36
73,0,1,2024-09-19 21:43:25
73,-7,0,2024-09-20 08:17:30
73,5,1,2024-09-21 22:32:00
73,-5,0,2024-09-25 21:24:35
73,-9,1,2024-09-26 10:20:25
74,-2,0,2023-01-03 00:06:26
74,-7,1,2023-01-11 21:17:46
74,8,0,2023-01-19 08:15:55
74,8,1,2023-01-28 09:33:04
74,-6,0,2023-01-28 23:01:53
74,-5,1,2023-02-01 02:38:54
74,-7,0,2023-02-10 22:17:42
74,-10,1,2023-02-11 06:03:39
74,5,0,2023-02-22 03:05:08
74,-5,1,2023-02-22 19:40:13
74,-4,0,2023-02-24 14:44:49
74,-6,1,2023-03-04 21:01:51
74,-8,0,2023-03-11 23:35:06
74,7,1,2023-03-16 12:30:50
74,8,0,2023-03-18 09:02:28
74,-8,1,2023-03-22 09:10:20
74,-9,0,2023-03-30 03:17:23
74,6,1,2023-03-31 20:48:11
74,-3,0,2023-04-03 13:05:32
74,-4,1,2023-04-06 04:49:20
74,7,0,2023-04-14 15:37:30
74,2,1,2023-04-18 20:31:32
74,0,0,2023-04-24 12:57:08
74,-5,1,2023-04-28 10:51:11
74,5,0,2023-05-02 13:44:35
74,3,1,2023-05-03 02:53:11
74,-9,0,2023-05-06 05:51:57
74,9,1,2023-05-18 07:03:02
74,7,0,2023-05-22 15:00:28
74,8,1,2023-05-26 09:57:24
74,5,0,2023-06-09 19:39:18
74,3,1,2023-06-17 21:53:24
74,-5,0,2023-06-27 16:03:17
74,9,1,2023-07-04 00:03:24
74,-3,0,2023-07-04 17:18:12
74,-5,1,2023-07-15 23:46:32
74,-2,0,2023-07-16 00:28:25
74,4,1,2023-07-16 10:36:13
74,-8,0,2023-07-16 16:09:56
74,-7,1,2023-07-18 02:33:40
74,-4,0,2023-07-23 07:26:56
74,-3,1,2023-07-26 03:33:39
74,-1,0,2023-08-05 01:47:30
74,-2,1,2023-08-09 23:58:39
74,3,0,2023-08-18 07:08:10
74,8,1,2023-08-21 12:08:14
74,3,0,2023-08-23 10:34:32
74,5,1,2023-08-24 20:11:41
74,-6,0,2023-08-29 18:49:35
74,-6,1,2023-09-01 11:35:34
74,8,0,2023-09-08 18:22:33
74,-3,1,2023-09-09 02:30:39
74,-4,0,2023-09-13 18:33:59
74,4,1,2023-09-21 16:41:25
74,-3,0,2023-09-25 10:42:38
74,6,1,2023-09-29 03:57:44
74,8,0,2023-10-04 10:36:12
74,-3,1,2023-10-05 09:51:37
74,-1,0,2023-10-06 11:05:04
74,-8,1,2023-10-09 06:24:00
74,-7,0,2023-10-10 03:43:06
74,6,1,2023-10-21 22:44:35
74,8,0,2023-11-06 17:41:07
74,7,1,2023-11-23 03:54:00
74,2,0,2023-11-25 12:01:11
74,-2,1,2023-11-28 05:04:43
74,-8,0,2023-12-02 11:43:02
74,-7,1,2023-12-03 08:08:33
74,4,0,2023-12-10 22:13:48
74,4,1,2023-12-20 04:26:36
74,-6,0,2023-12-24 06:11:18
74,-4,1,2024-01-01 16:37:20
74,6,0,2024-01-05 00:17:30
74,-5,1,2024-01-07 03:27:51
74,3,0,2024-01-07 19:23:08
74,0,1,2024-01-07 23:57:49
74,-6,0,2024-01-10 11:33:32
74,8,1,2024-01-10 16:55:27
74,-6,0,2024-01-13 08:09:04
74,-8,1,2024-01-14 11:12:47
74,-2,0,2024-01-16 19:24:08
74,9,1,2024-01-18 16:32:14
74,7,0,2024-01-20 13:13:16
74,4,1,2024-01-24 16:12:53
74,-3,0,2024-02-02 05:54:36
74,9,1,2024-02-10 12:09:40
74,5,0,2024-02-21 09:18:25
74,-1,1,2024-02-21 11:55:57
74,7,0,2024-02-28 06:16:22
74,-4,1,2024-03-05 19:48:36
74,-7,0,2024-03-07 06:13:23
74,-9,1,2024-03-07 20:02:21
74,-7,0,2024-03-09 23:10:01
74,-2,1,2024-03-10 23:45:19
74,9,0,2024-03-17 18:57:01
74,2,1,2024-03-19 17:03:43
74,-6,0,2024-03-20 04:41:43
74,2,1,2024-03-25 18:32:36
74,-8,0,2024-03-31 21:05:59
74,-1,1,2024-04-06 17:23:42
74,2,0,2024-04-09 10:32:41
74,7,1,2024-04-15 23:29:15
74,-1,0,2024-05-08 09:21:59
74,3,1,2024-05-12 14:20:21
74,-1,0,2024-05-13 07:48:21
74,-7,1,2024-05-18 09:28:57
74,-8,0,2024-05-30 15:37:48
74,1,1,2024-06-06 19:27:22
74,0,0,2024-06-29 17:30:53
74,-2,1,2024-07-03 04:46:05
74,8,0,2024-07-05 14:04:36
74,3,1,2024-07-07 07:15:44
74,-3,0,2024-07-10 20:26:23
74,8,1,2024-07-11 12:46:00
74,0,0,2024-07-12 22:45:38
74,5,1,2024-07-19 22:53:43
74,-2,0,2024-08-01 09:59:46
74,-9,1,2024-08-01 11:02:25
74,2,0,2024-08-12 18:41:26
74,-6,1,2024-08-12 23:07:24
74,-6,0,2024-08-23 21:47:57
74,8,1,2024-08-24 11:58:14
74,9,0,2024-08-25 01:22:19
74,-4,1,2024-08-25 14:54:01
74,0,0,2024-08-26 18:04:48
74,6,1,2024-09-10 12:56:28
74,-5,0,2024-09-19 03:21:47
74,5,1,2024-09-20 06:55:14
75,-2,0,2023-01-02 11:20:54
75,4,1,2023-01-04 23:46:57
75,7,0,2023-01-06 20:49:09
75,-10,1,2023-01-07 09:34:29
75,-6,0,2023-01-15 10:06:28
75,1,1,2023-01-17 18:36:10
75,0,0,2023-01-18 06:11:18
75,-5,1,2023-01-29 06:40:18
75,1,0,2023-02-01 04:06:23
75,2,1,2023-02-04 09:28:44
75,-2,0,2023-02-04 10:33:11
75,3,1,2023-02-05 13:47:27
75,-6,0,2023-02-07 20:12:33
75,8,1,2023-02-08 12:00:32
75,-3,0,2023-02-16 06:54:22
75,-9,1,2023-02-18 00:44:31
75,3,0,2023-02-20 17:24:33
75,8,1,2023-02-20 17:57:00
75,-4,0,2023-02-20 20:48:45
75,-1,1,2023-02-28 00:00:24
75,-4,0,2023-03-02 09:30:11
75,-6,1,2023-03-05 18:23:19
75,-2,0,2023-03-09 09:49:59
75,2,1,2023-03-09 12:00:11
75,8,0,2023-03-09 22:30:02
75,2,1,2023-03-13 00:07:49
75,6,0,2023-03-17 21:41:56
75,-9,1,2023-03-19 04:08:57
75,9,0,2023-03-19 08:27:40
75,4,1,2023-03-21 20:27:53
75,-5,0,2023-03-27 20:24:58
75,-6,1,2023-03-30 10:06:30
75,-5,0,2023-04-02 04:07:59
75,-5,1,2023-04-15 16:26:16
75,3,0,2023-04-17 13:49:38
75,4,1,2023-04-20 16:30:41
75,6,0,2023-04-21 16:34:01
75,-10,1,2023-04-23 10:51:20
75,-1,0,2023-04-26 11:32:11
75,8,1,2023-04-28 14:44:41
75,-3,0,2023-04-28 18:22:13
75,0,1,2023-05-01 00:31:08
75,-4,0,2023-05-08 01:35:46
75,1,1,2023-05-08 17:06:24
75,-6,0,2023-05-12 21:56:12
75,-8,1,2023-05-18 21:22:24
75,5,0,2023-05-21 20:30:24
75,-10,1,2023-05-21 23:18:08
75,-8,0,2023-05-25 21:16:48
75,2,1,2023-05-31 18:55:04
75,7,0,2023-06-06 21:10:09
75,-9,1,2023-06-14 15:53:54
75,-4,0,2023-06-14 21:26:07
75,-7,1,2023-06-21 22:17:29
75,5,0,2023-06-24 08:48:41
75,1,1,2023-06-26 12:01:37
75,9,0,2023-07-04 03:57:12
75,-6,1,2023-07-05 01:50:34
75,-9,0,2023-07-15 15:00:51
75,-4,1,2023-07-16 14:54:04
75,-3,0,2023-07-18 01:20:50
75,4,1,2023-07-22 00:41:37
75,-4,0,2023-07-22 07:41:02
75,6,1,2023-07-24 11:48:35
75,-1,0,2023-07-30 12:01:24
75,-6,1,2023-08-04 19:03:42
75,-10,0,2023-08-16 15:59:26
75,-5,1,2023-08-20 06:21:37
75,-3,0,2023-08-20 17:34:27
75,6,1,2023-08-25 17:47:37
75,-3,0,2023-08-28 21:04:47
75,5,1,2023-08-30 19:50:41
75,-2,0,2023-09-07 04:14:37
75,-3,1,2023-09-10 10:59:36
75,-3,0,2023-09-25 06:51:40
75,-2,1,2023-10-02 06:00:04
75,-4,0,2023-10-08 19:31:01
75,5,1,2023-10-18 14:05:31
75,8,0,2023-10-27 22:38:37
75,4,1,2023-10-27 23:02:05
75,-8,0,2023-11-02 16:11:39
75,2,1,2023-11-05 03:50:35
75,4,0,2023-11-11 08:16:30
75,7,1,2023-11-25 00:42:17
75,-4,0,2023-12-04 08:33:14
75,-10,1,2023-12-06 05:53:40
75,8,0,2023-12-15 12:45:10
75,5,1,2023-12-17 19:29:25
75,1,0,2023-12-18 14:48:52
75,-6,1,2023-12-20 11:33:11
75,8,0,2023-12-20 21:36:13
75,-6,1,2023-12-28 10:57:50
75,2,0,2023-12-28 16:21:04
75,4,1,2023-12-29 09:22:32
75,5,0,2023-12-30 14:43:23
75,-1,1,2023-12-31 15:56:46
75,-2,0,2024-01-05 12:01:30
75,-1,1,2024-01-07 09:44:27
75,-2,0,2024-01-08 07:44:10
75,8,1,2024-01-17 21:57:13
75,0,0,2024-01-24 21:14:22
75,1,1,2024-01-25 13:55:20
75,5,0,2024-01-31 14:29:49
75,-6,1,2024-02-02 09:00:32
75,9,0,2024-02-03 11:28:49
75,1,1,2024-02-04 22:32:29
75,6,0,2024-02-20 08:23:08
75,-7,1,2024-02-21 23:25:42
75,-10,0,2024-03-14 00:52:58
75,-1,1,2024-03-15 00:45:45
75,-6,0,2024-03-15 17:03:34
75,-2,1,2024-03-18 11:08:33
75,-4,0,2024-03-25 04:00:09
75,1,1,2024-03-25 14:58:29
75,3,0,2024-04-02 23:30:55
75,2,1,2024-04-02 23:40:26
75,9,0,2024-04-10 14:54:46
75,-7,1,2024-04-15 07:37:50
75,4,0,2024-04-17 07:46:11
75,2,1,2024-04-23 10:57:17
75,-1,0,2024-04-24 10:59:29
75,-7,1,2024-05-06 10:30:39
75,-7,0,2024-05-10 11:01:50
75,-3,1,2024-05-13 06:54:14
75,5,0,2024-05-14 23:50:32
75,-9,1,2024-05-17 13:46:33
75,7,0,2024-06-17 19:31:48
75,-5,1,2024-06-18 01:37:23
75,4,0,2024-06-18 22:15:21
75,2,1,2024-06-24 14:30:14
75,-6,0,2024-07-01 14:28:30
75,6,1,2024-07-15 19:00:10
75,-7,0,2024-07-21 00:52:50
75,4,1,2024-07-26 15:19:58
75,7,0,2024-07-29 08:42:04
75,-8,1,2024-08-08 07:43:30
75,-1,0,2024-08-10 14:33:58
75,-1,1,2024-08-11 21:02:17
75,-6,0,2024-08-21 08:55:00
75,5,1,2024-08-22 17:55:41
75,-1,0,2024-08-24 21:10:14
75,1,1,2024-08-30 06:30:18
75,-2,0,2024-08-31 00:10:13
75,4,1,2024-08-31 04:06:23
75,-4,0,2024-09-01 14:56:39
75,-9,1,2024-09-04 07:19:20
75,-4,0,2024-09-13 07:58:03
75,-3,1,2024-09-22 04:04:45
75,3,0,2024-09-22 04:33:24
75,4,1,2024-09-22 20:41:50
75,-10,0,2024-09-29 07:33:21
76,-7,1,2023-01-03 16:44:21
76,2,0,2023-01-03 18:18:42
76,1,1,2023-01-03 21:01:49
76,3,0,2023-01-18 22:07:08
76,3,1,2023-01-19 19:21:08
76,-8,0,2023-01-20 01:08:53
76,2,1,2023-01-23 00:42:13
76,4,0,2023-02-07 21:51:00
76,3,1,2023-02-09 08:47:13
76,9,0,2023-02-11 20:41:20
76,7,1,2023-02-14 16:19:47
76,3,0,2023-02-15 15:40:14
76,-5,1,2023-03-15 04:19:55
76,2,0,2023-03-15 05:41:02
76,7,1,2023-03-23 13:20:31
76,4,0,2023-03-27 02:06:31
76,-5,1,2023-03-31 06:36:24
76,1,0,2023-04-01 06:08:37
76,2,1,2023-04-03 02:26:28
76,3,0,2023-04-06 19:51:17
76,6,1,2023-04-11 15:27:04
76,-10,0,2023-04-13 14:17:11
76,-10,1,2023-05-10 11:29:59
76,5,0,2023-05-13 19:18:48
76,-1,1,2023-05-16 00:12:53
76,9,0,2023-05-16 02:41:12
76,-3,1,2023-05-22 01:41:17
76,-6,0,2023-05-24 16:01:30
76,6,1,2023-05-27 02:39:58
76,-5,0,2023-05-28 23:03:34
76,3,1,2023-05-29 03:41:19
76,-4,0,2023-06-02 18:23:36
76,-5,1,2023-07-04 21:32:22
76,8,0,2023-07-13 14:15:20
76,-6,1,2023-07-26 13:20:55
76,1,0,2023-08-01 23:49:19
76,2,1,2023-08-05 23:49:39
76,-2,0,2023-08-10 10:46:04
76,8,1,2023-08-22 11:14:24
76,-10,0,2023-08-24 00:10:31
76,5,1,2023-08-25 13:43:11
76,4,0,2023-09-02 13:19:10
76,9,1,2023-09-03 00:39:05
76,8,0,2023-09-05 00:06:27
76,-7,1,2023-09-14 10:06:19
76,8,0,2023-09-21 02:53:16
76,0,1,2023-09-26 23:57:03
76,-6,0,2023-09-29 17:47:41
76,6,1,2023-09-30 07:00:18
76,-6,0,2023-09-30 07:03:54
76,-3,1,2023-10-02 08:09:29
76,3,0,2023-10-05 02:52:17
76,-3,1,2023-10-10 23:18:38
76,-1,0,2023-10-26 08:53:34
76,6,1,2023-10-30 13:57:37
76,-7,0,2023-11-10 22:50:49
76,2,1,2023-11-12 20:25:35
76,-8,0,2023-11-17 23:39:16
76,-3,1,2023-11-19 10:43:34
76,-6,0,2023-11-21 19:31:26
76,-8,1,2023-11-29 15:45:58
76,-10,0,2023-11-29 20:04:17
76,1,1,2023-12-12 21:44:17
76,1,0,2023-12-15 06:35:44
76,0,1,2023-12-16 14:32:54
76,2,0,2023-12-25 11:47:20
76,0,1,2024-01-01 06:07:46
76,2,0,2024-01-03 01:04:11
76,3,1,2024-01-05 06:37:21
76,7,0,2024-01-10 22:31:57
76,-4,1,2024-01-16 16:47:08
76,2,0,2024-01-18 18:55:29
76,8,1,2024-01-21 14:00:16
76,9,0,2024-02-02 23:57:57
76,-2,1,2024-02-03 03:08:15
76,0,0,2024-02-13 03:43:14
76,1,1,2024-02-16 06:42:28
76,-8,0,2024-02-19 05:40:34
76,-7,1,2024-02-22 04:22:58
76,-9,0,2024-02-23 03:34:52
76,-8,1,2024-02-23 16:59:17
76,-8,0,2024-02-26 12:36:22
76,-3,1,2024-03-08 01:09:54
76,-2,0,2024-03-09 22:26:56
76,-4,1,2024-03-14 23:07:05
76,-4,0,2024-03-16 10:25:40
76,9,1,2024-03-22 09:08:22
76,6,0,2024-03-26 22:49:15
76,8,1,2024-03-31 19:45:16
76,5,0,2024-04-01 08:40:07
76,7,1,2024-04-03 22:18:01
76,-10,0,2024-04-06 18:56:11
76,-9,1,2024-04-06 22:46:54
76,6,0,2024-04-11 01:23:18
76,-6,1,2024-04-13 22:57:07
76,3,0,2024-04-21 06:54:34
76,-6,1,2024-04-22 11:07:23
76,6,0,2024-04-22 16:40:40
76,-6,1,2024-04-26 11:57:09
76,4,0,2024-04-27 21:13:55
76,9,1,2024-05-02 17:05:25
76,-5,0,2024-05-07 16:09:27
76,-7,1,2024-05-09 08:48:20
76,-4,0,2024-05-13 09:19:01
76,4,1,2024-05-15 09:27:12
76,8,0,2024-05-18 01:01:36
76,7,1,2024-05-21 11:42:45
76,-1,0,2024-05-22 05:41:31
76,-9,1,2024-05-26 06:27:04
76,2,0,2024-05-28 19:33:36
76,-10,1,2024-06-02 00:59:00
76,-1,0,2024-06-03 01:09:59
76,6,1,2024-06-08 09:42:57
76,-4,0,2024-06-17 05:04:44
76,-6,1,2024-06-19 22:14:50
76,1,0,2024-06-26 05:03:28
76,7,1,2024-07-05 16:34:13
76,-4,0,2024-07-05 16:51:09
76,-9,1,2024-07-06 07:01:50
76,-1,0,2024-07-09 20:59:54
76,-2,1,2024-07-13 19:39:11
76,3,0,2024-07-14 01:11:42
76,-2,1,2024-07-22 23:39:54
76,0,0,2024-07-24 00:58:44
76,-6,1,2024-07-26 15:44:28
76,0,0,2024-08-04 23:49:28
76,-2,1,2024-08-24 12:56:27
76,7,0,2024-08-26 16:42:30
76,-8,1,2024-09-01 14:02:32
76,-3,0,2024-09-03 11:22:27
76,-7,1,2024-09-12 07:12:46
76,-6,0,2024-09-12 16:26:16
76,-2,1,2024-09-15 23:45:07
76,-9,0,2024-09-17 18:26:47
76,-3,1,2024-09-19 06:44:01
76,8,0,2024-09-22 10:30:54
76,4,1,2024-09-30 10:58:36
77,1,0,2023-01-04 23:17:22
77,-6,1,2023-01-06 02:16:47
77,0,0,2023-01-14 23:33:59
77,-3,1,2023-01-18 09:53:06
77,9,0,2023-01-22 00:42:08
77,4,1,2023-01-22 03:36:14
77,-9,0,2023-01-24 05:05:45
77,-7,1,2023-01-25 14:19:29
77,-7,0,2023-01-28 07:47:53
77,3,1,2023-02-01 12:14:50
77,6,0,2023-02-02 22:12:36
77,-10,1,2023-02-07 19:04:51
77,1,0,2023-02-15 15:40:04
77,4,1,2023-02-16 23:03:15
77,6,0,2023-02-17 05:46:19
77,5,1,2023-03-04 08:49:41
77,7,0,2023-03-20 14:37:00
77,-9,1,2023-03-21 01:30:35
77,-8,0,2023-03-21 16:11:24
77,6,1,2023-03-22 13:18:29
77,-1,0,2023-03-29 03:40:36
77,-1,1,2023-03-31 15:41:55
77,-1,0,2023-04-06 11:48:15
77,-4,1,2023-04-14 02:02:50
77,-10,0,2023-04-23 20:53:09
77,-7,1,2023-04-23 20:57:39
77,-3,0,2023-04-25 09:09:09
77,-2,1,2023-04-27 11:43:11
77,-7,0,2023-04-27 20:57:49
77,7,1,2023-05-04 23:31:42
77,-7,0,2023-05-13 15:06:31
77,-3,1,2023-05-13 19:55:32
77,-10,0,2023-05-15 14:17:35
77,6,1,2023-05-21 08:05:24
77,2,0,2023-05-21 12:11:16
77,1,1,2023-05-24 04:32:36
77,7,0,2023-05-24 16:20:48
77,4,1,2023-05-27 14:29:02
77,-10,0,2023-06-26 20:38:41
77,5,1,2023-07-05 16:29:32
77,0,0,2023-07-07 00:54:31
77,-7,1,2023-07-14 17:22:20
77,-7,0,2023-07-16 21:42:12
77,-9,1,2023-07-31 06:42:49
77,-4,0,2023-08-04 21:30:49
77,-1,1,2023-08-10 16:38:11
77,-6,0,2023-08-12 09:53:53
77,-2,1,2023-08-13 23:48:40
77,-6,0,2023-08-22 21:05:29
77,-7,1,2023-08-24 10:00:42
77,-1,0,2023-08-24 19:07:47
77,0,1,2023-08-26 08:51:14
77,0,0,2023-08-27 23:23:38
77,2,1,2023-08-29 15:48:30
77,1,0,2023-08-29 17:33:22
77,-2,1,2023-09-02 10:16:44
77,4,0,2023-09-03 22:13:40
77,-5,1,2023-09-05 13:40:28
77,-6,0,2023-09-07 22:00:07
77,-1,1,2023-09-08 01:59:08
77,-1,0,2023-09-13 04:33:21
77,8,1,2023-09-13 19:39:58
77,9,0,2023-09-16 08:08:03
77,-4,1,2023-10-06 20:31:43
77,-7,0,2023-10-07 02:14:39
77,-2,1,2023-10-11 03:29:12
77,9,0,2023-10-11 03:32:26
77,-6,1,2023-10-12 09:08:01
77,-8,0,2023-10-12 16:41:11
77,3,1,2023-10-20 09:21:37
77,5,0,2023-10-23 13:42:11
77,2,1,2023-10-23 14:23:10
77,-2,0,2023-11-10 21:40:35
77,1,1,2023-11-11 09:26:57
77,-9,0,2023-12-06 18:07:58
77,-5,1,2023-12-11 18:45:24
77,-1,0,2023-12-19 10:08:23
77,-10,1,2023-12-20 05:01:46
77,7,0,2023-12-26 16:09:31
77,-10,1,2023-12-29 13:37:59
77,2,0,2023-12-31 14:13:25
77,-6,1,2023-12-31 15:12:17
77,-7,0,2024-01-05 16:35:44
77,-8,1,2024-01-07 01:24:06
77,-4,0,2024-01-15 18:45:34
77,2,1,2024-01-22 04:21:12
77,-4,0,2024-01-30 21:28:44
77,-10,1,2024-02-10 22:18:17
77,-4,0,2024-02-11 18:53:29
77,1,1,2024-02-12 19:48:33
77,-3,0,2024-02-13 01:47:17
77,2,1,2024-02-13 01:50:24
77,-8,0,2024-02-17 15:53:56
77,-9,1,2024-02-25 10:14:40
77,-4,0,2024-02-27 07:40:38
77,-5,1,2024-02-28 22:12:52
77,6,0,2024-03-03 09:12:00
77,-5,1,2024-03-05 11:30:47
77,8,0,2024-03-10 14:39:03
77,0,1,2024-03-12 07:26:52
77,-6,0,2024-03-14 01:10:09
77,1,1,2024-03-22 02:50:33
77,0,0,2024-04-06 15:15:45
77,9,1,2024-04-11 01:17:25
77,-8,0,2024-04-11 03:54:44
77,-4,1,2024-04-13 18:00:37
77,-2,0,2024-04-14 23:26:06
77,0,1,2024-04-20 15:00:35
77,-9,0,2024-04-27 23:10:51
77,5,1,2024-04-29 03:16:16
77,-1,0,2024-05-09 21:46:30
77,5,1,2024-05-10 06:57:58
77,-6,0,2024-05-11 07:50:22
77,3,1,2024-05-12 22:23:03
77,-5,0,2024-05-24 19:11:15
77,-4,1,2024-06-03 20:38:35
77,-10,0,2024-06-04 09:52:50
77,6,1,2024-06-16 04:16:54
77,-1,0,2024-06-23 20:57:54
77,-3,1,2024-06-25 01:47:30
77,8,0,2024-06-25 12:27:08
77,-1,1,2024-07-07 06:44:39
77,-4,0,2024-07-08 19:33:32
77,-7,1,2024-07-09 06:03:07
77,6,0,2024-07-11 15:28:25
77,2,1,2024-07-15 01:36:10
77,1,0,2024-07-16 14:34:01
77,-1,1,2024-07-18 18:20:30
77,-3,0,2024-07-22 01:06:03
77,8,1,2024-07-23 00:09:20
77,7,0,2024-07-29 23:43:30
77,0,1,2024-08-02 15:40:42
77,-7,0,2024-08-02 23:45:27
77,6,1,2024-08-11 10:55:02
77,8,0,2024-08-13 08:12:32
77,-6,1,2024-08-27 02:15:36
77,8,0,2024-08-27 12:33:56
77,8,1,2024-09-01 06:42:16
77,8,0,2024-09-01 08:07:12
77,8,1,2024-09-07 06:02:53
77,5,0,2024-09-13 05:29:37
77,-10,1,2024-09-15 22:51:36
77,-9,0,2024-09-20 12:53:47
77,-9,1,2024-09-24 16:18:20
77,0,0,2024-09-25 08:06:05
77,4,1,2024-09-29 01:53:35
78,-7,0,2023-01-02 04:19:05
78,1,1,2023-01-03 05:09:02
78,5,0,2023-01-04 05:40:20
78,-5,1,2023-01-04 17:30:45
78,0,0,2023-01-05 02:09:15
78,-9,1,2023-01-05 23:14:07
78,5,0,2023-01-13 10:52:50
78,9,1,2023-01-25 08:03:18
78,6,0,2023-01-26 14:16:03
78,-8,1,2023-01-31 01:12:09
78,2,0,2023-02-01 18:22:07
78,-3,1,2023-02-09 23:27:19
78,-7,0,2023-02-11 01:12:38
78,1,1,2023-02-14 02:28:53
78,-9,0,2023-02-19 07:22:40
78,6,1,2023-02-23 16:55:28
78,8,0,2023-02-25 17:43:03
78,5,1,2023-02-27 13:06:58
78,-8,0,2023-03-01 12:38:19
78,6,1,2023-03-11 00:27:15
78,-1,0,2023-03-17 14:16:59
78,-10,1,2023-03-22 14:24:30
78,6,0,2023-03-26 19:50:20
78,-6,1,2023-04-05 10:23:42
78,-1,0,2023-04-10 17:04:24
78,-8,1,2023-04-14 13:38:04
78,-4,0,2023-04-19 12:55:28
78,0,1,2023-04-21 00:22:28
78,-7,0,2023-05-03 22:59:00
78,0,1,2023-06-04 22:19:41
78,4,0,2023-06-05 04:11:08
78,6,1,2023-06-05 10:33:06
78,7,0,2023-06-09 00:07:35
78,-3,1,2023-06-12 13:23:25
78,6,0,2023-06-16 04:25:14
78,-4,1,2023-06-18 13:53:18
78,8,0,2023-06-24 13:25:49
78,-2,1,2023-06-27 04:46:52
78,3,0,2023-06-28 14:56:33
78,0,1,2023-06-29 14:11:14
78,5,0,2023-07-12 23:37:22
78,0,1,2023-07-13 07:39:37
78,7,0,2023-07-15 17:01:02
78,-3,1,2023-07-17 14:58:06
78,-4,0,2023-07-24 17:28:59
78,7,1,2023-07-27 02:24:38
78,6,0,2023-07-27 16:17:20
78,6,1,2023-08-02 04:46:03
78,-2,0,2023-08-03 14:52:31
78,6,1,2023-08-06 16:49:33
78,-9,0,2023-08-11 07:11:35
78,2,1,2023-08-12 00:27:24
78,-9,0,2023-08-14 09:18:40
78,-4,1,2023-08-14 21:10:10
78,6,0,2023-08-19 04:36:49
78,4,1,2023-08-31 08:02:02
78,4,0,2023-09-05 10:29:13
78,-6,1,2023-09-08 14:27:57
78,-8,0,2023-09-09 01:34:06
78,-5,1,2023-09-12 04:12:20
78,-1,0,2023-09-12 08:15:31
78,-6,1,2023-09-12 11:50:51
78,-2,0,2023-10-07 21:54:26
78,6,1,2023-10-15 05:10:26
78,6,0,2023-10-16 01:36:15
78,-2,1,2023-10-19 16:23:52
78,-1,0,2023-10-30 15:51:43
78,1,1,2023-11-05 14:15:44
78,5,0,2023-11-09 19:04:16
78,8,1,2023-11-12 12:02:21
78,-2,0,2023-11-13 00:48:41
78,6,1,2023-11-13 07:10:44
78,-6,0,2023-11-15 06:25:17
78,2,1,2023-11-17 16:19:38
78,4,0,2023-11-20 07:30:44
78,-9,1,2023-11-24 02:14:31
78,0,0,2023-11-29 02:51:55
78,2,1,2023-12-02 04:11:33
78,-3,0,2023-12-13 04:44:27
78,0,1,2023-12-27 02:40:54
78,-3,0,2023-12-30 03:35:19
78,5,1,2023-12-30 05:18:52
78,9,0,2024-01-07 18:09:15
78,-3,1,2024-01-09 20:34:01
78,0,0,2024-01-21 23:06:49
78,7,1,2024-01-22 04:06:53
78,3,0,2024-01-23 21:56:49
78,9,1,2024-01-24 01:38:55
78,-8,0,2024-01-28 19:56:40
78,-8,1,2024-01-30 00:08:52
78,-8,0,2024-02-14 18:27:10
78,-1,1,2024-02-18 12:35:23
78,4,0,2024-02-20 01:05:08
78,7,1,2024-02-20 05:52:58
78,4,0,2024-02-26 19:31:08
78,-9,1,2024-02-29 11:46:45
78,1,0,2024-03-05 04:28:55
78,-1,1,2024-03-05 09:12:15
78,3,0,2024-03-08 01:59:55
78,1,1,2024-03-12 05:52:32
78,-10,0,2024-03-18 02:53:45
78,4,1,2024-03-27 17:21:05
78,-9,0,2024-04-26 10:48:33
78,3,1,2024-04-26 18:12:03
78,3,0,2024-04-29 15:06:18
78,-3,1,2024-05-02 16:30:06
78,-5,0,2024-05-03 19:46:21
78,-1,1,2024-05-07 06:02:52
78,0,0,2024-05-09 18:31:22
78,0,1,2024-05-10 13:29:07
78,-7,0,2024-05-10 19:18:25
78,-8,1,2024-05-20 16:58:30
78,7,0,2024-05-26 10:53:50
78,-7,1,2024-05-27 17:22:38
78,-8,0,2024-05-30 19:46:40
78,3,1,2024-05-30 23:41:03
78,-9,0,2024-06-09 20:02:22
78,-3,1,2024-06-12 07:37:17
78,-7,0,2024-06-21 03:13:23
78,1,1,2024-06-23 02:52:23
78,-8,0,2024-06-23 19:48:52
78,-7,1,2024-07-06 13:42:23
78,1,0,2024-07-07 02:35:57
78,6,1,2024-07-19 14:28:20
78,-10,0,2024-07-21 03:50:29
78,-3,1,2024-07-23 14:41:05
78,-4,0,2024-07-23 15:24:46
78,-3,1,2024-07-25 02:31:31
78,0,0,2024-08-04 20:44:28
78,-3,1,2024-08-06 10:24:28
78,2,0,2024-08-16 23:04:18
78,6,1,2024-08-21 12:19:39
78,4,0,2024-08-30 07:38:55
78,-3,1,2024-09-13 18:12:44
78,7,0,2024-09-21 22:11:11
78,7,1,2024-09-30 05:47:55
79,-9,0,2023-01-08 00:06:51
79,-6,1,2023-01-21 04:24:44
79,-2,0,2023-01-29 01:56:08
79,-7,1,2023-01-29 03:44:48
79,8,0,2023-02-07 04:16:20
79,4,1,2023-02-07 21:06:21
79,-7,0,2023-02-09 06:19:46
79,-10,1,2023-02-10 17:22:14
79,4,0,2023-02-11 06:40:09
79,-7,1,2023-02-13 05:44:25
79,-4,0,2023-02-14 16:36:15
79,5,1,2023-02-14 22:04:50
79,-5,0,2023-02-14 22:55:49
79,-4,1,2023-02-17 07:29:08
79,-3,0,2023-02-17 22:42:53
79,5,1,2023-02-18 11:09:21
79,-9,0,2023-02-21 04:09:42
79,8,1,2023-02-27 13:51:08
79,9,0,2023-02-28 18:02:07
79,7,1,2023-03-09 01:00:46
79,-1,0,2023-03-11 14:59:16
79,6,1,2023-03-13 21:16:40
79,9,0,2023-03-27 00:48:45
79,9,1,2023-04-02 11:25:30
79,-6,0,2023-04-09 01:10:54
79,-3,1,2023-04-09 16:21:53
79,7,0,2023-04-15 05:35:00
79,0,1,2023-04-17 07:49:36
79,3,0,2023-04-18 19:13:24
79,2,1,2023-04-20 21:11:23
79,-5,0,2023-04-22 16:26:10
79,-8,1,2023-04-24 05:48:27
79,-1,0,2023-04-25 23:09:40
79,0,1,2023-05-02 01:47:37
79,5,0,2023-05-03 04:24:16
79,-9,1,2023-05-09 17:02:35
79,7,0,2023-05-12 14:34:21
79,7,1,2023-05-22 01:00:29
79,-2,0,2023-05-26 02:30:01
79,-6,1,2023-05-28 14:28:28
79,9,0,2023-06-10 12:26:47
79,-1,1,2023-06-16 09:09:32
79,3,0,2023-06-19 19:54:06
79,7,1,2023-06-20 16:34:53
79,-6,0,2023-06-26 22:00:34
79,6,1,2023-06-27 00:00:47
79,5,0,2023-07-03 10:03:42
79,2,1,2023-07-06 19:00:54
79,4,0,2023-07-11 06:29:06
79,9,1,2023-07-13 03:15:43
79,3,0,2023-07-14 01:47:35
79,1,1,2023-07-14 16:04:18
79,-5,0,2023-07-15 09:24:07
79,-8,1,2023-07-16 13:58:01
79,0,0,2023-07-18 06:11:45
79,3,1,2023-07-24 03:56:57
79,6,0,2023-07-24 22:49:26
79,-6,1,2023-07-27 21:37:01
79,2,0,2023-07-29 18:48:00
79,-10,1,2023-07-31 07:42:44
79,-2,0,2023-08-15 18:18:36
79,9,1,2023-08-17 18:50:06
79,4,0,2023-08-29 05:15:56
79,-7,1,2023-09-01 17:44:16
79,7,0,2023-09-03 07:20:08
79,-2,1,2023-09-04 19:24:10
79,7,0,2023-09-12 03:04:32
79,-1,1,2023-09-17 13:49:06
79,-9,0,2023-09-18 11:37:05
79,-9,1,2023-09-22 11:11:59
79,-10,0,2023-10-07 14:11:30
79,-4,1,2023-10-08 11:37:39
79,-2,0,2023-10-11 10:27:05
79,-10,1,2023-10-22 17:51:00
79,-5,0,2023-10-24 16:09:15
79,-1,1,2023-10-26 23:34:40
79,-3,0,2023-10-30 01:44:58
79,-2,1,2023-10-31 04:20:06
79,3,0,2023-11-09 13:49:48
79,4,1,2023-11-13 02:17:08
79,8,0,2023-11-16 05:43:32
79,6,1,2023-11-17 22:48:35
79,-8,0,2023-11-18 00:17:32
79,-1,1,2023-11-24 16:33:36
79,-1,0,2023-12-05 03:15:56
79,6,1,2023-12-05 21:19:51
79,0,0,2023-12-09 21:26:45
79,1,1,2023-12-11 22:56:44
79,3,0,2023-12-22 08:08:27
79,9,1,2023-12-24 15:45:33
79,-6,0,2023-12-30 19:44:47
79,-2,1,2024-01-03 04:02:42
79,-3,0,2024-01-06 04:11:01
79,0,1,2024-01-07 20:28:16
79,3,0,2024-01-10 04:30:37
79,-7,1,2024-01-13 09:10:56
79,4,0,2024-01-17 09:17:46
79,1,1,2024-01-19 13:32:39
79,1,0,2024-01-21 16:14:44
79,5,1,2024-01-24 09:14:20
79,6,0,2024-01-29 15:21:51
79,7,1,2024-01-31 17:25:07
79,-10,0,2024-02-02 01:10:45
79,-9,1,2024-02-02 11:19:42
79,1,0,2024-02-05 10:30:42
79,4,1,2024-02-16 20:36:35
79,6,0,2024-02-18 00:22:10
79,3,1,2024-02-20 21:51:36
79,-9,0,2024-02-24 19:14:35
79,9,1,2024-02-28 18:13:08
79,-3,0,2024-02-29 12:43:32
79,4,1,2024-03-01 06:37:05
79,3,0,2024-03-03 09:13:33
79,5,1,2024-03-09 05:30:53
79,-3,0,2024-03-10 17:37:39
79,0,1,2024-03-14 01:41:13
79,0,0,2024-03-20 11:22:23
79,3,1,2024-03-25 07:18:09
79,0,0,2024-03-25 09:28:43
79,3,1,2024-03-26 09:59:34
79,-2,0,2024-03-31 22:22:26
79,-3,1,2024-04-07 08:26:35
79,-9,0,2024-04-15 20:45:53
79,7,1,2024-04-16 02:05:39
79,0,0,2024-04-18 16:50:51
79,-10,1,2024-04-24 00:40:48
79,7,0,2024-04-25 07:24:35
79,3,1,2024-04-26 00:22:13
79,-4,0,2024-04-28 06:27:07
79,3,1,2024-04-28 17:16:03
79,5,0,2024-05-01 21:15:22
79,-9,1,2024-05-05 16:26:47
79,2,0,2024-05-09 20:33:49
79,-10,1,2024-05-11 04:04:48
79,-10,0,2024-05-18 04:39:48
79,-9,1,2024-05-20 00:13:34
79,-10,0,2024-05-21 04:05:40
79,4,1,2024-05-23 07:45:04
79,0,0,2024-05-24 22:04:11
79,0,1,2024-05-26 22:52:11
79,6,0,2024-06-03 13:44:38
79,-3,1,2024-06-09 20:25:25
79,-2,0,2024-06-11 01:55:05
79,-6,1,2024-06-12 04:24:07
79,8,0,2024-06-24 11:33:26
79,3,1,2024-06-25 13:03:45
79,2,0,2024-06-27 16:30:54
79,0,1,2024-07-01 09:03:23
79,1,0,2024-07-04 02:50:24
79,1,1,2024-07-09 21:39:15
79,-1,0,2024-07-11 15:41:36
79,8,1,2024-07-17 12:51:48
79,9,0,2024-07-17 14:37:05
79,-6,1,2024-07-24 14:33:43
79,-8,0,2024-07-25 06:04:49
79,6,1,2024-07-28 06:02:05
79,-4,0,2024-07-31 09:20:57
79,-6,1,2024-07-31 17:00:12
79,-9,0,2024-08-02 17:38:39
79,5,1,2024-08-05 04:52:36
79,6,0,2024-08-08 08:58:43
79,1,1,2024-08-20 13:39:57
79,0,0,2024-08-21 05:16:32
79,7,1,2024-08-22 15:24:50
79,0,0,2024-08-24 14:46:23
79,-1,1,2024-08-28 21:57:58
79,2,0,2024-09-01 16:14:11
79,9,1,2024-09-02 04:39:40
79,-4,0,2024-09-04 14:28:30
79,1,1,2024-09-19 18:29:31
79,-9,0,2024-09-22 09:00:38
79,0,1,2024-09-30 01:07:50
80,-1,0,2023-01-01 16:17:13
80,1,1,2023-01-14 20:50:43
80,9,0,2023-01-15 20:21:28
80,0,1,2023-01-18 02:13:42
80,4,0,2023-01-19 05:06:44
80,0,1,2023-01-28 06:00:03
80,-4,0,2023-01-30 19:05:12
80,-4,1,2023-02-04 22:58:08
80,-5,0,2023-02-07 06:20:47
80,-1,1,2023-02-11 21:29:49
80,7,0,2023-02-16 21:10:57
80,-9,1,2023-02-21 08:51:16
80,-5,0,2023-02-21 12:53:39
80,-5,1,2023-03-01 00:29:25
80,-9,0,2023-03-01 21:39:43
80,5,1,2023-03-10 16:19:38
80,-1,0,2023-03-18 14:32:45
80,-5,1,2023-03-22 17:41:58
80,3,0,2023-03-30 22:07:17
80,-4,1,2023-04-02 04:44:07
80,-10,0,2023-04-08 10:48:40
80,0,1,2023-04-10 12:47:46
80,-3,0,2023-04-14 04:12:14
80,3,1,2023-04-15 00:58:33
80,5,0,2023-04-15 03:32:56
80,0,1,2023-04-20 16:11:15
80,9,0,2023-04-21 03:46:35
80,-4,1,2023-04-26 21:04:24
80,-7,0,2023-04-30 12:21:56
80,-2,1,2023-05-01 14:56:37
80,-8,0,2023-05-05 20:09:12
80,4,1,2023-05-09 19:07:06
80,-7,0,2023-05-14 04:15:56
80,7,1,2023-05-14 12:54:51
80,-3,0,2023-05-17 08:10:24
80,-1,1,2023-05-21 11:15:14
80,9,0,2023-05-26 10:21:55
80,9,1,2023-06-06 07:27:40
80,-6,0,2023-06-13 04:42:48
80,-10,1,2023-06-17 15:31:36
80,-6,0,2023-06-22 05:29:08
80,1,1,2023-06-23 04:17:35
80,3,0,2023-06-29 02:50:10
80,5,1,2023-07-06 14:57:05
80,-2,0,2023-07-14 11:39:37
80,3,1,2023-07-15 22:52:03
80,-4,0,2023-07-16 04:14:41
80,6,1,2023-07-20 08:08:20
80,2,0,2023-07-20 13:07:07
80,-1,1,2023-07-21 21:04:03
80,-9,0,2023-07-25 21:21:26
80,5,1,2023-08-02 19:13:02
80,7,0,2023-08-04 15:21:48
80,9,1,2023-08-10 18:08:36
80,1,0,2023-08-10 18:30:17
80,-1,1,2023-08-11 15:38:34
80,-6,0,2023-08-20 12:52:08
80,8,1,2023-08-22 06:04:14
80,-4,0,2023-08-22 16:42:44
80,9,1,2023-08-28 00:23:34
80,5,0,2023-08-28 18:25:54
80,-3,1,2023-09-07 10:33:07
80,-9,0,2023-09-10 17:37:28
80,-10,1,2023-09-12 11:07:20
80,2,0,2023-09-25 19:14:56
80,8,1,2023-09-29 22:47:10
80,1,0,2023-10-04 05:09:13
80,-4,1,2023-10-04 15:08:02
80,2,0,2023-10-07 00:25:59
80,3,1,2023-10-12 09:00:04
80,-9,0,2023-10-12 13:52:10
80,-4,1,2023-10-13 04:49:43
80,5,0,2023-10-18 04:39:57
80,-3,1,2023-10-19 08:08:58
80,9,0,2023-10-25 11:07:44
80,-5,1,2023-10-31 19:42:37
80,3,0,2023-11-08 00:31:37
80,-7,1,2023-11-19 20:44:53
80,4,0,2023-11-27 19:38:04
80,-3,1,2023-11-27 23:07:53
80,-6,0,2023-11-30 12:19:00
80,9,1,2023-12-10 01:54:38
80,-9,0,2023-12-13 01:26:56
80,-9,1,2023-12-14 20:47:07
80,-6,0,2023-12-16 16:43:59
80,-1,1,2023-12-18 18:15:56
80,-4,0,2023-12-21 21:37:24
80,1,1,2023-12-24 04:46:54
80,-8,0,2023-12-31 13:52:10
80,3,1,2024-01-02 03:14:41
80,5,0,2024-01-03 17:31:33
80,1,1,2024-01-14 01:17:50
80,-6,0,2024-01-15 08:47:24
80,7,1,2024-01-17 14:11:34
80,9,0,2024-01-28 20:54:43
80,9,1,2024-01-31 23:09:31
80,-5,0,2024-02-06 17:18:12
80,-7,1,2024-02-06 22:52:15
80,-1,0,2024-02-13 14:14:29
80,-10,1,2024-03-01 13:19:17
80,-4,0,2024-03-02 02:01:51
80,-9,1,2024-03-02 10:30:06
80,-10,0,2024-03-03 00:18:49
80,-6,1,2024-03-04 22:55:23
80,-9,0,2024-03-07 16:35:15
80,-1,1,2024-03-09 19:32:24
80,-6,0,2024-03-11 04:18:31
80,9,1,2024-03-13 08:03:26
80,3,0,2024-03-16 05:52:37
80,1,1,2024-03-21 03:36:21
80,-10,0,2024-03-23 22:00:41
80,0,1,2024-03-31 00:55:48
80,-5,0,2024-04-08 10:45:58
80,-4,1,2024-04-12 01:12:03
80,2,0,2024-04-19 00:18:55
80,-10,1,2024-04-23 06:33:16
80,-9,0,2024-04-27 08:53:31
80,-2,1,2024-05-02 02:59:28
80,9,0,2024-05-09 17:12:21
80,1,1,2024-05-11 03:14:29
80,-8,0,2024-05-14 12:09:23
80,7,1,2024-05-15 13:22:34
80,2,0,2024-05-16 12:12:31
80,-8,1,2024-05-18 02:35:30
80,-9,0,2024-06-20 10:26:21
80,-3,1,2024-06-26 14:30:20
80,3,0,2024-07-12 20:42:38
80,6,1,2024-07-20 01:24:27
80,-10,0,2024-07-21 10:29:32
80,0,1,2024-07-29 07:12:13
80,5,0,2024-08-04 23:54:14
80,-7,1,2024-08-05 14:39:11
80,-4,0,2024-08-08 11:46:42
80,7,1,2024-08-12 04:06:52
80,9,0,2024-08-16 16:04:49
80,-6,1,2024-08-23 07:01:29
80,-1,0,2024-09-01 13:25:10
80,0,1,2024-09-02 15:44:58
80,5,0,2024-09-08 06:56:42
80,-8,1,2024-09-08 13:16:34
80,-5,0,2024-09-09 17:13:35
80,1,1,2024-09-12 23:27:10
80,-3,0,2024-09-15 16:09:20
80,-7,1,2024-09-18 00:51:34
80,-2,0,2024-09-24 09:17:21
80,1,1,2024-09-24 22:08:53
80,-9,0,2024-09-28 11:55:50
81,-5,1,2023-01-03 00:08:38
81,6,0,2023-01-06 06:37:48
81,2,1,2023-01-07 22:37:53
81,-3,0,2023-01-11 21:56:33
81,4,1,2023-01-25 21:31:31
81,7,0,2023-01-30 11:56:21
81,-2,1,2023-02-01 16:16:04
81,-2,0,2023-02-07 06:54:43
81,-3,1,2023-02-16 04:45:26
81,-7,0,2023-02-18 01:33:05
81,-2,1,2023-02-19 08:40:20
81,8,0,2023-02-27 03:11:58
81,-6,1,2023-02-28 17:15:23
81,2,0,2023-02-28 21:08:06
81,6,1,2023-03-02 23:35:18
81,-6,0,2023-03-09 06:25:03
81,6,1,2023-03-13 22:02:10
81,-10,0,2023-04-01 14:05:24
81,3,1,2023-04-06 17:08:55
81,4,0,2023-04-19 16:41:36
81,-7,1,2023-04-20 03:51:28
81,-7,0,2023-04-25 18:39:38
81,-7,1,2023-04-26 21:13:32
81,-4,0,2023-05-04 13:45:59
81,5,1,2023-05-07 19:23:45
81,2,0,2023-05-09 17:14:39
81,-9,1,2023-05-11 13:51:02
81,-9,0,2023-05-16 18:06:24
81,6,1,2023-05-17 12:53:18
81,-1,0,2023-05-18 23:17:19
81,-1,1,2023-05-19 01:59:37
81,-1,0,2023-05-25 01:53:28
81,0,1,2023-05-25 15:39:11
81,-4,0,2023-05-29 10:10:13
81,4,1,2023-06-20 05:09:15
81,-1,0,2023-07-02 11:26:54
81,-8,1,2023-07-02 11:51:50
81,-3,0,2023-07-03 22:36:18
81,1,1,2023-07-20 09:19:16
81,1,0,2023-07-22 11:07:50
81,5,1,2023-07-26 17:22:27
81,9,0,2023-07-31 22:58:59
81,7,1,2023-08-04 00:51:18
81,8,0,2023-08-20 01:09:43
81,4,1,2023-08-30 12:22:53
81,-9,0,2023-09-01 10:13:25
81,5,1,2023-09-02 02:16:49
81,-3,0,2023-09-08 09:17:55
81,-4,1,2023-09-09 13:18:12
81,5,0,2023-09-22 01:38:36
81,-7,1,2023-09-30 21:31:43
81,-4,0,2023-10-02 22:14:22
81,1,1,2023-10-03 22:06:49
81,6,0,2023-10-10 05:30:25
81,7,1,2023-10-17 13:27:40
81,6,0,2023-10-18 01:19:24
81,0,1,2023-10-30 07:26:30
81,8,0,2023-11-02 16:00:34
81,-9,1,2023-11-08 05:06:28
81,-5,0,2023-11-08 16:18:17
81,-2,1,2023-12-06 02:38:18
81,5,0,2023-12-07 00:42:20
81,-1,1,2023-12-11 17:39:22
81,-5,0,2023-12-17 03:43:39
81,3,1,2023-12-18 16:56:47
81,-9,0,2023-12-20 02:39:22
81,-5,1,2023-12-21 17:25:50
81,6,0,2023-12-25 18:07:51
81,2,1,2023-12-31 09:26:53
81,-1,0,2024-01-02 08:51:10
81,-3,1,2024-01-08 13:26:41
81,4,0,2024-01-09 13:59:38
81,-5,1,2024-01-21 18:07:13
81,-9,0,2024-01-21 18:45:33
81,-4,1,2024-01-24 02:30:49
81,-3,0,2024-01-24 17:53:48
81,6,1,2024-01-26 14:12:39
81,-3,0,2024-01-30 10:45:01
81,-10,1,2024-02-01 21:58:13
81,-1,0,2024-02-03 00:08:36
81,1,1,2024-02-05 09:28:56
81,-9,0,2024-02-07 12:49:17
81,4,1,2024-02-11 22:46:54
81,7,0,2024-02-27 19:36:25
81,-3,1,2024-02-28 22:04:14
81,2,0,2024-03-14 13:41:34
81,9,1,2024-03-15 19:58:45
81,-3,0,2024-03-18 11:38:39
81,6,1,2024-03-21 15:12:50
81,-4,0,2024-03-27 04:55:11
81,-9,1,2024-03-29 20:53:26
81,-7,0,2024-04-03 17:01:35
81,-6,1,2024-04-06 05:10:52
81,-9,0,2024-04-08 08:54:40
81,8,1,2024-04-10 15:33:15
81,-2,0,2024-04-18 00:22:09
81,-6,1,2024-04-21 04:12:08
81,-3,0,2024-04-21 10:08:52
81,-5,1,2024-05-02 06:59:49
81,-8,0,2024-05-04 11:55:54
81,-1,1,2024-05-04 12:12:16
81,-3,0,2024-05-07 07:58:46
81,-7,1,2024-05-19 19:45:48
81,9,0,2024-05-20 04:00:29
81,3,1,2024-05-25 19:40:05
81,3,0,2024-06-02 05:58:45
81,6,1,2024-06-02 11:41:48
81,-5,0,2024-06-06 05:46:44
81,9,1,2024-06-08 22:17:44
81,-2,0,2024-06-09 05:32:03
81,0,1,2024-06-10 01:47:44
81,-2,0,2024-06-12 07:57:25
81,2,1,2024-06-18 16:31:23
81,-7,0,2024-06-19 02:31:51
81,8,1,2024-06-22 23:53:32
81,2,0,2024-06-28 00:11:48
81,3,1,2024-07-05 21:20:41
81,3,0,2024-07-11 19:25:04
81,-8,1,2024-07-13 20:08:24
81,2,0,2024-07-20 05:44:57
81,0,1,2024-07-22 00:23:46
81,-10,0,2024-07-23 03:24:53
81,-6,1,2024-07-26 06:25:27
81,-1,0,2024-07-28 00:04:40
81,6,1,2024-07-30 19:40:58
81,0,0,2024-07-30 20:28:14
81,-8,1,2024-08-08 01:36:13
81,9,0,2024-08-08 05:48:46
81,1,1,2024-08-08 17:58:29
81,7,0,2024-08-17 01:01:33
81,2,1,2024-08-18 23:04:14
81,-6,0,2024-08-19 18:32:58
81,-2,1,2024-08-22 00:41:15
81,-2,0,2024-08-27 03:02:50
81,-1,1,2024-08-27 06:21:39
81,5,0,2024-09-02 18:55:07
81,-8,1,2024-09-05 23:25:44
81,-6,0,2024-09-18 21:27:10
81,-8,1,2024-09-19 07:45:40
81,-1,0,2024-09-21 06:18:42
81,1,1,2024-09-22 16:03:33
81,-8,0,2024-09-26 07:00:47
81,2,1,2024-09-27 13:45:28
81,-5,0,2024-09-27 16:24:42
82,6,1,2023-01-01 23:22:10
82,-4,0,2023-01-02 03:57:26
82,7,1,2023-01-05 18:43:53
82,-3,0,2023-01-05 19:29:08
82,-5,1,2023-01-08 18:44:29
82,-5,0,2023-01-13 08:28:00
82,3,1,2023-01-14 03:40:33
82,7,0,2023-01-16 22:01:53
82,9,1,2023-01-19 15:39:12
82,-4,0,2023-01-24 14:45:38
82,-7,1,2023-01-24 15:20:09
82,6,0,2023-01-25 17:48:23
82,-3,1,2023-02-03 22:33:36
82,4,0,2023-02-26 00:44:02
82,-7,1,2023-03-01 12:49:09
82,0,0,2023-03-15 14:42:27
82,7,1,2023-03-18 09:46:07
82,8,0,2023-03-21 01:45:44
82,-8,1,2023-03-23 22:43:25
82,-2,0,2023-03-29 03:04:58
82,2,1,2023-04-01 13:36:04
82,4,0,2023-04-13 06:01:40
82,0,1,2023-04-14 08:37:44
82,-7,0,2023-04-16 01:55:22
82,-1,1,2023-04-21 09:41:28
82,-1,0,2023-04-24 00:09:59
82,7,1,2023-04-27 10:13:43
82,-10,0,2023-05-02 03:49:08
82,-9,1,2023-05-03 01:42:11
82,-1,0,2023-05-10 01:16:35
82,-5,1,2023-05-11 17:59:51
82,-10,0,2023-05-15 03:50:07
82,6,1,2023-05-17 11:24:10
82,0,0,2023-06-03 23:23:14
82,6,1,2023-06-04 08:24:32
82,5,0,2023-06-07 22:26:51
82,8,1,2023-06-11 07:07:33
82,9,0,2023-06-12 11:08:55
82,-9,1,2023-06-13 01:03:44
82,0,0,2023-06-13 06:38:33
82,-7,1,2023-06-14 06:45:34
82,-5,0,2023-06-14 08:03:07
82,6,1,2023-06-14 23:27:31
82,0,0,2023-06-16 21:56:25
82,-1,1,2023-06-19 23:09:27
82,4,0,2023-06-21 14:41:57
82,1,1,2023-06-22 06:47:51
82,-5,0,2023-06-24 20:26:35
82,-2,1,2023-07-01 07:53:30
82,-6,0,2023-07-02 15:09:23
82,-9,1,2023-07-12 06:16:27
82,4,0,2023-07-15 16:38:23
82,-4,1,2023-07-17 10:17:35
82,3,0,2023-07-18 03:05:31
82,8,1,2023-07-20 19:03:04
82,3,0,2023-07-21 14:20:44
82,-4,1,2023-07-22 12:01:02
82,6,0,2023-07-24 13:39:02
82,7,1,2023-07-24 16:55:42
82,-5,0,2023-07-29 05:17:55
82,-7,1,2023-08-06 01:52:39
82,-7,0,2023-08-09 10:12:28
82,6,1,2023-08-09 13:11:22
82,7,0,2023-08-10 02:15:22
82,5,1,2023-08-13 20:22:53
82,-6,0,2023-08-15 08:21:30
82,-3,1,2023-08-15 13:52:33
82,-4,0,2023-08-16 15:50:55
82,2,1,2023-08-22 01:54:53
82,-6,0,2023-08-22 03:31:29
82,-7,1,2023-09-09 11:15:30
82,-7,0,2023-09-12 08:13:09
82,7,1,2023-09-15 02:58:12
82,-5,0,2023-09-17 04:24:19
82,1,1,2023-09-18 16:02:31
82,-4,0,2023-09-21 13:21:43
82,-3,1,2023-09-22 15:04:38
82,3,0,2023-09-23 09:25:18
82,9,1,2023-09-23 16:57:25
82,-1,0,2023-09-25 19:07:31
82,4,1,2023-09-26 09:11:45
82,-5,0,2023-09-27 12:40:47
82,9,1,2023-09-28 18:34:00
82,-5,0,2023-09-28 21:39:35
82,9,1,2023-09-29 06:25:17
82,-3,0,2023-10-01 07:05:10
82,-9,1,2023-10-02 12:34:55
82,-2,0,2023-10-02 23:11:59
82,-3,1,2023-10-03 05:02:49
82,-2,0,2023-10-03 06:43:51
82,-4,1,2023-10-18 16:24:14
82,1,0,2023-10-25 14:03:24
82,3,1,2023-11-01 19:33:45
82,8,0,2023-11-02 19:08:38
82,-7,1,2023-11-07 16:38:09
82,6,0,2023-11-08 09:55:26
82,2,1,2023-11-14 00:09:21
82,-3,0,2023-11-19 11:40:54
82,-3,1,2023-11-25 07:06:52
82,-5,0,2023-11-27 10:06:00
82,-4,1,2023-11-28 11:07:41
82,2,0,2023-12-02 20:17:39
82,0,1,2023-12-03 22:55:40
82,-10,0,2023-12-06 02:29:24
82,5,1,2023-12-06 06:55:50
82,0,0,2023-12-10 05:09:39
82,8,1,2023-12-10 21:13:55
82,-7,0,2023-12-14 05:28:51
82,1,1,2023-12-19 22:20:38
82,-9,0,2023-12-22 14:01:06
82,-2,1,2023-12-31 07:25:52
82,1,0,2024-01-07 17:49:22
82,-5,1,2024-01-09 04:17:23
82,6,0,2024-01-12 05:55:20
82,4,1,2024-01-13 11:30:57
82,5,0,2024-01-16 06:24:11
82,-9,1,2024-01-18 03:45:04
82,-1,0,2024-01-26 07:51:26
82,5,1,2024-02-25 00:33:24
82,6,0,2024-02-29 00:59:51
82,5,1,2024-03-07 02:29:41
82,3,0,2024-03-08 18:07:59
82,-4,1,2024-03-14 01:25:29
82,9,0,2024-03-15 02:09:44
82,-3,1,2024-03-17 02:21:15
82,4,0,2024-03-20 18:34:01
82,6,1,2024-03-31 20:19:33
82,-2,0,2024-04-03 20:39:23
82,2,1,2024-04-03 21:06:01
82,8,0,2024-04-07 20:37:11
82,4,1,2024-04-11 12:33:05
82,9,0,2024-04-11 15:49:45
82,-4,1,2024-04-11 22:09:17
82,-6,0,2024-04-15 08:18:51
82,-7,1,2024-04-17 12:25:01
82,6,0,2024-04-20 19:22:39
82,3,1,2024-05-01 17:19:09
82,6,0,2024-05-01 19:21:10
82,-8,1,2024-05-08 07:45:48
82,6,0,2024-05-09 09:13:26
82,2,1,2024-05-15 09:32:59
82,3,0,2024-05-16 15:59:24
82,-5,1,2024-05-19 06:09:38
82,4,0,2024-05-19 15:58:16
82,-1,1,2024-05-26 07:53:53
82,2,0,2024-06-09 11:11:01
82,-7,1,2024-06-21 00:36:22
82,7,0,2024-06-24 03:23:32
82,2,1,2024-06-30 23:29:10
82,6,0,2024-07-04 16:02:17
82,8,1,2024-07-05 05:20:51
82,-2,0,2024-07-09 02:58:13
82,8,1,2024-07-09 11:36:34
82,2,0,2024-07-20 00:25:23
82,1,1,2024-07-20 21:27:56
82,6,0,2024-07-23 22:18:36
82,5,1,2024-07-23 23:32:05
82,3,0,2024-07-29 02:19:15
82,9,1,2024-07-31 07:30:21
82,-2,0,2024-08-01 16:39:44
82,-1,1,2024-08-02 02:26:25
82,-1,0,2024-08-04 00:12:16
82,-7,1,2024-08-04 19:46:12
82,6,0,2024-08-10 02:50:02
82,-9,1,2024-08-11 05:38:09
82,-10,0,2024-08-12 10:07:20
82,4,1,2024-08-13 02:39:53
82,-3,0,2024-08-25 22:00:20
82,1,1,2024-08-26 11:59:45
82,4,0,2024-08-26 20:26:35
82,-4,1,2024-09-03 05:08:08
82,8,0,2024-09-04 16:59:19
82,-9,1,2024-09-07 00:09:24
82,5,0,2024-09-11 07:21:28
82,-3,1,2024-09-14 00:00:53
82,-5,0,2024-09-17 18:05:45
83,-5,1,2023-01-16 22:29:30
83,6,0,2023-01-19 22:43:43
83,5,1,2023-01-21 00:29:00
83,-7,0,2023-01-22 18:16:40
83,-5,1,2023-01-26 06:38:25
83,-7,0,2023-01-27 22:39:25
83,-1,1,2023-01-30 08:19:03
83,-1,0,2023-01-31 03:18:17
83,-7,1,2023-02-02 08:31:14
83,-4,0,2023-02-08 08:51:21
83,-8,1,2023-02-12 03:37:14
83,5,0,2023-02-16 14:07:26
83,7,1,2023-02-18 15:31:44
83,2,0,2023-02-19 04:51:09
83,0,1,2023-02-19 14:08:09
83,-2,0,2023-02-20 01:33:05
83,-7,1,2023-02-26 23:58:12
83,2,0,2023-03-12 06:57:42
83,-6,1,2023-03-13 07:24:43
83,-4,0,2023-03-14 05:55:14
83,2,1,2023-03-20 02:49:03
83,-1,0,2023-03-20 16:48:24
83,-10,1,2023-03-21 19:47:43
83,3,0,2023-03-25 15:30:01
83,7,1,2023-03-29 12:19:05
83,-7,0,2023-04-10 15:15:06
83,-10,1,2023-04-21 19:55:18
83,-8,0,2023-04-23 10:24:55
83,4,1,2023-04-26 16:12:53
83,-5,0,2023-04-26 17:14:56
83,-10,1,2023-05-01 02:28:37
83,-6,0,2023-05-05 09:10:00
83,-5,1,2023-05-21 10:05:34
83,5,0,2023-05-26 03:19:45
83,-2,1,2023-06-02 21:49:34
83,7,0,2023-06-03 12:15:22
83,0,1,2023-06-06 13:21:28
83,-2,0,2023-06-09 16:26:10
83,8,1,2023-06-10 09:35:04
83,0,0,2023-06-18 04:43:35
83,3,1,2023-06-21 11:05:10
83,-10,0,2023-06-22 04:20:55
83,-4,1,2023-06-29 17:59:36
83,-5,0,2023-07-04 00:30:57
83,5,1,2023-07-04 18:05:53
83,4,0,2023-07-05 13:21:02
83,-6,1,2023-07-10 12:33:59
83,4,0,2023-07-16 21:50:19
83,0,1,2023-07-18 06:08:17
83,-10,0,2023-07-23 05:18:32
83,-5,1,2023-07-23 07:56:24
83,5,0,2023-07-27 23:30:08
83,5,1,2023-07-30 11:19:26
83,-8,0,2023-08-01 12:30:15
83,0,1,2023-08-03 09:24:25
83,-8,0,2023-08-05 19:22:06
83,7,1,2023-08-11 04:46:39
83,4,0,2023-08-18 08:14:04
83,7,1,2023-08-23 12:29:53
83,-6,0,2023-08-23 23:12:26
83,-7,1,2023-09-13 05:33:20
83,8,0,2023-09-13 12:51:56
83,-10,1,2023-09-29 12:11:31
83,2,0,2023-10-05 23:45:19
83,8,1,2023-10-06 02:42:43
83,-5,0,2023-10-09 21:29:45
83,-3,1,2023-10-12 20:42:57
83,-6,0,2023-10-18 09:17:54
83,-7,1,2023-10-23 04:07:52
83,-1,0,2023-10-23 08:56:01
83,-2,1,2023-10-27 20:25:36
83,2,0,2023-11-01 09:08:25
83,-7,1,2023-11-02 08:26:34
83,4,0,2023-11-07 01:36:34
83,-4,1,2023-11-22 06:04:46
83,-2,0,2023-12-04 16:39:09
83,1,1,2023-12-10 05:56:29
83,9,0,2023-12-14 10:06:30
83,-10,1,2023-12-15 22:36:34
83,9,0,2023-12-27 00:45:18
83,0,1,2023-12-30 06:03:19
83,9,0,2024-01-02 12:56:55
83,-5,1,2024-01-03 12:49:58
83,-4,0,2024-01-04 09:45:09
83,-4,1,2024-01-08 00:19:17
83,-4,0,2024-01-11 07:15:53
83,-3,1,2024-01-13 05:47:09
83,9,0,2024-01-16 03:03:09
83,-2,1,2024-01-25 14:22:35
83,9,0,2024-02-07 03:58:45
83,-3,1,2024-02-08 02:49:51
83,1,0,2024-02-13 14:48:01
83,-1,1,2024-02-20 18:53:58
83,-9,0,2024-02-25 01:54:19
83,-8,1,2024-03-03 10:33:25
83,3,0,2024-03-06 05:23:46
83,6,1,2024-03-19 07:15:37
83,-5,0,2024-03-24 08:35:23
83,-1,1,2024-03-25 00:44:46
83,-6,0,2024-03-27 07:00:05
83,6,1,2024-03-27 08:03:03
83,4,0,2024-04-02 23:25:08
83,-10,1,2024-04-06 20:08:35
83,6,0,2024-04-10 12:34:33
83,7,1,2024-04-12 08:42:29
83,-1,0,2024-04-16 05:24:37
83,-8,1,2024-04-18 04:33:54
83,7,0,2024-04-20 09:53:17
83,3,1,2024-04-23 03:07:06
83,-9,0,2024-04-27 02:18:12
83,-6,1,2024-04-29 01:27:03
83,-8,0,2024-05-03 03:33:01
83,-7,1,2024-05-04 15:23:47
83,5,0,2024-05-05 05:40:46
83,7,1,2024-05-28 02:05:08
83,-9,0,2024-05-29 03:19:57
83,-1,1,2024-06-08 22:22:39
83,-7,0,2024-06-14 01:10:49
83,0,1,2024-06-14 18:41:18
83,4,0,2024-06-24 16:11:16
83,7,1,2024-06-27 14:03:09
83,1,0,2024-06-29 17:00:43
83,-10,1,2024-07-21 08:10:01
83,-4,0,2024-07-25 01:02:32
83,-6,1,2024-07-28 20:52:07
83,8,0,2024-07-30 12:00:15
83,-5,1,2024-07-31 03:40:38
83,2,0,2024-08-06 18:15:19
83,-8,1,2024-08-11 11:57:35
83,-6,0,2024-08-11 16:10:18
83,-2,1,2024-08-16 11:07:18
83,5,0,2024-08-19 01:06:28
83,6,1,2024-09-04 00:51:54
83,-4,0,2024-09-07 07:13:20
83,2,1,2024-09-07 14:21:04
83,-1,0,2024-09-12 00:40:15
83,-10,1,2024-09-19 11:01:11
83,-2,0,2024-09-28 03:51:27
84,7,1,2023-01-03 12:43:48
84,9,0,2023-01-06 06:34:45
84,8,1,2023-01-10 00:41:54
84,-9,0,2023-01-11 11:09:30
84,-7,1,2023-01-11 15:31:33
84,-10,0,2023-01-13 18:38:21
84,7,1,2023-01-17 19:42:25
84,7,0,2023-01-17 20:38:11
84,-4,1,2023-01-17 22:39:56
84,-2,0,2023-01-20 13:52:30
84,8,1,2023-01-24 10:52:12
84,-9,0,2023-01-30 04:11:46
84,-10,1,2023-02-05 08:37:41
84,-4,0,2023-02-06 17:58:49
84,1,1,2023-02-06 18:23:39
84,7,0,2023-02-10 17:48:33
84,7,1,2023-02-14 13:55:35
84,-3,0,2023-02-25 13:09:10
84,-4,1,2023-03-03 21:19:16
84,-1,0,2023-03-09 21:36:22
84,8,1,2023-03-20 03:51:47
84,-1,0,2023-03-21 04:24:26
84,-2,1,2023-03-25 11:28:01
84,8,0,2023-04-01 14:16:14
84,-2,1,2023-04-08 12:09:40
84,2,0,2023-04-11 01:14:26
84,-10,1,2023-04-14 23:28:40
84,-2,0,2023-04-17 10:52:30
84,9,1,2023-04-21 19:56:28
84,-5,0,2023-04-22 22:29:05
84,9,1,2023-05-01 14:38:57
84,5,0,2023-05-13 20:04:30
84,0,1,2023-05-20 11:37:00
84,-4,0,2023-05-21 13:50:12
84,6,1,2023-05-27 08:50:10
84,9,0,2023-06-10 15:34:23
84,9,1,2023-06-12 07:57:18
84,-4,0,2023-06-14 20:20:12
84,-10,1,2023-06-19 17:21:38
84,6,0,2023-06-27 07:45:07
84,6,1,2023-06-27 14:17:12
84,6,0,2023-06-28 13:17:17
84,8,1,2023-06-29 15:19:32
84,-2,0,2023-07-03 08:51:05
84,-7,1,2023-07-07 14:46:28
84,9,0,2023-07-08 14:54:43
84,-8,1,2023-07-11 13:22:43
84,8,0,2023-07-11 17:15:33
84,6,1,2023-07-22 08:24:08
84,6,0,2023-07-22 14:03:49
84,8,1,2023-07-28 05:00:53
84,-2,0,2023-07-29 22:07:05
84,-10,1,2023-08-03 17:28:23
84,-7,0,2023-08-08 07:35:03
84,1,1,2023-08-09 09:34:59
84,-8,0,2023-08-10 05:49:42
84,6,1,2023-08-16 00:00:11
84,2,0,2023-08-19 19:46:42
84,7,1,2023-08-27 21:41:09
84,-7,0,2023-09-10 18:12:35
84,-6,1,2023-09-16 01:17:01
84,-4,0,2023-09-17 19:01:35
84,7,1,2023-09-19 16:16:48
84,9,0,2023-09-20 14:59:11
84,-4,1,2023-09-22 03:10:37
84,4,0,2023-09-25 22:57:49
84,7,1,2023-09-27 16:53:59
84,1,0,2023-09-30 22:13:33
84,-2,1,2023-10-10 10:22:06
84,4,0,2023-10-11 00:40:55
84,-3,1,2023-10-15 17:41:21
84,-1,0,2023-10-18 13:07:42
84,9,1,2023-10-19 08:54:44
84,-6,0,2023-10-20 06:34:39
84,7,1,2023-10-22 20:13:52
84,-7,0,2023-10-27 06:24:58
84,6,1,2023-10-29 03:17:42
84,-6,0,2023-10-29 18:22:50
84,5,1,2023-10-31 04:04:00
84,-10,0,2023-11-03 18:49:44
84,-7,1,2023-11-04 09:38:45
84,-3,0,2023-11-05 19:41:29
84,-5,1,2023-11-06 19:42:19
84,-1,0,2023-11-08 23:08:55
84,0,1,2023-11-10 18:57:09
84,7,0,2023-11-15 17:44:03
84,3,1,2023-11-21 08:37:33
84,8,0,2023-11-24 18:53:44
84,-3,1,2023-11-29 07:33:07
84,4,0,2023-12-04 17:39:36
84,-8,1,2023-12-14 01:59:14
84,7,0,2023-12-19 07:56:28
84,5,1,2023-12-24 17:16:49
84,-5,0,2023-12-26 01:05:30
84,0,1,2023-12-31 19:33:24
84,5,0,2024-01-06 09:37:16
84,2,1,2024-01-11 21:12:47
84,-10,0,2024-01-14 17:44:08
84,-5,1,2024-01-23 14:52:01
84,-10,0,2024-01-29 08:44:25
84,-1,1,2024-02-01 15:14:49
84,3,0,2024-02-04 22:15:03
84,-10,1,2024-02-14 22:14:52
84,-10,0,2024-02-16 13:11:29
84,6,1,2024-02-25 19:09:26
84,-1,0,2024-02-28 07:48:26
84,8,1,2024-03-05 06:33:09
84,-10,0,2024-03-07 00:11:05
84,-9,1,2024-03-09 23:36:22
84,2,0,2024-03-11 20:00:39
84,-9,1,2024-03-23 23:09:40
84,7,0,2024-03-26 09:16:03
84,-5,1,2024-03-29 12:14:26
84,-5,0,2024-04-01 21:00:53
84,1,1,2024-04-04 11:21:25
84,7,0,2024-04-05 10:00:25
84,8,1,2024-04-05 22:03:31
84,-3,0,2024-04-06 07:49:08
84,-6,1,2024-04-11 06:42:12
84,-5,0,2024-04-12 17:58:00
84,-2,1,2024-04-24 15:43:16
84,1,0,2024-04-25 08:41:37
84,6,1,2024-04-27 11:26:01
84,-5,0,2024-05-04 23:50:51
84,-2,1,2024-05-06 12:19:23
84,3,0,2024-05-11 14:01:57
84,-7,1,2024-06-04 04:19:39
84,6,0,2024-06-05 04:45:22
84,-2,1,2024-06-09 19:37:06
84,2,0,2024-06-12 06:34:02
84,2,1,2024-06-13 00:56:36
84,4,0,2024-06-26 23:13:46
84,0,1,2024-06-29 06:45:10
84,6,0,2024-07-03 16:36:27
84,1,1,2024-07-05 12:37:45
84,5,0,2024-07-08 07:26:13
84,1,1,2024-07-08 11:32:58
84,8,0,2024-07-17 21:05:10
84,8,1,2024-07-21 04:23:12
84,-2,0,2024-07-22 04:56:38
84,-6,1,2024-07-23 04:21:21
84,-3,0,2024-07-24 01:26:58
84,-4,1,2024-07-25 22:59:03
84,-9,0,2024-07-26 17:42:03
84,-7,1,2024-07-27 13:29:33
84,-2,0,2024-08-07 11:34:26
84,6,1,2024-08-15 15:37:36
84,-3,0,2024-08-22 23:01:12
84,3,1,2024-08-24 11:42:34
84,0,0,2024-08-31 14:15:18
84,0,1,2024-09-02 13:25:15
84,-8,0,2024-09-02 14:25:13
84,7,1,2024-09-03 16:02:02
84,8,0,2024-09-06 06:24:11
84,1,1,2024-09-09 03:30:12
84,-8,0,2024-09-20 00:59:01
84,-6,1,2024-09-21 12:31:46
84,-4,0,2024-09-23 19:40:20
84,8,1,2024-09-29 00:18:35
84,-9,0,2024-09-29 11:30:01
85,-2,1,2023-01-10 05:45:47
85,8,0,2023-01-10 13:29:14
85,3,1,2023-01-13 05:25:52
85,-5,0,2023-01-13 06:50:26
85,3,1,2023-01-22 07:16:54
85,-5,0,2023-01-25 00:07:16
85,3,1,2023-01-26 22:55:22
85,6,0,2023-01-30 05:43:04
85,-1,1,2023-02-23 11:16:58
85,-6,0,2023-03-21 07:35:29
85,-5,1,2023-03-21 18:27:26
85,0,0,2023-04-02 10:28:25
85,-6,1,2023-04-05 19:31:59
85,9,0,2023-04-07 21:39:31
85,8,1,2023-04-08 12:46:08
85,9,0,2023-04-14 22:46:55
85,-9,1,2023-04-15 14:08:08
85,-1,0,2023-04-22 01:23:36
85,-5,1,2023-04-27 00:05:49
85,3,0,2023-04-27 17:59:41
85,9,1,2023-05-05 07:00:10
85,-7,0,2023-05-11 14:42:20
85,-9,1,2023-05-14 11:56:43
85,-7,0,2023-05-20 01:58:42
85,-5,1,2023-06-08 14:26:09
85,8,0,2023-06-18 17:32:29
85,8,1,2023-06-24 10:22:56
85,-7,0,2023-07-06 08:03:54
85,-6,1,2023-07-07 14:48:07
85,3,0,2023-07-14 14:10:57
85,3,1,2023-07-17 08:09:21
85,-7,0,2023-07-19 10:09:58
85,0,1,2023-07-21 10:25:24
85,-5,0,2023-07-23 09:08:57
85,-10,1,2023-07-23 12:35:30
85,2,0,2023-07-27 12:07:35
85,2,1,2023-07-28 04:43:35
85,1,0,2023-07-29 09:05:17
85,-10,1,2023-08-11 16:38:25
85,-3,0,2023-08-14 23:43:29
85,8,1,2023-08-21 19:22:53
85,-4,0,2023-08-26 10:43:08
85,2,1,2023-09-08 22:14:33
85,3,0,2023-09-09 04:02:31
85,2,1,2023-09-13 04:14:42
85,-5,0,2023-09-19 22:39:54
85,6,1,2023-10-05 12:39:26
85,9,0,2023-10-08 09:52:24
85,0,1,2023-10-24 14:50:05
85,5,0,2023-10-24 15:51:59
85,7,1,2023-10-26 06:18:44
85,9,0,2023-10-30 08:57:38
85,5,1,2023-11-03 00:06:59
85,-4,0,2023-11-04 23:16:39
85,-4,1,2023-11-05 07:07:15
85,-6,0,2023-11-06 11:24:18
85,3,1,2023-11-13 14:20:13
85,-10,0,2023-11-13 15:58:42
85,2,1,2023-11-14 13:07:12
85,4,0,2023-11-15 05:15:20
85,1,1,2023-11-18 03:39:22
85,-8,0,2023-11-19 18:56:37
85,-5,1,2023-11-21 13:47:14
85,4,0,2023-11-23 21:49:35
85,-10,1,2023-11-24 04:13:32
85,-10,0,2023-11-25 09:46:05
85,8,1,2023-11-25 12:41:58
85,0,0,2023-11-27 08:27:03
85,5,1,2023-12-04 10:42:36
85,-2,0,2023-12-07 08:26:47
85,4,1,2023-12-07 18:32:19
85,3,0,2023-12-09 13:34:10
85,8,1,2023-12-19 08:20:35
85,7,0,2023-12-21 00:31:32
85,8,1,2023-12-23 12:13:21
85,-1,0,2023-12-27 07:22:50
85,1,1,2023-12-27 15:56:07
85,-7,0,2023-12-30 08:39:48
85,-5,1,2024-01-01 20:37:28
85,3,0,2024-01-10 08:11:16
85,-9,1,2024-01-10 17:29:16
85,2,0,2024-01-13 14:33:17
85,-7,1,2024-01-26 07:13:50
85,1,0,2024-02-03 08:23:14
85,-1,1,2024-02-10 02:25:37
85,6,0,2024-02-21 23:32:11
85,5,1,2024-03-04 01:02:56
85,5,0,2024-03-04 09:52:52
85,3,1,2024-03-14 08:35:10
85,-2,0,2024-03-22 22:42:40
85,0,1,2024-03-25 01:51:36
85,5,0,2024-04-10 19:59:18
85,0,1,2024-04-11 06:25:50
85,3,0,2024-04-16 03:19:22
85,3,1,2024-04-23 21:11:35
85,6,0,2024-04-29 04:47:06
85,-10,1,2024-05-06 10:23:23
85,1,0,2024-05-08 06:35:25
85,-2,1,2024-05-12 05:38:56
85,4,0,2024-05-18 06:38:57
85,4,1,2024-05-19 15:24:00
85,-6,0,2024-05-20 16:10:08
85,6,1,2024-05-20 17:10:58
85,-5,0,2024-05-24 00:46:59
85,3,1,2024-05-25 02:31:45
85,8,0,2024-05-28 22:22:43
85,-5,1,2024-05-29 01:43:19
85,1,0,2024-06-15 01:17:51
85,-10,1,2024-06-15 03:55:46
85,4,0,2024-06-16 21:20:18
85,6,1,2024-06-22 22:24:04
85,5,0,2024-06-23 19:10:51
85,0,1,2024-06-28 10:11:17
85,-6,0,2024-07-04 22:06:14
85,5,1,2024-07-06 07:29:26
85,-9,0,2024-07-15 12:52:12
85,-1,1,2024-07-18 01:42:25
85,-10,0,2024-07-21 08:38:32
85,-8,1,2024-07-22 20:31:39
85,-3,0,2024-07-26 04:02:09
85,-4,1,2024-07-26 15:12:56
85,5,0,2024-07-30 02:44:46
85,-3,1,2024-07-31 01:11:47
85,7,0,2024-08-03 07:35:23
85,8,1,2024-08-06 13:24:07
85,-8,0,2024-08-11 14:47:40
85,-10,1,2024-08-20 02:01:33
85,6,0,2024-08-25 11:49:12
85,-5,1,2024-08-29 10:00:29
85,-5,0,2024-08-31 06:57:28
85,-2,1,2024-09-01 18:34:07
85,7,0,2024-09-16 09:42:09
85,1,1,2024-09-24 09:29:10
85,-5,0,2024-09-29 01:07:37
85,9,1,2024-09-29 22:39:21
86,-7,0,2023-01-06 09:35:33
86,-6,1,2023-01-07 20:47:48
86,-2,0,2023-01-10 04:21:37
86,-2,1,2023-01-15 10:22:06
86,-10,0,2023-01-22 02:03:32
86,-9,1,2023-01-22 02:50:58
86,-5,0,2023-01-22 19:24:26
86,5,1,2023-01-26 19:33:49
86,4,0,2023-02-07 06:46:18
86,5,1,2023-02-09 16:23:17
86,-3,0,2023-02-13 05:37:41
86,-1,1,2023-02-21 02:08:31
86,1,0,2023-02-23 15:46:43
86,6,1,2023-03-01 00:26:10
86,4,0,2023-03-03 07:58:49
86,-8,1,2023-03-07 11:34:41
86,1,0,2023-03-09 13:35:07
86,5,1,2023-03-10 17:24:00
86,2,0,2023-03-13 07:41:37
86,2,1,2023-04-03 07:36:13
86,4,0,2023-04-10 15:12:03
86,9,1,2023-04-16 02:47:23
86,-2,0,2023-04-16 21:08:22
86,-10,1,2023-04-19 22:44:49
86,1,0,2023-04-25 11:34:41
86,3,1,2023-04-26 06:10:05
86,-3,0,2023-04-28 02:37:16
86,-7,1,2023-05-02 13:02:28
86,1,0,2023-05-06 04:12:35
86,-6,1,2023-05-06 18:31:43
86,5,0,2023-05-23 05:52:52
86,-8,1,2023-05-23 19:07:16
86,-2,0,2023-05-30 11:42:36
86,-1,1,2023-06-04 20:29:35
86,-1,0,2023-06-05 00:34:47
86,-3,1,2023-06-07 00:44:22
86,4,0,2023-06-13 22:36:42
86,0,1,2023-06-14 11:58:08
86,-4,0,2023-06-14 23:05:04
86,-7,1,2023-06-21 12:04:30
86,-6,0,2023-06-29 10:40:27
86,3,1,2023-06-29 16:06:48
86,-1,0,2023-07-01 08:49:40
86,-5,1,2023-07-02 20:44:23
86,-10,0,2023-07-04 11:34:37
86,-10,1,2023-07-06 15:52:08
86,1,0,2023-07-07 19:22:48
86,-10,1,2023-07-10 18:09:35
86,0,0,2023-07-11 20:30:17
86,0,1,2023-07-19 00:49:39
86,3,0,2023-07-21 15:29:26
86,1,1,2023-07-22 06:22:22
86,6,0,2023-08-02 22:15:57
86,-2,1,2023-08-09 22:51:40
86,-6,0,2023-08-14 11:57:47
86,-2,1,2023-08-16 15:01:53
86,-3,0,2023-08-25 06:39:18
86,-4,1,2023-08-26 21:41:56
86,-4,0,2023-09-01 08:56:08
86,-1,1,2023-09-02 01:54:02
86,1,0,2023-09-17 15:58:06
86,-6,1,2023-09-22 03:01:00
86,7,0,2023-09-26 11:25:14
86,-6,1,2023-09-29 20:26:40
86,6,0,2023-10-04 02:58:26
86,-1,1,2023-10-13 11:46:26
86,5,0,2023-10-24 00:04:50
86,2,1,2023-10-26 19:46:59
86,-10,0,2023-10-27 02:34:23
86,4,1,2023-10-28 16:30:18
86,8,0,2023-10-31 22:45:08
86,6,1,2023-11-02 19:15:50
86,4,0,2023-11-03 08:10:56
86,5,1,2023-11-11 00:52:59
86,-8,0,2023-11-11 10:17:56
86,-2,1,2023-11-19 15:50:03
86,-7,0,2023-11-24 23:50:40
86,6,1,2023-11-25 05:17:20
86,-8,0,2023-12-14 06:31:18
86,6,1,2023-12-17 02:49:41
86,-8,0,2023-12-19 15:46:21
86,3,1,2023-12-23 03:47:42
86,3,0,2023-12-25 18:25:56
86,5,1,2024-01-01 19:52:29
86,1,0,2024-01-27 10:48:03
86,-3,1,2024-02-07 15:35:05
86,8,0,2024-02-08 06:17:22
86,7,1,2024-02-11 14:27:12
86,2,0,2024-02-15 04:22:35
86,-8,1,2024-02-15 17:17:50
86,-5,0,2024-02-16 13:59:46
86,3,1,2024-02-25 21:43:54
86,-6,0,2024-02-26 06:08:54
86,9,1,2024-03-01 11:06:45
86,1,0,2024-03-03 11:19:28
86,-3,1,2024-03-08 06:50:48
86,-9,0,2024-03-08 21:00:42
86,-8,1,2024-03-09 20:34:03
86,-1,0,2024-03-14 22:56:28
86,-2,1,2024-03-16 17:56:06
86,1,0,2024-03-19 12:06:53
86,-9,1,2024-03-23 23:51:03
86,-7,0,2024-03-25 01:51:02
86,0,1,2024-03-27 10:03:36
86,-4,0,2024-03-30 04:30:08
86,-5,1,2024-04-09 00:27:55
86,0,0,2024-04-20 20:59:52
86,-7,1,2024-04-21 12:50:47
86,5,0,2024-05-08 03:25:07
86,4,1,2024-05-19 08:19:07
86,-3,0,2024-05-21 01:40:04
86,9,1,2024-05-22 15:28:18
86,5,0,2024-05-23 04:34:05
86,-4,1,2024-05-27 13:41:23
86,9,0,2024-06-01 11:42:07
86,-3,1,2024-06-04 11:40:53
86,6,0,2024-06-05 08:41:26
86,-5,1,2024-06-10 12:17:32
86,2,0,2024-06-16 07:18:43
86,6,1,2024-06-17 20:46:41
86,9,0,2024-06-19 11:20:12
86,-3,1,2024-07-02 10:45:29
86,8,0,2024-07-02 19:40:50
86,9,1,2024-07-03 04:22:45
86,8,0,2024-07-09 12:29:02
86,-10,1,2024-07-14 20:04:12
86,-7,0,2024-07-17 11:07:31
86,-5,1,2024-07-25 10:23:25
86,-7,0,2024-07-25 14:56:06
86,-2,1,2024-07-25 15:30:47
86,4,0,2024-07-30 12:36:05
86,6,1,2024-07-31 00:50:41
86,-4,0,2024-08-03 23:06:24
86,-2,1,2024-08-04 08:45:14
86,8,0,2024-08-06 15:37:00
86,-6,1,2024-08-13 10:00:45
86,-6,0,2024-08-13 14:32:03
86,6,1,2024-08-15 14:00:48
86,-10,0,2024-08-16 22:48:41
86,3,1,2024-08-22 15:05:57
86,-5,0,2024-08-24 01:52:04
86,-2,1,2024-09-03 12:26:19
86,-10,0,2024-09-04 20:40:36
86,-8,1,2024-09-11 13:52:32
86,-9,0,2024-09-13 00:12:55
86,-2,1,2024-09-26 20:19:29
86,-1,0,2024-09-28 05:39:42
86,4,1,2024-09-29 11:47:27
86,-1,0,2024-09-29 16:57:06
87,0,1,2023-01-10 08:44:36
87,7,0,2023-01-12 06:20:56
87,5,1,2023-01-12 13:24:34
87,-8,0,2023-01-12 23:58:49
87,-10,1,2023-01-14 22:43:34
87,-2,0,2023-01-27 01:16:08
87,2,1,2023-02-03 02:33:50
87,0,0,2023-02-04 22:46:18
87,-10,1,2023-02-05 03:51:51
87,2,0,2023-02-07 05:22:36
87,3,1,2023-02-07 09:16:15
87,-3,0,2023-02-11 14:18:00
87,-4,1,2023-02-21 08:59:10
87,0,0,2023-03-17 18:35:37
87,0,1,2023-03-18 18:37:32
87,5,0,2023-03-26 01:30:02
87,-8,1,2023-03-26 22:01:48
87,3,0,2023-04-10 18:21:01
87,8,1,2023-04-15 21:09:49
87,-7,0,2023-04-18 15:01:07
87,2,1,2023-04-24 21:17:50
87,1,0,2023-04-29 14:04:03
87,1,1,2023-05-02 16:58:32
87,9,0,2023-05-16 23:55:39
87,9,1,2023-05-17 02:14:51
87,-1,0,2023-05-19 22:13:53
87,-3,1,2023-05-26 12:18:15
87,2,0,2023-06-03 09:23:59
87,5,1,2023-06-11 06:49:08
87,-6,0,2023-06-21 05:23:37
87,-6,1,2023-06-21 11:45:42
87,-7,0,2023-06-21 20:49:46
87,-3,1,2023-06-29 05:12:46
87,0,0,2023-07-03 08:27:18
87,8,1,2023-07-06 10:46:20
87,0,0,2023-07-11 02:16:20
87,-7,1,2023-07-15 10:10:46
87,0,0,2023-07-23 11:04:04
87,-9,1,2023-07-23 17:58:17
87,-6,0,2023-07-25 15:22:35
87,-10,1,2023-07-26 07:02:20
87,-8,0,2023-07-31 09:40:53
87,-3,1,2023-08-04 03:34:41
87,-8,0,2023-08-04 15:35:08
87,4,1,2023-08-08 07:08:55
87,2,0,2023-08-09 02:06:05
87,-9,1,2023-08-15 04:57:36
87,-10,0,2023-08-18 00:19:01
87,0,1,2023-08-19 08:18:24
87,2,0,2023-08-23 02:17:17
87,-3,1,2023-08-27 03:17:00
87,-8,0,2023-08-28 23:06:48
87,5,1,2023-08-31 00:50:26
87,1,0,2023-08-31 16:38:05
87,1,1,2023-09-01 05:01:10
87,2,0,2023-09-09 20:08:44
87,6,1,2023-09-09 22:43:04
87,9,0,2023-09-17 07:44:20
87,0,1,2023-09-18 15:40:38
87,-7,0,2023-09-18 19:27:42
87,-10,1,2023-09-23 16:35:50
87,5,0,2023-09-25 18:37:46
87,8,1,2023-09-29 08:58:24
87,4,0,2023-09-29 10:14:58
87,7,1,2023-10-01 01:52:59
87,-10,0,2023-10-02 01:52:25
87,7,1,2023-10-05 21:43:58
87,9,0,2023-10-07 04:08:44
87,-9,1,2023-10-09 17:18:03
87,0,0,2023-10-09 18:14:40
87,2,1,2023-10-11 23:11:27
87,-4,0,2023-10-16 00:31:10
87,-1,1,2023-10-16 15:25:32
87,1,0,2023-10-24 11:30:34
87,6,1,2023-10-24 23:05:49
87,-6,0,2023-10-25 09:05:12
87,-8,1,2023-10-27 10:35:00
87,0,0,2023-10-31 15:24:35
87,-3,1,2023-11-03 10:17:26
87,-1,0,2023-11-05 10:41:07
87,7,1,2023-11-06 23:22:00
87,5,0,2023-11-07 03:39:03
87,2,1,2023-11-08 15:33:16
87,5,0,2023-11-09 15:43:05
87,9,1,2023-11-15 02:35:17
87,-2,0,2023-11-15 08:19:56
87,-1,1,2023-12-04 13:15:05
87,0,0,2023-12-06 20:30:27
87,4,1,2023-12-08 19:24:23
87,-9,0,2023-12-09 11:47:57
87,-2,1,2023-12-10 21:14:53
87,-4,0,2023-12-16 07:34:55
87,3,1,2023-12-23 17:56:10
87,-10,0,2023-12-27 22:37:21
87,-7,1,2023-12-30 10:20:39
87,9,0,2023-12-30 17:33:31
87,6,1,2024-01-03 00:55:04
87,-8,0,2024-01-10 23:13:30
87,-6,1,2024-01-18 23:48:25
87,-3,0,2024-01-25 01:40:25
87,4,1,2024-01-28 18:40:08
87,-9,0,2024-01-29 12:49:04
87,-1,1,2024-02-02 06:01:49
87,-4,0,2024-02-03 03:16:03
87,-3,1,2024-02-04 03:26:17
87,0,0,2024-02-05 10:58:44
87,-6,1,2024-02-07 07:23:12
87,8,0,2024-02-08 20:24:32
87,-4,1,2024-02-14 03:22:33
87,-8,0,2024-02-16 10:57:04
87,0,1,2024-02-16 22:45:14
87,-10,0,2024-03-01 22:30:29
87,-2,1,2024-03-11 16:56:49
87,-10,0,2024-03-16 22:40:18
87,4,1,2024-03-17 07:04:50
87,-3,0,2024-03-20 18:21:38
87,3,1,2024-03-21 17:25:05
87,3,0,2024-03-26 21:42:18
87,-1,1,2024-03-26 23:51:13
87,-8,0,2024-04-01 00:00:59
87,-1,1,2024-04-03 07:57:02
87,4,0,2024-04-04 16:29:11
87,0,1,2024-04-04 22:02:38
87,1,0,2024-04-09 05:56:24
87,5,1,2024-04-09 14:09:05
87,-1,0,2024-04-10 05:51:48
87,0,1,2024-04-17 20:40:54
87,-7,0,2024-04-17 22:24:11
87,3,1,2024-04-18 16:00:06
87,-6,0,2024-04-20 01:17:31
87,-9,1,2024-04-21 08:02:01
87,-3,0,2024-04-24 09:41:17
87,-3,1,2024-05-03 18:15:21
87,-2,0,2024-05-06 15:20:17
87,-7,1,2024-05-11 02:23:42
87,-3,0,2024-05-17 07:48:08
87,-8,1,2024-05-21 18:01:06
87,1,0,2024-05-24 23:09:52
87,5,1,2024-05-27 13:44:27
87,8,0,2024-05-27 22:14:43
87,-5,1,2024-05-27 22:59:40
87,3,0,2024-05-28 00:15:03
87,7,1,2024-05-29 02:16:38
87,6,0,2024-06-01 22:26:15
87,0,1,2024-06-08 07:28:15
87,9,0,2024-06-11 00:55:36
87,2,1,2024-06-11 02:32:49
87,8,0,2024-06-12 17:21:04
87,-9,1,2024-06-15 18:33:52
87,3,0,2024-06-18 17:30:26
87,-2,1,2024-06-20 19:03:44
87,-6,0,2024-07-03 08:39:49
87,4,1,2024-07-06 00:21:22
87,-5,0,2024-07-07 04:53:49
87,-6,1,2024-07-09 11:54:37
87,8,0,2024-07-22 04:07:17
87,2,1,2024-08-21 22:41:52
87,8,0,2024-08-23 08:40:52
87,7,1,2024-08-23 12:57:14
87,7,0,2024-09-08 12:55:14
87,-4,1,2024-09-17 19:27:41
87,-2,0,2024-09-22 11:24:42
87,4,1,2024-09-23 01:51:20
87,-1,0,2024-09-23 02:33:42
87,-7,1,2024-09-28 18:45:25
87,-4,0,2024-09-30 11:49:04
88,-5,1,2023-01-03 07:06:39
88,1,0,2023-01-08 14:37:39
88,-7,1,2023-01-30 07:01:49
88,-1,0,2023-02-02 05:42:13
88,-4,1,2023-02-03 17:04:36
88,9,0,2023-02-04 03:52:33
88,-8,1,2023-02-07 22:59:59
88,-4,0,2023-02-11 20:19:12
88,-3,1,2023-02-11 22:27:01
88,-8,0,2023-02-15 05:41:13
88,2,1,2023-02-15 12:40:25
88,2,0,2023-02-15 14:30:35
88,0,1,2023-02-17 06:45:43
88,1,0,2023-02-20 14:16:01
88,1,1,2023-02-22 16:18:02
88,5,0,2023-02-26 15:50:24
88,-4,1,2023-03-11 10:47:17
88,-9,0,2023-03-13 20:07:32
88,-9,1,2023-03-19 16:36:58
88,-2,0,2023-03-30 00:47:47
88,-3,1,2023-04-02 09:38:23
88,-8,0,2023-04-06 09:31:13
88,5,1,2023-04-07 01:14:33
88,-5,0,2023-04-08 07:35:47
88,-4,1,2023-04-11 10:57:29
88,1,0,2023-04-12 02:29:17
88,-6,1,2023-04-26 10:53:01
88,-3,0,2023-04-26 17:31:39
88,-1,1,2023-04-27 06:31:04
88,8,0,2023-04-27 20:36:48
88,4,1,2023-04-28 01:06:07
88,0,0,2023-05-05 09:05:28
88,-2,1,2023-05-09 19:50:52
88,0,0,2023-05-10 22:02:18
88,4,1,2023-05-11 09:52:26
88,4,0,2023-05-12 07:17:10
88,-5,1,2023-05-13 13:07:27
88,-8,0,2023-05-18 03:05:51
88,-6,1,2023-05-19 14:04:47
88,5,0,2023-05-25 21:16:47
88,4,1,2023-05-26 11:06:19
88,7,0,2023-06-01 13:03:44
88,-5,1,2023-06-10 14:13:37
88,-9,0,2023-06-13 05:46:23
88,9,1,2023-06-16 03:39:55
88,1,0,2023-06-20 03:03:14
88,-5,1,2023-06-23 03:03:30
88,2,0,2023-06-27 04:20:45
88,-7,1,2023-06-28 16:47:36
88,-7,0,2023-07-14 10:28:11
88,4,1,2023-07-19 00:17:47
88,-6,0,2023-07-20 16:30:28
88,2,1,2023-07-22 13:50:35
88,6,0,2023-07-22 21:18:00
88,6,1,2023-07-27 06:50:18
88,2,0,2023-07-29 02:18:03
88,-4,1,2023-07-29 12:01:50
88,-6,0,2023-07-29 19:52:37
88,4,1,2023-08-04 03:14:07
88,7,0,2023-08-05 05:50:30
88,-4,1,2023-08-11 23:19:41
88,-2,0,2023-08-17 19:11:05
88,-2,1,2023-08-20 17:25:57
88,-4,0,2023-08-25 03:01:38
88,9,1,2023-09-03 04:17:13
88,4,0,2023-09-05 18:40:56
88,1,1,2023-09-10 05:45:13
88,-3,0,2023-09-14 11:07:05
88,-7,1,2023-09-17 01:39:11
88,-10,0,2023-09-21 21:44:00
88,-4,1,2023-09-30 18:42:29
88,-2,0,2023-10-16 10:05:49
88,-10,1,2023-10-30 15:18:06
88,5,0,2023-11-01 14:51:50
88,0,1,2023-11-17 09:09:09
88,-10,0,2023-11-26 13:03:38
88,4,1,2023-12-04 20:54:52
88,-5,0,2023-12-07 11:12:55
88,0,1,2023-12-09 22:44:26
88,2,0,2023-12-10 01:33:06
88,8,1,2023-12-13 04:01:17
88,6,0,2023-12-14 23:54:23
88,7,1,2023-12-20 02:53:34
88,-4,0,2023-12-27 11:12:26
88,-10,1,2023-12-30 07:13:40
88,4,0,2023-12-30 20:55:56
88,9,1,2023-12-31 12:54:42
88,3,0,2024-01-02 11:25:02
88,-4,1,2024-01-04 21:13:42
88,4,0,2024-01-05 02:05:03
88,4,1,2024-01-11 14:42:43
88,-6,0,2024-01-12 23:18:35
88,-10,1,2024-01-13 23:53:19
88,3,0,2024-01-16 01:46:12
88,-2,1,2024-01-23 03:14:56
88,-8,0,2024-01-24 10:05:00
88,-3,1,2024-01-25 18:14:42
88,-7,0,2024-01-27 17:57:15
88,1,1,2024-01-29 05:44:08
88,0,0,2024-02-12 01:41:59
88,8,1,2024-02-12 21:18:10
88,6,0,2024-02-13 04:09:13
88,-9,1,2024-02-19 06:00:39
88,-8,0,2024-02-20 00:20:46
88,2,1,2024-02-20 01:23:35
88,-6,0,2024-02-24 11:12:58
88,-7,1,2024-02-25 00:17:52
88,0,0,2024-02-26 06:31:21
88,1,1,2024-03-02 04:01:34
88,-8,0,2024-03-13 05:45:18
88,-10,1,2024-03-24 00:11:59
88,-7,0,2024-03-25 02:40:44
88,-7,1,2024-03-27 05:14:43
88,-1,0,2024-03-30 03:34:46
88,-4,1,2024-04-08 03:39:52
88,7,0,2024-04-14 08:46:39
88,-5,1,2024-04-15 06:33:27
88,-10,0,2024-04-18 13:57:30
88,4,1,2024-05-01 02:20:13
88,-7,0,2024-05-05 02:59:58
88,-6,1,2024-05-12 21:07:49
88,9,0,2024-05-13 07:51:14
88,2,1,2024-05-21 08:51:53
88,5,0,2024-05-24 15:53:33
88,6,1,2024-05-28 04:02:13
88,-1,0,2024-05-30 15:20:43
88,-4,1,2024-05-30 16:04:43
88,3,0,2024-06-09 21:50:50
88,-7,1,2024-06-15 00:34:11
88,-5,0,2024-06-15 05:55:04
88,-1,1,2024-06-18 20:57:32
88,-3,0,2024-06-19 02:49:22
88,5,1,2024-06-20 16:44:50
88,1,0,2024-06-24 06:37:56
88,7,1,2024-06-28 10:36:31
88,-8,0,2024-07-02 07:18:53
88,-2,1,2024-07-02 11:18:24
88,4,0,2024-07-06 05:51:04
88,-9,1,2024-07-07 23:30:09
88,2,0,2024-07-08 09:33:27
88,-3,1,2024-07-11 11:54:29
88,0,0,2024-07-18 15:47:09
88,-3,1,2024-07-22 11:38:04
88,6,0,2024-08-01 21:40:53
88,-9,1,2024-08-06 12:45:22
88,3,0,2024-08-06 22:35:40
88,-6,1,2024-08-09 07:15:24
88,-3,0,2024-08-09 16:49:17
88,9,1,2024-08-14 13:13:49
88,9,0,2024-08-19 00:59:14
88,-10,1,2024-08-20 02:47:43
88,-6,0,2024-08-23 08:39:45
88,-1,1,2024-08-25 15:54:30
88,-3,0,2024-09-01 09:43:28
88,6,1,2024-09-01 12:16:22
88,-2,0,2024-09-05 20:26:12
88,-5,1,2024-09-14 15:10:30
88,9,0,2024-09-22 12:41:09
88,7,1,2024-09-27 18:41:25
88,-5,0,2024-09-28 19:12:47
88,0,1,2024-09-29 00:33:50
89,2,0,2023-01-02 05:57:59
89,-1,1,2023-01-02 13:44:04
89,-3,0,2023-01-04 19:43:27
89,-6,1,2023-01-04 23:23:23
89,-3,0,2023-01-07 12:31:26
89,5,1,2023-01-12 15:26:16
89,2,0,2023-01-14 17:25:13
89,8,1,2023-01-15 02:24:40
89,3,0,2023-01-17 20:30:44
89,4,1,2023-02-07 19:41:52
89,-6,0,2023-02-10 14:50:10
89,6,1,2023-02-15 16:39:34
89,-4,0,2023-02-17 05:29:52
89,-8,1,2023-02-19 00:21:58
89,2,0,2023-02-24 13:03:55
89,0,1,2023-03-02 18:44:07
89,-5,0,2023-03-08 20:05:15
89,9,1,2023-03-19 04:48:10
89,-1,0,2023-03-23 06:13:29
89,0,1,2023-04-04 21:01:14
89,-3,0,2023-04-07 11:54:03
89,6,1,2023-04-07 18:59:02
89,-9,0,2023-04-09 04:44:53
89,8,1,2023-04-12 16:29:08
89,-3,0,2023-04-19 13:01:10
89,5,1,2023-04-21 11:20:05
89,0,0,2023-04-25 23:40:47
89,-7,1,2023-04-27 07:27:32
89,6,0,2023-05-03 12:29:50
89,-5,1,2023-05-03 15:42:07
89,-8,0,2023-05-16 01:35:16
89,-4,1,2023-05-18 10:22:24
89,6,0,2023-05-19 03:58:10
89,7,1,2023-05-20 20:11:55
89,-8,0,2023-05-23 10:07:40
89,0,1,2023-05-31 20:25:58
89,-1,0,2023-05-31 22:05:16
89,5,1,2023-06-05 14:53:13
89,-5,0,2023-06-09 06:29:41
89,-2,1,2023-06-13 21:07:17
89,-4,0,2023-06-14 16:27:54
89,-1,1,2023-06-16 07:01:53
89,-4,0,2023-06-22 22:41:58
89,-5,1,2023-06-25 12:17:54
89,6,0,2023-06-28 10:45:43
89,2,1,2023-06-29 07:08:01
89,-4,0,2023-06-30 03:57:36
89,-4,1,2023-07-02 00:30:32
89,0,0,2023-07-08 11:33:24
89,-10,1,2023-07-17 13:12:37
89,-5,0,2023-07-24 10:46:07
89,-9,1,2023-07-29 08:29:17
89,8,0,2023-07-29 12:32:57
89,-8,1,2023-07-30 01:41:25
89,-8,0,2023-08-01 08:01:38
89,-9,1,2023-08-01 21:05:49
89,-9,0,2023-08-04 05:09:19
89,2,1,2023-08-09 22:31:18
89,-7,0,2023-08-10 20:03:24
89,8,1,2023-08-17 23:18:58
89,-4,0,2023-08-19 06:22:12
89,0,1,2023-08-24 07:44:52
89,-3,0,2023-09-01 01:50:03
89,-4,1,2023-09-01 19:02:12
89,-7,0,2023-09-05 20:32:25
89,-2,1,2023-09-09 06:13:00
89,-1,0,2023-09-09 10:55:21
89,0,1,2023-09-10 04:08:58
89,-10,0,2023-09-10 06:31:30
89,-7,1,2023-09-11 03:42:31
89,4,0,2023-09-12 22:54:18
89,-2,1,2023-09-21 23:07:43
89,-7,0,2023-09-26 18:00:01
89,-3,1,2023-10-02 14:21:37
89,-9,0,2023-10-03 14:39:53
89,-6,1,2023-10-08 07:31:42
89,-4,0,2023-10-20 02:38:31
89,-9,1,2023-10-30 10:31:30
89,5,0,2023-11-01 18:28:59
89,-2,1,2023-11-12 10:06:49
89,4,0,2023-11-15 23:23:13
89,-8,1,2023-11-22 20:42:40
89,-2,0,2023-11-24 11:12:11
89,5,1,2023-11-30 14:44:50
89,8,0,2023-12-05 18:19:36
89,1,1,2023-12-18 02:50:19
89,4,0,2023-12-18 06:01:06
89,5,1,2023-12-26 20:18:37
89,-9,0,2024-01-01 13:58:45
89,-8,1,2024-01-06 04:59:30
89,-7,0,2024-01-10 12:58:38
89,3,1,2024-01-10 19:19:44
89,-3,0,2024-01-17 08:53:53
89,2,1,2024-01-25 10:29:56
89,-3,0,2024-01-29 02:52:32
89,-6,1,2024-01-31 11:28:39
89,2,0,2024-02-04 08:22:13
89,8,1,2024-02-10 04:03:42
89,3,0,2024-02-12 16:05:15
89,5,1,2024-02-15 02:37:36
89,0,0,2024-02-17 06:18:50
89,-6,1,2024-02-19 17:42:06
89,-9,0,2024-02-28 00:16:03
89,5,1,2024-02-29 20:23:10
89,0,0,2024-03-02 17:20:02
89,-5,1,2024-03-03 13:17:00
89,-10,0,2024-03-06 20:37:00
89,-5,1,2024-03-09 13:36:50
89,3,0,2024-03-23 11:33:15
89,6,1,2024-03-23 17:46:28
89,-8,0,2024-03-25 06:42:03
89,-6,1,2024-04-08 09:25:17
89,0,0,2024-04-14 02:49:00
89,4,1,2024-04-14 14:24:37
89,9,0,2024-04-21 22:02:12
89,8,1,2024-05-01 14:20:03
89,-2,0,2024-05-02 19:14:03
89,6,1,2024-05-04 01:16:30
89,-6,0,2024-05-08 12:33:29
89,-6,1,2024-05-13 18:40:39
89,7,0,2024-05-14 13:21:34
89,-6,1,2024-05-15 15:28:49
89,2,0,2024-05-17 08:19:55
89,2,1,2024-05-22 12:58:17
89,2,0,2024-05-24 06:02:13
89,-8,1,2024-05-29 15:55:33
89,6,0,2024-05-30 13:35:36
89,2,1,2024-06-02 06:03:27
89,-9,0,2024-06-02 11:45:50
89,-9,1,2024-06-05 03:16:22
89,-7,0,2024-06-08 08:22:19
89,-4,1,2024-06-09 22:38:42
89,3,0,2024-06-12 17:30:29
89,-4,1,2024-06-14 12:45:54
89,-6,0,2024-06-16 12:35:25
89,6,1,2024-06-18 15:53:40
89,0,0,2024-06-19 01:34:05
89,-10,1,2024-06-19 05:44:55
89,6,0,2024-07-04 03:31:14
89,4,1,2024-07-05 08:50:02
89,0,0,2024-07-09 23:56:09
89,5,1,2024-07-12 14:34:52
89,6,0,2024-07-23 17:25:40
89,-7,1,2024-07-24 11:32:00
89,-6,0,2024-07-30 09:46:39
89,-9,1,2024-07-31 04:09:45
89,0,0,2024-08-01 07:02:43
89,4,1,2024-08-02 00:30:24
89,-4,0,2024-08-10 12:57:57
89,6,1,2024-08-15 08:58:59
89,3,0,2024-08-24 02:07:43
89,-6,1,2024-08-30 15:12:12
89,4,0,2024-09-06 14:53:59
89,4,1,2024-09-11 06:56:11
89,-9,0,2024-09-12 05:17:03
89,-9,1,2024-09-23 12:08:54
89,-8,0,2024-09-23 15:22:59
89,-8,1,2024-09-27 22:52:44
90,-6,0,2023-01-03 09:07:24
90,-3,1,2023-01-07 17:51:17
90,2,0,2023-01-10 07:43:53
90,6,1,2023-01-14 15:32:20
90,8,0,2023-01-17 03:36:13
90,-7,1,2023-01-26 01:41:12
90,3,0,2023-01-30 05:50:28
90,2,1,2023-02-01 19:56:33
90,-7,0,2023-02-02 16:32:59
90,7,1,2023-02-02 23:43:14
90,-4,0,2023-02-06 16:14:58
90,-1,1,2023-02-06 21:29:18
90,9,0,2023-02-10 20:19:26
90,-3,1,2023-02-15 03:02:35
90,-3,0,2023-02-17 06:24:48
90,-8,1,2023-02-18 23:11:53
90,9,0,2023-02-20 04:55:02
90,-2,1,2023-02-28 20:04:14
90,-4,0,2023-03-02 00:10:59
90,-3,1,2023-03-02 12:39:33
90,-4,0,2023-03-03 05:42:58
90,0,1,2023-03-14 19:52:52
90,-5,0,2023-03-16 02:40:16
90,-5,1,2023-03-25 00:18:07
90,2,0,2023-03-27 02:47:07
90,-7,1,2023-03-27 21:21:41
90,6,0,2023-03-29 02:47:01
90,-4,1,2023-03-30 12:20:38
90,-8,0,2023-04-02 08:52:53
90,4,1,2023-04-08 02:13:03
90,-4,0,2023-04-09 17:58:00
90,-1,1,2023-04-19 16:22:24
90,9,0,2023-04-28 12:43:07
90,-3,1,2023-04-30 11:24:02
90,2,0,2023-05-03 14:53:24
90,-2,1,2023-05-06 22:46:47
90,-5,0,2023-05-11 05:39:09
90,-4,1,2023-05-21 22:11:36
90,7,0,2023-05-22 23:38:53
90,-10,1,2023-05-24 09:59:46
90,8,0,2023-05-25 22:36:10
90,6,1,2023-05-31 23:06:30
90,9,0,2023-06-06 16:59:20
90,-3,1,2023-06-06 23:28:29
90,9,0,2023-06-21 15:14:41
90,-2,1,2023-06-22 01:25:08
90,-7,0,2023-06-26 17:57:31
90,6,1,2023-07-04 18:07:06
90,-2,0,2023-07-08 05:58:04
90,4,1,2023-07-30 03:23:08
90,-5,0,2023-08-04 02:17:23
90,0,1,2023-08-09 17:55:22
90,7,0,2023-08-10 06:18:59
90,-5,1,2023-08-13 12:06:07
90,-2,0,2023-08-13 20:47:35
90,3,1,2023-08-22 00:22:20
90,-3,0,2023-08-23 06:18:07
90,-10,1,2023-09-05 22:43:54
90,-6,0,2023-09-10 04:21:06
90,3,1,2023-09-10 07:41:44
90,6,0,2023-09-10 19:12:58
90,-6,1,2023-09-12 16:48:28
90,7,0,2023-09-15 10:01:43
90,0,1,2023-09-16 05:25:59
90,-2,0,2023-09-16 09:23:25
90,-9,1,2023-09-16 20:47:52
90,3,0,2023-09-21 06:50:12
90,-5,1,2023-09-27 09:46:23
90,-7,0,2023-09-27 17:20:33
90,-3,1,2023-10-06 08:37:12
90,6,0,2023-10-07 14:44:16
90,1,1,2023-10-12 06:48:57
90,-8,0,2023-10-17 11:38:13
90,-2,1,2023-10-18 03:19:20
90,-2,0,2023-10-18 10:21:50
90,3,1,2023-10-22 02:58:22
90,0,0,2023-10-24 00:18:49
90,-1,1,2023-10-29 06:04:07
90,-4,0,2023-10-29 23:09:15
90,-4,1,2023-11-05 07:33:10
90,-1,0,2023-11-15 10:07:08
90,4,1,2023-11-19 16:43:22
90,-10,0,2023-12-01 22:43:21
90,3,1,2023-12-04 15:06:00
90,-6,0,2023-12-07 19:25:49
90,-4,1,2023-12-09 18:35:06
90,-2,0,2023-12-12 01:46:02
90,-6,1,2023-12-15 21:26:55
90,0,0,2023-12-17 13:08:55
90,2,1,2024-01-02 13:09:50
90,-3,0,2024-01-03 14:03:38
90,9,1,2024-01-11 08:23:12
90,0,0,2024-01-11 14:01:05
90,8,1,2024-01-18 04:28:11
90,0,0,2024-01-18 10:04:14
90,5,1,2024-01-22 05:00:20
90,6,0,2024-02-02 20:58:08
90,-6,1,2024-02-24 06:38:42
90,-6,0,2024-03-09 07:00:28
90,5,1,2024-03-14 18:04:26
90,-2,0,2024-03-16 16:54:18
90,-9,1,2024-03-26 07:12:54
90,9,0,2024-03-27 19:06:09
90,-7,1,2024-03-28 02:17:46
90,-9,0,2024-03-31 23:38:14
90,-6,1,2024-04-05 16:41:41
90,4,0,2024-04-07 12:00:25
90,8,1,2024-04-13 02:20:29
90,-7,0,2024-04-30 21:57:02
90,8,1,2024-05-06 17:41:24
90,9,0,2024-05-09 19:51:20
90,3,1,2024-06-01 08:24:52
90,-10,0,2024-06-10 17:41:25
90,-7,1,2024-06-16 21:14:58
90,-6,0,2024-06-17 15:37:57
90,-8,1,2024-06-17 23:53:12
90,0,0,2024-06-22 15:07:59
90,7,1,2024-06-22 16:43:37
90,1,0,2024-06-26 20:11:32
90,-10,1,2024-07-01 09:13:10
90,-6,0,2024-07-07 18:34:14
90,0,1,2024-07-07 19:03:20
90,-10,0,2024-07-08 16:54:28
90,3,1,2024-07-12 09:26:00
90,4,0,2024-07-14 14:50:26
90,5,1,2024-07-18 05:59:47
90,-9,0,2024-07-21 15:42:07
90,-2,1,2024-07-22 07:33:25
90,-5,0,2024-07-25 13:57:07
90,-5,1,2024-07-31 04:14:49
90,2,0,2024-08-03 16:05:26
90,4,1,2024-08-06 10:01:19
90,3,0,2024-08-08 00:55:35
90,-8,1,2024-08-12 17:02:21
90,-1,0,2024-08-13 10:40:49
90,-6,1,2024-08-21 23:41:54
90,8,0,2024-08-23 17:56:30
90,-6,1,2024-08-23 23:36:39
90,-7,0,2024-08-27 08:02:41
90,-1,1,2024-09-11 06:45:29
90,-10,0,2024-09-11 14:42:28
90,-7,1,2024-09-25 03:44:55
90,-10,0,2024-09-27 16:37:19
91,8,1,2023-01-01 03:00:00
91,6,0,2023-01-16 07:19:40
91,9,1,2023-01-18 13:53:13
91,6,0,2023-01-22 16:32:35
91,-7,1,2023-01-27 04:04:25
91,-2,0,2023-01-29 15:54:36
91,8,1,2023-01-30 09:11:33
91,6,0,2023-02-04 05:17:29
91,8,1,2023-02-06 09:09:36
91,4,0,2023-02-11 16:48:55
91,4,1,2023-02-13 02:31:49
91,2,0,2023-02-26 19:15:31
91,-2,1,2023-02-27 18:11:37
91,0,0,2023-02-27 18:35:00
91,-10,1,2023-03-01 10:05:56
91,-3,0,2023-03-02 17:54:44
91,9,1,2023-03-05 05:05:05
91,-3,0,2023-03-05 14:19:36
91,4,1,2023-03-05 19:34:40
91,-2,0,2023-03-07 20:36:57
91,4,1,2023-03-11 05:38:34
91,3,0,2023-03-15 15:54:08
91,-5,1,2023-03-18 07:04:40
91,5,0,2023-03-22 15:19:39
91,2,1,2023-03-23 03:15:40
91,9,0,2023-03-23 06:45:22
91,7,1,2023-04-04 00:58:31
91,-7,0,2023-04-04 07:25:12
91,4,1,2023-04-13 00:35:20
91,6,0,2023-04-14 09:23:38
91,-2,1,2023-04-14 22:39:12
91,8,0,2023-04-15 14:26:51
91,-9,1,2023-04-16 00:03:23
91,-7,0,2023-04-16 14:27:21
91,3,1,2023-04-24 04:52:44
91,2,0,2023-04-24 08:32:14
91,-9,1,2023-05-01 16:12:21
91,6,0,2023-05-02 08:07:03
91,-10,1,2023-05-04 02:27:30
91,7,0,2023-05-06 04:33:50
91,-1,1,2023-05-08 00:19:18
91,-4,0,2023-05-11 18:26:49
91,-2,1,2023-05-13 07:42:42
91,-9,0,2023-05-15 06:49:41
91,-5,1,2023-05-16 17:03:37
91,-7,0,2023-05-20 10:53:24
91,7,1,2023-05-22 04:25:24
91,9,0,2023-05-28 10:01:10
91,-2,1,2023-05-29 21:29:37
91,-7,0,2023-05-29 22:26:11
91,-1,1,2023-06-02 19:40:51
91,-5,0,2023-06-04 07:47:17
91,-9,1,2023-06-05 06:07:33
91,9,0,2023-06-17 09:47:12
91,-8,1,2023-06-20 06:52:53
91,9,0,2023-07-10 08:13:18
91,0,1,2023-07-12 03:28:26
91,7,0,2023-07-13 18:42:50
91,-1,1,2023-07-15 23:28:36
91,-3,0,2023-07-17 23:13:21
91,-3,1,2023-07-23 17:44:56
91,3,0,2023-07-28 06:20:36
91,-8,1,2023-08-02 10:21:50
91,-8,0,2023-08-11 07:53:11
91,1,1,2023-08-20 09:03:11
91,-2,0,2023-09-01 15:50:33
91,3,1,2023-09-08 15:03:53
91,1,0,2023-09-16 11:57:04
91,-10,1,2023-10-02 03:39:54
91,-1,0,2023-10-03 13:03:33
91,-2,1,2023-10-07 08:37:49
91,6,0,2023-10-10 12:24:02
91,2,1,2023-10-17 14:08:18
91,2,0,2023-10-23 18:22:06
91,-6,1,2023-10-25 16:49:30
91,-3,0,2023-10-27 07:27:53
91,8,1,2023-10-28 04:40:11
91,-9,0,2023-10-28 19:28:23
91,-10,1,2023-11-01 19:06:29
91,-1,0,2023-11-05 21:16:44
91,-9,1,2023-11-06 18:29:52
91,7,0,2023-11-09 13:38:25
91,3,1,2023-11-14 04:35:21
91,6,0,2023-11-16 04:15:56
91,-3,1,2023-11-19 07:07:19
91,-8,0,2023-11-20 07:21:36
91,-5,1,2023-11-21 21:51:56
91,-4,0,2023-11-29 15:26:41
91,1,1,2023-12-28 04:30:24
91,-3,0,2023-12-28 08:41:10
91,7,1,2024-01-02 10:16:43
91,-1,0,2024-01-04 21:43:07
91,-8,1,2024-01-05 17:14:08
91,-5,0,2024-01-14 09:16:02
91,4,1,2024-01-15 01:12:52
91,6,0,2024-01-16 08:47:04
91,7,1,2024-01-17 14:22:51
91,-4,0,2024-01-27 02:45:28
91,-6,1,2024-02-01 17:39:03
91,3,0,2024-02-01 21:41:04
91,0,1,2024-02-03 13:13:00
91,8,0,2024-02-08 15:50:23
91,-7,1,2024-02-13 04:56:47
91,0,0,2024-02-16 03:56:27
91,3,1,2024-02-17 13:11:18
91,-8,0,2024-02-17 21:22:34
91,-7,1,2024-02-22 06:35:53
91,-9,0,2024-02-22 15:54:35
91,5,1,2024-02-22 23:46:23
91,-3,0,2024-02-27 15:30:09
91,-10,1,2024-03-10 14:55:13
91,-4,0,2024-03-10 15:59:03
91,1,1,2024-03-11 22:00:14
91,1,0,2024-03-24 02:53:28
91,-2,1,2024-03-29 12:34:42
91,-5,0,2024-04-02 00:45:33
91,6,1,2024-04-04 02:06:11
91,2,0,2024-04-05 11:09:52
91,-2,1,2024-04-12 10:51:04
91,-6,0,2024-04-13 07:09:15
91,-5,1,2024-04-15 11:41:00
91,9,0,2024-04-15 15:29:31
91,-1,1,2024-04-16 15:48:47
91,0,0,2024-04-20 04:53:47
91,-9,1,2024-05-07 02:38:07
91,4,0,2024-05-13 14:02:58
91,6,1,2024-05-18 02:16:38
91,-10,0,2024-05-20 04:33:20
91,4,1,2024-06-03 12:43:31
91,6,0,2024-06-05 18:03:46
91,-9,1,2024-06-06 00:17:14
91,6,0,2024-06-08 05:14:55
91,-4,1,2024-06-09 15:22:54
91,-2,0,2024-06-18 16:49:15
91,9,1,2024-06-23 14:09:20
91,8,0,2024-06-27 21:57:32
91,1,1,2024-07-03 18:29:32
91,-10,0,2024-07-05 07:36:54
91,-8,1,2024-07-09 06:40:51
91,-1,0,2024-07-10 06:26:56
91,1,1,2024-07-11 00:50:25
91,-10,0,2024-07-13 11:13:09
91,-3,1,2024-07-21 23:22:23
91,4,0,2024-07-23 04:20:50
91,5,1,2024-07-24 00:56:19
91,-8,0,2024-08-01 02:56:32
91,1,1,2024-08-02 20:33:04
91,3,0,2024-08-03 09:06:42
91,9,1,2024-08-03 13:24:34
91,1,0,2024-08-05 12:36:35
91,7,1,2024-08-19 19:17:45
91,1,0,2024-08-20 10:28:23
91,2,1,2024-09-05 18:04:25
91,5,0,2024-09-13 23:26:56
91,-5,1,2024-09-14 22:21:49
91,-5,0,2024-09-17 18:24:41
91,-2,1,2024-09-18 18:32:04
91,6,0,2024-09-19 14:54:52
91,-7,1,2024-09-20 05:41:52
91,-7,0,2024-09-23 16:01:41
91,-5,1,2024-09-24 03:07:14
92,-9,0,2023-01-06 06:40:04
92,6,1,2023-01-14 07:43:47
92,-10,0,2023-01-21 16:06:34
92,0,1,2023-01-30 08:11:38
92,-9,0,2023-01-31 23:40:11
92,-2,1,2023-02-05 08:48:13
92,0,0,2023-02-05 11:59:18
92,9,1,2023-02-13 17:07:11
92,-7,0,2023-02-15 07:46:49
92,3,1,2023-02-18 01:15:29
92,-2,0,2023-02-18 12:31:15
92,-1,1,2023-02-19 18:01:10
92,1,0,2023-02-24 03:58:12
92,8,1,2023-02-28 06:41:36
92,-10,0,2023-03-05 21:15:15
92,-8,1,2023-03-06 23:24:38
92,8,0,2023-03-09 15:11:36
92,3,1,2023-03-10 04:29:45
92,2,0,2023-03-11 18:26:44
92,-10,1,2023-03-13 10:20:19
92,-8,0,2023-03-18 03:58:35
92,9,1,2023-03-18 04:29:05
92,-8,0,2023-03-18 09:56:24
92,-7,1,2023-03-20 02:49:12
92,-9,0,2023-03-27 03:04:07
92,-3,1,2023-03-27 21:44:00
92,-3,0,2023-03-30 19:19:42
92,-10,1,2023-04-01 17:41:20
92,-1,0,2023-04-02 02:22:01
92,-7,1,2023-04-03 19:36:36
92,4,0,2023-04-03 20:59:13
92,-5,1,2023-04-12 04:03:19
92,-2,0,2023-04-14 13:10:53
92,6,1,2023-04-15 22:59:05
92,-7,0,2023-04-16 06:16:55
92,4,1,2023-04-19 03:45:16
92,9,0,2023-04-23 10:15:39
92,-1,1,2023-04-30 05:41:03
92,-2,0,2023-05-13 23:21:48
92,-1,1,2023-05-26 04:47:59
92,-8,0,2023-06-06 07:18:21
92,8,1,2023-06-19 05:41:34
92,-5,0,2023-06-22 10:44:34
92,9,1,2023-06-22 12:31:43
92,9,0,2023-06-22 18:13:01
92,-7,1,2023-06-26 14:18:16
92,1,0,2023-07-09 00:36:01
92,-9,1,2023-07-09 05:05:10
92,6,0,2023-07-17 14:07:31
92,9,1,2023-07-19 22:40:21
92,9,0,2023-07-21 14:57:52
92,1,1,2023-07-21 20:43:21
92,-4,0,2023-07-29 04:14:11
92,9,1,2023-08-01 18:24:03
92,-1,0,2023-08-03 14:23:04
92,8,1,2023-08-04 09:18:58
92,-7,0,2023-08-05 22:39:31
92,1,1,2023-08-06 04:35:05
92,1,0,2023-08-12 15:20:52
92,-3,1,2023-08-18 10:52:05
92,8,0,2023-08-23 11:23:51
92,8,1,2023-08-25 16:48:34
92,-5,0,2023-08-26 16:24:46
92,-3,1,2023-09-02 21:09:49
92,1,0,2023-09-07 02:26:06
92,0,1,2023-09-20 10:19:55
92,2,0,2023-09-21 22:36:31
92,1,1,2023-09-25 16:23:47
92,-4,0,2023-09-26 16:03:07
92,5,1,2023-09-29 02:18:42
92,2,0,2023-10-03 03:47:02
92,3,1,2023-10-06 05:23:29
92,-7,0,2023-10-15 05:08:40
92,-10,1,2023-10-15 07:07:49
92,7,0,2023-10-16 13:21:36
92,7,1,2023-10-18 14:42:56
92,-7,0,2023-10-24 11:39:13
92,-10,1,2023-10-24 23:34:30
92,-1,0,2023-10-25 21:07:26
92,5,1,2023-10-26 06:14:41
92,-2,0,2023-10-27 20:39:31
92,-10,1,2023-10-27 21:38:55
92,-5,0,2023-10-29 12:10:27
92,-7,1,2023-10-30 09:24:37
92,6,0,2023-11-04 16:20:54
92,-9,1,2023-11-06 04:08:11
92,3,0,2023-11-06 07:08:25
92,8,1,2023-11-08 03:03:23
92,-7,0,2023-11-09 13:35:28
92,9,1,2023-11-10 04:58:28
92,0,0,2023-11-12 22:33:22
92,5,1,2023-11-15 06:39:46
92,4,0,2023-11-19 01:59:45
92,-3,1,2023-11-19 15:27:47
92,-4,0,2023-11-21 07:41:36
92,3,1,2023-11-22 21:03:20
92,-4,0,2023-12-03 17:32:42
92,8,1,2023-12-05 02:58:18
92,8,0,2023-12-10 18:37:41
92,-6,1,2023-12-10 22:14:33
92,9,0,2023-12-23 02:51:19
92,2,1,2023-12-23 18:02:04
92,-3,0,2023-12-29 04:44:57
92,7,1,2023-12-30 07:06:47
92,-4,0,2024-01-04 10:04:16
92,0,1,2024-01-08 02:45:16
92,-8,0,2024-01-08 07:02:24
92,-6,1,2024-01-10 12:30:51
92,-1,0,2024-01-10 21:15:47
92,-2,1,2024-01-14 21:58:14
92,0,0,2024-01-18 12:06:14
92,-7,1,2024-01-23 21:08:06
92,-7,0,2024-01-26 09:21:27
92,6,1,2024-01-26 17:21:35
92,-3,0,2024-01-28 03:28:04
92,-3,1,2024-01-29 08:18:07
92,-2,0,2024-01-31 00:21:38
92,-7,1,2024-02-02 07:46:23
92,-6,0,2024-02-05 07:45:16
92,-5,1,2024-02-05 20:35:01
92,-2,0,2024-02-18 00:31:42
92,9,1,2024-02-19 22:07:34
92,-10,0,2024-02-20 07:20:39
92,3,1,2024-02-24 11:51:32
92,-9,0,2024-02-26 06:55:21
92,8,1,2024-02-28 22:37:02
92,6,0,2024-03-09 23:10:46
92,9,1,2024-03-13 22:07:49
92,-2,0,2024-03-21 04:42:32
92,7,1,2024-03-25 19:19:23
92,-3,0,2024-03-29 08:58:31
92,7,1,2024-03-30 11:29:23
92,-6,0,2024-03-31 14:39:58
92,-2,1,2024-04-01 06:25:15
92,3,0,2024-04-01 19:27:49
92,0,1,2024-04-02 06:03:51
92,0,0,2024-04-04 04:23:58
92,2,1,2024-04-07 00:59:23
92,-10,0,2024-04-17 16:51:47
92,1,1,2024-04-23 03:18:19
92,5,0,2024-04-25 13:52:10
92,-1,1,2024-04-28 03:03:40
92,6,0,2024-05-09 21:28:51
92,7,1,2024-05-14 03:35:54
92,3,0,2024-05-14 05:46:53
92,-6,1,2024-05-14 14:45:36
92,-10,0,2024-05-15 02:21:26
92,-10,1,2024-05-16 15:36:02
92,8,0,2024-05-22 15:15:02
92,-10,1,2024-05-26 04:58:04
92,1,0,2024-05-27 06:34:47
92,-1,1,2024-06-01 04:24:20
92,2,0,2024-06-01 21:26:27
92,-8,1,2024-06-02 22:34:10
92,-7,0,2024-06-06 14:50:59
92,-7,1,2024-06-18 15:52:15
92,6,0,2024-06-21 11:56:34
92,-3,1,2024-06-25 07:24:28
92,-6,0,2024-06-25 22:44:26
92,1,1,2024-06-28 08:04:33
92,-1,0,2024-07-04 19:37:27
92,-1,1,2024-07-06 09:09:39
92,3,0,2024-07-09 06:46:07
92,-2,1,2024-07-12 16:56:18
92,-10,0,2024-07-15 16:42:39
92,8,1,2024-07-16 05:02:19
92,2,0,2024-07-18 21:17:51
92,-1,1,2024-07-20 13:36:54
92,-4,0,2024-07-26 05:01:47
92,-4,1,2024-07-27 16:08:36
92,1,0,2024-08-15 23:34:03
92,-7,1,2024-08-16 13:47:04
92,-3,0,2024-08-17 01:53:00
92,-2,1,2024-08-19 02:38:13
92,8,0,2024-08-19 17:44:30
92,4,1,2024-08-22 22:13:28
92,-10,0,2024-09-03 04:33:35
92,7,1,2024-09-04 09:36:42
92,-1,0,2024-09-09 11:27:52
92,4,1,2024-09-13 15:11:00
92,8,0,2024-09-16 03:38:16
92,2,1,2024-09-18 22:42:36
92,3,0,2024-09-21 03:13:53
92,3,1,2024-09-25 10:20:25
92,1,0,2024-09-25 21:30:48
93,-7,1,2023-01-09 05:23:21
93,-4,0,2023-01-09 09:45:24
93,-9,1,2023-01-14 02:20:11
93,-7,0,2023-01-14 18:55:35
93,-3,1,2023-01-19 06:18:36
93,-5,0,2023-01-19 12:03:45
93,5,1,2023-01-19 12:58:41
93,7,0,2023-01-27 13:42:51
93,4,1,2023-02-02 17:41:09
93,7,0,2023-02-09 06:53:31
93,5,1,2023-03-05 03:01:12
93,1,0,2023-03-07 18:04:06
93,-6,1,2023-03-14 06:22:04
93,-2,0,2023-03-14 07:31:02
93,-5,1,2023-03-14 15:07:55
93,6,0,2023-03-19 06:38:45
93,-3,1,2023-03-28 16:03:45
93,3,0,2023-03-31 03:02:11
93,-7,1,2023-04-03 03:05:18
93,8,0,2023-04-13 09:28:17
93,6,1,2023-04-24 08:36:24
93,-5,0,2023-04-28 16:54:37
93,2,1,2023-05-01 23:50:56
93,-9,0,2023-05-04 04:20:09
93,9,1,2023-05-06 07:52:50
93,8,0,2023-05-13 12:38:17
93,3,1,2023-05-14 13:05:42
93,-9,0,2023-06-02 23:07:38
93,-4,1,2023-06-10 14:35:05
93,8,0,2023-06-13 12:43:28
93,-9,1,2023-06-16 00:10:57
93,-6,0,2023-06-17 20:22:35
93,3,1,2023-06-21 20:30:37
93,9,0,2023-06-29 15:56:06
93,9,1,2023-07-01 10:29:01
93,2,0,2023-07-04 09:22:50
93,-8,1,2023-07-07 12:20:50
93,5,0,2023-07-07 19:46:08
93,-5,1,2023-07-10 13:29:33
93,3,0,2023-07-14 09:04:36
93,0,1,2023-07-21 14:09:05
93,4,0,2023-07-27 10:37:06
93,0,1,2023-08-01 10:15:51
93,-8,0,2023-08-09 11:03:06
93,-5,1,2023-08-10 09:02:12
93,-4,0,2023-08-11 03:27:51
93,-10,1,2023-08-12 20:13:53
93,1,0,2023-08-15 05:26:59
93,-4,1,2023-08-16 15:09:53
93,-1,0,2023-08-19 03:34:38
93,7,1,2023-08-22 00:04:06
93,1,0,2023-08-25 05:10:18
93,-2,1,2023-09-07 16:25:31
93,0,0,2023-09-08 20:18:09
93,-9,1,2023-09-11 22:11:08
93,0,0,2023-09-12 03:27:21
93,-6,1,2023-09-16 09:47:32
93,1,0,2023-09-22 16:02:17
93,-3,1,2023-10-09 07:17:51
93,3,0,2023-10-16 00:13:30
93,3,1,2023-10-17 04:51:10
93,7,0,2023-10-17 14:58:48
93,-7,1,2023-10-20 20:14:00
93,8,0,2023-10-21 04:01:42
93,-4,1,2023-10-26 18:33:45
93,-4,0,2023-11-03 05:34:05
93,-2,1,2023-11-07 17:04:06
93,-10,0,2023-11-13 02:44:02
93,-7,1,2023-11-14 19:41:29
93,-5,0,2023-11-15 00:08:37
93,0,1,2023-11-21 09:22:32
93,9,0,2023-11-29 16:24:04
93,0,1,2023-12-04 09:16:02
93,-4,0,2023-12-04 21:39:11
93,3,1,2023-12-08 18:55:25
93,-3,0,2023-12-09 10:32:22
93,-7,1,2023-12-11 11:08:26
93,-6,0,2023-12-16 22:29:56
93,-6,1,2023-12-21 08:41:21
93,-1,0,2024-01-03 06:34:17
93,-6,1,2024-01-03 14:26:41
93,0,0,2024-01-04 04:57:21
93,3,1,2024-01-09 13:03:20
93,5,0,2024-01-10 16:46:37
93,-6,1,2024-01-21 13:48:15
93,1,0,2024-01-26 07:08:12
93,0,1,2024-01-27 10:07:03
93,-7,0,2024-01-30 01:11:51
93,3,1,2024-02-02 16:51:18
93,1,0,2024-02-03 13:40:59
93,6,1,2024-02-12 15:21:35
93,6,0,2024-02-14 04:52:58
93,-7,1,2024-02-26 10:48:58
93,-5,0,2024-03-06 17:26:20
93,5,1,2024-03-23 23:53:38
93,-6,0,2024-03-25 06:28:07
93,5,1,2024-03-27 01:27:55
93,6,0,2024-03-28 05:57:28
93,-1,1,2024-03-28 07:12:31
93,-1,0,2024-04-06 12:04:53
93,-1,1,2024-04-07 08:46:42
93,-9,0,2024-04-13 22:35:48
93,-2,1,2024-04-21 12:56:57
93,5,0,2024-05-07 08:18:43
93,-9,1,2024-05-12 07:52:04
93,8,0,2024-05-13 03:19:02
93,9,1,2024-05-17 07:09:43
93,1,0,2024-05-20 00:58:06
93,-1,1,2024-05-27 09:19:02
93,-6,0,2024-05-30 07:16:04
93,4,1,2024-06-02 18:01:10
93,-4,0,2024-06-06 12:59:42
93,6,1,2024-06-10 10:53:04
93,5,0,2024-06-16 09:52:48
93,0,1,2024-06-20 09:56:35
93,-2,0,2024-06-20 12:31:12
93,-2,1,2024-07-01 20:13:49
93,0,0,2024-07-04 12:39:54
93,8,1,2024-07-07 22:35:27
93,1,0,2024-07-21 14:51:48
93,5,1,2024-07-22 22:48:31
93,7,0,2024-08-02 18:38:48
93,-5,1,2024-08-09 00:47:32
93,5,0,2024-08-18 03:52:01
93,-4,1,2024-08-21 11:23:45
93,-5,0,2024-08-24 04:21:29
93,-1,1,2024-08-30 02:47:08
93,7,0,2024-08-30 05:08:44
93,-10,1,2024-09-04 02:36:12
93,-3,0,2024-09-04 13:20:07
93,-5,1,2024-09-08 02:44:14
93,-7,0,2024-09-16 06:18:46
93,-10,1,2024-09-30 01:25:14
94,-2,0,2023-01-01 12:32:03
94,0,1,2023-01-12 12:05:31
94,-4,0,2023-01-23 09:14:35
94,9,1,2023-01-28 18:07:22
94,7,0,2023-01-30 16:17:23
94,7,1,2023-01-30 18:16:15
94,-2,0,2023-01-31 12:14:26
94,-10,1,2023-02-02 08:22:15
94,-8,0,2023-02-10 20:28:06
94,-8,1,2023-02-13 17:24:01
94,5,0,2023-02-17 14:33:15
94,-3,1,2023-02-18 13:26:35
94,-8,0,2023-02-23 05:58:05
94,-10,1,2023-03-01 19:56:52
94,2,0,2023-03-02 15:15:28
94,0,1,2023-03-08 00:16:08
94,8,0,2023-03-09 06:51:36
94,-10,1,2023-03-11 15:23:57
94,7,0,2023-03-13 23:30:58
94,-3,1,2023-03-14 06:33:28
94,-1,0,2023-03-15 05:17:03
94,0,1,2023-03-23 10:58:29
94,8,0,2023-03-29 17:49:08
94,-6,1,2023-03-31 14:26:29
94,-1,0,2023-04-01 22:59:57
94,-6,1,2023-04-02 11:12:26
94,-4,0,2023-04-06 01:44:28
94,-6,1,2023-04-17 15:24:33
94,-6,0,2023-04-23 08:47:08
94,6,1,2023-04-24 15:18:02
94,1,0,2023-04-25 23:15:59
94,-10,1,2023-04-26 13:31:45
94,4,0,2023-04-26 14:38:14
94,2,1,2023-04-30 16:32:11
94,6,0,2023-05-01 03:04:24
94,-1,1,2023-05-06 20:42:28
94,-5,0,2023-05-08 14:27:20
94,-9,1,2023-05-12 05:40:53
94,0,0,2023-05-14 22:51:25
94,9,1,2023-05-18 14:42:54
94,2,0,2023-05-29 07:34:45
94,-8,1,2023-05-30 06:52:23
94,-1,0,2023-06-02 11:25:20
94,9,1,2023-06-23 06:13:32
94,-10,0,2023-06-23 07:34:57
94,-10,1,2023-06-24 03:46:29
94,4,0,2023-06-28 07:41:36
94,-1,1,2023-07-02 21:26:26
94,-6,0,2023-07-14 18:44:40
94,2,1,2023-07-20 17:49:16
94,-9,0,2023-07-23 18:36:56
94,-5,1,2023-07-28 10:51:34
94,5,0,2023-07-28 12:37:22
94,-5,1,2023-08-06 03:13:07
94,-5,0,2023-08-06 18:29:15
94,8,1,2023-08-09 19:16:03
94,-4,0,2023-08-10 11:08:30
94,7,1,2023-08-14 14:09:31
94,-7,0,2023-08-23 07:33:44
94,-9,1,2023-08-25 18:50:31
94,-8,0,2023-08-26 11:02:42
94,-9,1,2023-09-01 02:53:21
94,8,0,2023-09-03 10:38:02
94,4,1,2023-09-03 17:00:39
94,6,0,2023-09-10 17:48:34
94,2,1,2023-09-12 22:59:14
94,8,0,2023-09-14 21:13:32
94,-2,1,2023-09-22 06:42:26
94,6,0,2023-09-23 00:32:26
94,-7,1,2023-09-26 14:02:08
94,-9,0,2023-09-26 16:44:11
94,6,1,2023-10-02 12:45:51
94,-7,0,2023-10-02 13:50:26
94,-3,1,2023-10-04 13:44:29
94,1,0,2023-10-04 21:28:13
94,2,1,2023-10-15 04:28:56
94,0,0,2023-10-15 17:46:31
94,6,1,2023-10-21 03:29:23
94,3,0,2023-10-22 05:35:07
94,-4,1,2023-10-28 06:51:54
94,-3,0,2023-11-10 11:53:26
94,-3,1,2023-11-29 02:29:31
94,5,0,2023-12-02 19:42:21
94,-8,1,2023-12-03 11:54:44
94,-3,0,2023-12-03 23:30:49
94,5,1,2023-12-24 02:04:28
94,-9,0,2023-12-25 04:27:00
94,0,1,2023-12-29 11:49:36
94,-2,0,2023-12-29 19:55:00
94,0,1,2023-12-31 12:56:33
94,0,0,2024-01-09 16:32:45
94,-6,1,2024-01-13 10:41:36
94,8,0,2024-01-20 14:57:13
94,0,1,2024-01-21 00:46:33
94,-3,0,2024-01-30 02:15:07
94,-7,1,2024-02-02 03:29:36
94,-2,0,2024-02-06 01:40:46
94,-5,1,2024-02-09 22:59:48
94,-10,0,2024-02-13 20:18:34
94,8,1,2024-02-15 23:57:47
94,-8,0,2024-02-17 20:46:52
94,-1,1,2024-02-20 09:30:42
94,-4,0,2024-02-22 04:35:38
94,0,1,2024-02-24 14:27:30
94,-7,0,2024-02-25 21:59:59
94,-7,1,2024-03-07 05:04:19
94,-9,0,2024-03-10 02:37:26
94,9,1,2024-03-21 06:59:15
94,9,0,2024-03-26 05:09:55
94,4,1,2024-03-26 08:55:11
94,-8,0,2024-03-27 13:18:41
94,-9,1,2024-03-29 14:01:36
94,-3,0,2024-04-01 05:13:40
94,-8,1,2024-04-02 18:43:06
94,6,0,2024-04-08 01:50:22
94,5,1,2024-04-14 23:26:10
94,3,0,2024-04-15 01:03:05
94,1,1,2024-05-04 05:43:52
94,-1,0,2024-05-19 01:49:49
94,5,1,2024-05-28 11:27:21
94,1,0,2024-05-29 19:24:54
94,-1,1,2024-06-03 23:07:44
94,-10,0,2024-06-16 21:59:18
94,0,1,2024-06-20 22:47:42
94,4,0,2024-06-23 10:06:00
94,8,1,2024-06-27 14:20:38
94,9,0,2024-07-03 12:13:26
94,7,1,2024-07-09 02:54:59
94,4,0,2024-07-10 08:57:54
94,6,1,2024-07-10 16:30:44
94,-8,0,2024-07-11 14:32:27
94,2,1,2024-07-11 23:02:08
94,6,0,2024-07-15 23:36:02
94,0,1,2024-07-20 22:11:20
94,-8,0,2024-07-24 18:17:57
94,0,1,2024-08-02 09:13:10
94,-2,0,2024-08-03 22:25:21
94,9,1,2024-08-05 21:12:59
94,8,0,2024-08-12 04:43:43
94,0,1,2024-08-14 21:29:25
94,-1,0,2024-08-26 23:11:58
94,-9,1,2024-08-30 07:17:33
94,-10,0,2024-09-10 10:31:48
94,0,1,2024-09-11 14:50:05
94,9,0,2024-09-17 16:30:21
94,-8,1,2024-09-20 04:36:28
95,-7,0,2023-01-05 02:01:12
95,7,1,2023-01-07 00:48:51
95,-3,0,2023-01-08 09:57:47
95,1,1,2023-01-13 04:44:15
95,-3,0,2023-01-18 13:49:06
95,-1,1,2023-01-20 09:23:15
95,-1,0,2023-01-28 05:25:49
95,4,1,2023-01-30 02:05:06
95,0,0,2023-02-01 08:47:31
95,-9,1,2023-02-04 20:57:18
95,3,0,2023-02-10 14:22:40
95,-8,1,2023-02-14 18:02:55
95,-1,0,2023-02-20 13:06:37
95,-3,1,2023-02-20 21:55:05
95,1,0,2023-02-21 07:08:53
95,9,1,2023-03-04 15:42:33
95,3,0,2023-03-08 18:15:38
95,0,1,2023-03-12 17:56:55
95,5,0,2023-03-18 06:52:56
95,7,1,2023-04-01 11:28:37
95,0,0,2023-04-03 03:45:48
95,-1,1,2023-04-04 13:51:33
95,4,0,2023-04-16 07:54:56
95,4,1,2023-04-24 21:03:39
95,8,0,2023-04-25 22:05:51
95,-6,1,2023-04-26 12:23:06
95,-9,0,2023-05-02 11:17:25
95,2,1,2023-05-03 03:03:02
95,-8,0,2023-05-03 12:03:42
95,-6,1,2023-05-06 09:23:58
95,-8,0,2023-05-07 23:32:40
95,-1,1,2023-05-09 20:39:05
95,2,0,2023-05-10 13:44:47
95,7,1,2023-05-15 14:17:32
95,0,0,2023-05-16 06:20:43
95,-4,1,2023-05-23 14:08:05
95,-2,0,2023-05-25 19:57:38
95,1,1,2023-06-05 19:42:00
95,9,0,2023-06-05 22:30:33
95,-8,1,2023-06-07 09:03:50
95,7,0,2023-06-07 14:46:50
95,-6,1,2023-06-09 08:42:10
95,-10,0,2023-06-12 08:29:43
95,5,1,2023-06-15 13:40:40
95,7,0,2023-06-15 22:41:17
95,-8,1,2023-06-27 06:01:02
95,2,0,2023-06-30 02:06:14
95,1,1,2023-07-01 15:08:55
95,1,0,2023-07-14 01:15:00
95,3,1,2023-07-14 01:15:10
95,5,0,2023-07-14 09:16:08
95,9,1,2023-07-15 04:19:28
95,-10,0,2023-07-21 00:34:38
95,-1,1,2023-07-25 07:11:25
95,5,0,2023-07-30 04:55:11
95,6,1,2023-07-30 09:45:31
95,-9,0,2023-08-06 18:12:16
95,9,1,2023-08-07 22:28:41
95,4,0,2023-08-09 14:17:43
95,-10,1,2023-08-13 13:55:11
95,2,0,2023-08-19 00:51:07
95,-7,1,2023-08-19 05:56:36
95,8,0,2023-08-20 06:31:02
95,8,1,2023-08-24 08:42:31
95,-5,0,2023-08-25 03:52:34
95,3,1,2023-08-28 05:57:54
95,9,0,2023-08-29 07:04:21
95,3,1,2023-08-31 23:34:22
95,-7,0,2023-09-05 17:48:03
95,9,1,2023-09-08 07:23:36
95,-3,0,2023-09-10 00:47:29
95,-3,1,2023-09-21 02:58:29
95,-3,0,2023-09-23 11:07:41
95,4,1,2023-09-24 15:08:58
95,-8,0,2023-10-01 04:17:17
95,-10,1,2023-10-11 09:10:27
95,8,0,2023-10-11 10:53:44
95,1,1,2023-10-14 09:04:08
95,-3,0,2023-10-24 18:15:52
95,5,1,2023-11-01 07:55:15
95,6,0,2023-11-01 19:14:08
95,7,1,2023-11-05 09:54:44
95,-3,0,2023-11-07 12:55:09
95,-7,1,2023-11-09 12:00:47
95,3,0,2023-11-11 23:03:41
95,2,1,2023-11-14 16:46:40
95,-6,0,2023-11-18 10:07:38
95,3,1,2023-11-29 03:05:12
95,-7,0,2023-12-09 06:06:57
95,-2,1,2023-12-13 18:14:01
95,-4,0,2023-12-14 20:47:16
95,-7,1,2023-12-15 06:18:51
95,-1,0,2023-12-18 14:06:26
95,-3,1,2023-12-24 03:37:56
95,-1,0,2023-12-24 13:22:56
95,8,1,2023-12-28 03:59:17
95,9,0,2024-01-01 03:25:40
95,5,1,2024-01-07 15:30:03
95,0,0,2024-01-10 10:24:11
95,-8,1,2024-01-12 23:00:44
95,-4,0,2024-01-14 19:55:43
95,-6,1,2024-01-16 19:09:58
95,-6,0,2024-02-01 22:04:10
95,-9,1,2024-02-04 00:54:07
95,1,0,2024-02-05 12:55:11
95,-6,1,2024-02-06 07:38:24
95,3,0,2024-02-06 09:12:44
95,-6,1,2024-02-08 10:45:09
95,-1,0,2024-02-10 01:17:03
95,4,1,2024-02-13 01:30:45
95,7,0,2024-02-17 21:50:54
95,-2,1,2024-02-23 22:36:48
95,6,0,2024-03-03 02:45:08
95,7,1,2024-03-10 00:39:56
95,-4,0,2024-03-14 03:12:15
95,4,1,2024-03-23 03:12:18
95,7,0,2024-03-23 10:41:54
95,-6,1,2024-03-25 15:30:35
95,-2,0,2024-04-07 21:05:05
95,1,1,2024-04-29 01:38:01
95,3,0,2024-05-03 06:42:14
95,5,1,2024-05-05 21:09:20
95,2,0,2024-05-12 20:31:41
95,8,1,2024-05-18 15:33:12
95,1,0,2024-05-19 03:40:23
95,2,1,2024-05-19 06:24:16
95,-1,0,2024-05-19 08:05:00
95,-3,1,2024-05-25 15:07:58
95,4,0,2024-05-25 16:40:39
95,1,1,2024-05-27 02:38:42
95,-6,0,2024-05-27 02:58:49
95,9,1,2024-05-27 04:02:58
95,-8,0,2024-05-30 09:56:12
95,5,1,2024-06-02 06:23:42
95,9,0,2024-06-02 07:05:23
95,0,1,2024-06-16 08:30:43
95,-1,0,2024-06-17 02:31:35
95,-10,1,2024-06-19 06:27:03
95,4,0,2024-06-22 05:04:24
95,-9,1,2024-06-28 11:15:57
95,-2,0,2024-06-28 18:06:34
95,-10,1,2024-06-30 09:53:28
95,-6,0,2024-07-16 04:56:20
95,1,1,2024-07-16 08:31:25
95,5,0,2024-08-04 10:22:32
95,-6,1,2024-08-04 13:27:33
95,0,0,2024-08-06 20:39:20
95,-3,1,2024-08-11 17:15:05
95,3,0,2024-09-04 14:24:14
95,-8,1,2024-09-15 05:34:17
95,0,0,2024-09-22 03:26:25
95,1,1,2024-09-22 21:27:42
95,1,0,2024-09-22 23:17:14
95,-4,1,2024-09-28 08:19:03
95,3,0,2024-09-30 14:11:33
96,2,1,2023-01-03 11:52:49
96,0,0,2023-01-04 04:17:43
96,-1,1,2023-01-07 11:30:19
96,-8,0,2023-01-10 17:47:43
96,-9,1,2023-01-14 06:40:46
96,2,0,2023-01-29 15:41:49
96,-10,1,2023-02-01 21:03:48
96,-5,0,2023-02-01 22:41:21
96,-4,1,2023-02-17 03:21:42
96,9,0,2023-02-25 15:19:57
96,-8,1,2023-02-26 05:20:17
96,-2,0,2023-02-27 03:08:33
96,1,1,2023-02-27 10:39:09
96,-6,0,2023-03-02 15:56:47
96,4,1,2023-03-03 21:46:49
96,-5,0,2023-03-05 20:09:26
96,-1,1,2023-03-10 04:41:14
96,-2,0,2023-03-19 04:56:15
96,4,1,2023-03-21 06:07:10
96,-1,0,2023-03-26 11:54:12
96,-5,1,2023-03-28 20:28:36
96,-4,0,2023-03-30 10:14:53
96,2,1,2023-04-01 09:00:57
96,6,0,2023-04-13 15:28:05
96,2,1,2023-04-16 01:02:23
96,2,0,2023-04-19 14:54:10
96,-8,1,2023-04-23 20:52:34
96,5,0,2023-04-24 12:00:48
96,-7,1,2023-04-25 07:09:28
96,6,0,2023-04-29 02:21:36
96,-8,1,2023-04-30 13:36:25
96,7,0,2023-05-04 05:48:50
96,7,1,2023-05-06 12:55:32
96,4,0,2023-05-07 06:34:36
96,-6,1,2023-05-07 07:49:56
96,9,0,2023-05-16 13:00:32
96,5,1,2023-05-27 11:16:14
96,-5,0,2023-06-04 12:12:56
96,6,1,2023-06-04 21:51:38
96,4,0,2023-06-11 08:20:12
96,-10,1,2023-06-12 15:36:23
96,5,0,2023-06-19 13:23:27
96,-1,1,2023-06-23 13:20:38
96,8,0,2023-06-24 20:32:03
96,2,1,2023-07-01 17:41:22
96,-8,0,2023-07-02 09:36:54
96,-9,1,2023-07-03 23:58:34
96,5,0,2023-07-05 05:16:20
96,-5,1,2023-07-05 22:28:04
96,-4,0,2023-07-09 18:42:46
96,-9,1,2023-07-15 16:11:09
96,-5,0,2023-07-19 00:53:52
96,-10,1,2023-07-22 06:42:20
96,-10,0,2023-08-01 21:06:05
96,9,1,2023-08-04 15:42:12
96,3,0,2023-08-08 03:52:44
96,4,1,2023-08-20 20:56:35
96,6,0,2023-08-25 17:18:29
96,7,1,2023-09-11 09:30:51
96,5,0,2023-09-20 05:50:22
96,-6,1,2023-09-20 18:21:34
96,4,0,2023-09-24 05:30:08
96,-6,1,2023-10-09 02:12:06
96,-10,0,2023-10-13 02:06:17
96,-5,1,2023-10-23 08:38:36
96,5,0,2023-10-23 11:53:46
96,-7,1,2023-11-07 13:04:38
96,7,0,2023-11-09 18:09:19
96,-5,1,2023-11-14 06:50:31
96,6,0,2023-11-16 06:57:11
96,0,1,2023-11-21 07:20:57
96,-8,0,2023-11-24 18:58:21
96,-9,1,2023-12-01 19:21:41
96,-7,0,2023-12-03 07:40:02
96,1,1,2023-12-05 08:43:54
96,1,0,2023-12-07 07:19:39
96,-3,1,2023-12-09 14:31:16
96,-8,0,2023-12-11 05:55:53
96,8,1,2023-12-18 23:15:10
96,-7,0,2023-12-23 10:47:14
96,-1,1,2023-12-23 22:41:52
96,-2,0,2023-12-29 21:49:21
96,3,1,2024-01-02 16:50:27
96,-1,0,2024-01-13 20:50:51
96,3,1,2024-01-15 11:32:18
96,-10,0,2024-01-16 18:34:58
96,-9,1,2024-01-17 07:19:56
96,1,0,2024-01-26 22:51:01
96,-6,1,2024-01-29 03:53:04
96,-5,0,2024-01-29 05:01:38
96,-1,1,2024-02-10 10:53:37
96,-6,0,2024-02-12 15:12:06
96,1,1,2024-02-14 13:34:56
96,5,0,2024-02-15 05:27:41
96,-9,1,2024-02-21 12:23:19
96,8,0,2024-03-01 22:27:47
96,2,1,2024-03-03 04:42:34
96,6,0,2024-03-03 23:49:50
96,-3,1,2024-03-09 01:23:14
96,2,0,2024-03-12 00:01:04
96,9,1,2024-03-12 11:09:49
96,-3,0,2024-03-19 01:34:08
96,9,1,2024-03-27 01:28:51
96,7,0,2024-03-28 07:13:32
96,0,1,2024-04-07 06:17:10
96,5,0,2024-04-07 18:05:21
96,-6,1,2024-04-07 19:15:17
96,-4,0,2024-04-11 10:00:16
96,6,1,2024-04-16 13:12:06
96,9,0,2024-04-20 21:38:52
96,-5,1,2024-04-21 11:11:44
96,-10,0,2024-04-26 22:54:41
96,3,1,2024-04-28 14:21:57
96,1,0,2024-05-04 19:24:37
96,-10,1,2024-05-17 13:12:41
96,1,0,2024-05-23 07:45:32
96,-2,1,2024-05-26 02:13:50
96,-8,0,2024-05-29 16:49:52
96,4,1,2024-06-02 11:03:32
96,-10,0,2024-06-04 02:58:37
96,7,1,2024-06-04 23:00:39
96,-1,0,2024-06-13 12:53:08
96,-5,1,2024-06-18 15:50:49
96,8,0,2024-06-21 11:01:31
96,-10,1,2024-06-28 22:26:36
96,6,0,2024-07-02 23:16:44
96,1,1,2024-07-08 22:43:39
96,6,0,2024-07-09 00:52:35
96,1,1,2024-07-09 19:12:11
96,-6,0,2024-07-14 00:05:16
96,-8,1,2024-07-16 16:13:36
96,8,0,2024-07-27 02:10:12
96,8,1,2024-07-28 20:46:35
96,-7,0,2024-08-07 14:12:54
96,0,1,2024-08-08 13:31:02
96,-10,0,2024-08-10 01:04:32
96,-7,1,2024-08-20 21:46:46
96,2,0,2024-08-21 15:10:40
96,7,1,2024-09-02 06:51:33
96,-1,0,2024-09-05 02:49:28
96,2,1,2024-09-16 01:34:02
96,9,0,2024-09-16 06:26:14
96,-2,1,2024-09-18 02:27:52
96,7,0,2024-09-18 06:09:31
96,3,1,2024-09-19 16:14:51
96,9,0,2024-09-25 08:58:33
96,-1,1,2024-09-26 17:31:39
96,8,0,2024-09-30 03:12:55
97,-9,1,2023-01-07 15:13:45
97,6,0,2023-01-16 13:04:59
97,0,1,2023-01-21 03:15:36
97,-8,0,2023-01-22 11:51:30
97,8,1,2023-01-22 19:17:07
97,-4,0,2023-01-24 03:42:09
97,3,1,2023-01-25 16:34:29
97,-7,0,2023-01-26 01:05:52
97,-9,1,2023-01-31 01:21:04
97,3,0,2023-02-07 06:41:25
97,-10,1,2023-02-10 15:39:39
97,-5,0,2023-02-11 14:40:06
97,-5,1,2023-02-12 21:33:15
97,-3,0,2023-02-14 12:25:35
97,-9,1,2023-02-15 22:46:33
97,2,0,2023-02-20 13:03:51
97,1,1,2023-02-25 09:23:02
97,0,0,2023-02-28 21:00:49
97,5,1,2023-03-03 22:08:09
97,-4,0,2023-03-14 03:29:04
97,-10,1,2023-03-17 18:07:40
97,-7,0,2023-03-19 05:40:16
97,-9,1,2023-03-19 17:29:02
97,3,0,2023-03-28 02:32:44
97,5,1,2023-04-03 14:31:21
97,-1,0,2023-04-09 23:47:49
97,8,1,2023-04-18 03:53:05
97,8,0,2023-04-18 14:13:44
97,9,1,2023-04-22 21:46:38
97,-9,0,2023-04-27 20:37:31
97,2,1,2023-05-04 22:26:30
97,-10,0,2023-05-07 19:14:21
97,-6,1,2023-05-16 04:09:13
97,6,0,2023-05-19 16:22:11
97,7,1,2023-05-20 14:05:53
97,-5,0,2023-05-25 12:54:11
97,-5,1,2023-06-11 11:10:09
97,-8,0,2023-06-19 20:18:02
97,-10,1,2023-06-20 12:03:00
97,3,0,2023-06-21 14:27:35
97,8,1,2023-06-23 13:10:01
97,9,0,2023-06-26 23:04:42
97,-3,1,2023-07-09 17:31:44
97,1,0,2023-07-12 21:59:49
97,4,1,2023-07-24 23:02:35
97,-7,0,2023-07-31 23:02:35
97,0,1,2023-08-09 18:42:16
97,2,0,2023-08-10 09:49:51
97,3,1,2023-08-17 10:48:15
97,-1,0,2023-08-18 02:13:11
97,3,1,2023-08-26 07:56:50
97,-3,0,2023-08-26 08:17:06
97,-1,1,2023-08-30 17:56:46
97,-8,0,2023-09-02 17:41:13
97,-6,1,2023-09-02 18:15:02
97,5,0,2023-09-03 14:40:42
97,-1,1,2023-09-11 23:05:46
97,-1,0,2023-09-12 00:58:27
97,8,1,2023-09-17 21:14:13
97,4,0,2023-09-23 01:36:48
97,-10,1,2023-09-23 03:13:57
97,4,0,2023-09-25 08:52:09
97,-6,1,2023-09-26 05:49:09
97,-8,0,2023-10-18 12:43:10
97,-6,1,2023-10-25 06:48:27
97,8,0,2023-10-26 14:27:48
97,-7,1,2023-10-27 14:52:52
97,-6,0,2023-10-30 14:59:11
97,9,1,2023-10-31 09:59:06
97,-5,0,2023-10-31 13:53:06
97,-6,1,2023-11-01 15:02:48
97,-1,0,2023-11-02 14:13:03
97,-3,1,2023-11-09 07:26:33
97,5,0,2023-11-12 23:47:30
97,3,1,2023-11-13 10:59:22
97,-3,0,2023-11-16 08:13:56
97,5,1,2023-11-16 23:30:41
97,-4,0,2023-11-18 09:09:58
97,5,1,2023-11-23 02:15:04
97,-7,0,2023-11-24 09:35:23
97,6,1,2023-12-07 04:31:01
97,-9,0,2023-12-08 15:39:09
97,1,1,2023-12-10 20:41:31
97,4,0,2023-12-11 12:57:01
97,7,1,2023-12-14 10:43:29
97,4,0,2023-12-31 14:21:07
97,-9,1,2024-01-18 07:18:05
97,-1,0,2024-01-19 18:12:45
97,-10,1,2024-01-27 05:41:13
97,-3,0,2024-01-31 16:15:46
97,-4,1,2024-02-05 15:09:24
97,-10,0,2024-03-06 19:27:48
97,4,1,2024-03-07 09:21:34
97,-3,0,2024-03-10 06:47:30
97,-7,1,2024-03-10 10:06:55
97,-10,0,2024-03-26 11:30:12
97,-3,1,2024-03-27 07:28:33
97,5,0,2024-04-04 02:45:07
97,0,1,2024-04-04 07:37:02
97,-8,0,2024-04-11 02:40:10
97,2,1,2024-04-17 18:11:47
97,4,0,2024-04-25 09:09:06
97,-5,1,2024-04-27 04:57:11
97,-9,0,2024-04-27 16:55:12
97,-9,1,2024-05-04 14:19:27
97,-9,0,2024-05-21 15:33:18
97,-10,1,2024-05-24 03:15:56
97,-6,0,2024-05-25 13:42:53
97,7,1,2024-05-26 13:40:43
97,-9,0,2024-05-28 00:52:38
97,2,1,2024-06-02 00:25:36
97,3,0,2024-06-02 19:31:33
97,-6,1,2024-06-18 09:27:50
97,0,0,2024-06-29 01:18:19
97,5,1,2024-06-30 00:47:40
97,4,0,2024-06-30 12:49:23
97,6,1,2024-06-30 19:44:22
97,6,0,2024-07-02 19:12:08
97,-10,1,2024-07-08 20:11:26
97,6,0,2024-07-23 21:15:08
97,-4,1,2024-08-03 09:37:19
97,-2,0,2024-08-06 13:58:15
97,7,1,2024-08-08 02:20:53
97,1,0,2024-08-29 17:27:45
97,8,1,2024-08-30 16:48:06
97,0,0,2024-09-01 22:48:48
97,4,1,2024-09-12 01:29:16
97,-3,0,2024-09-20 07:02:22
97,7,1,2024-09-24 17:33:21
97,-10,0,2024-09-27 21:05:38
97,4,1,2024-09-28 14:59:26
98,5,0,2023-01-01 18:07:31
98,5,1,2023-01-05 13:16:09
98,-9,0,2023-01-09 09:22:52
98,4,1,2023-01-15 12:16:22
98,-1,0,2023-01-24 18:49:27
98,3,1,2023-01-25 05:59:27
98,7,0,2023-01-29 15:39:13
98,5,1,2023-02-01 17:16:58
98,2,0,2023-02-01 23:42:49
98,-10,1,2023-02-03 20:20:40
98,-3,0,2023-02-04 07:08:00
98,8,1,2023-02-11 10:50:02
98,8,0,2023-02-15 01:44:30
98,2,1,2023-02-24 02:21:56
98,0,0,2023-03-01 06:25:06
98,-5,1,2023-03-16 05:43:52
98,7,0,2023-03-21 06:50:41
98,-7,1,2023-03-23 11:50:45
98,-10,0,2023-03-23 22:35:02
98,-8,1,2023-03-24 07:49:43
98,-4,0,2023-03-24 13:03:49
98,9,1,2023-03-28 19:25:51
98,-1,0,2023-03-30 21:21:30
98,-9,1,2023-04-11 07:27:24
98,0,0,2023-04-14 08:02:00
98,-8,1,2023-04-16 00:02:39
98,-5,0,2023-04-28 18:43:16
98,9,1,2023-04-30 08:19:35
98,-8,0,2023-05-01 15:32:19
98,-4,1,2023-05-12 16:02:44
98,-1,0,2023-05-13 01:36:47
98,-4,1,2023-05-16 20:43:45
98,-7,0,2023-05-20 20:13:47
98,-5,1,2023-06-09 09:24:36
98,0,0,2023-06-10 04:04:27
98,-2,1,2023-06-13 07:48:48
98,5,0,2023-06-19 08:43:03
98,0,1,2023-06-29 19:25:57
98,-10,0,2023-07-11 08:05:30
98,4,1,2023-07-14 15:03:46
98,4,0,2023-07-15 06:57:51
98,-2,1,2023-07-23 14:11:23
98,6,0,2023-07-30 01:58:59
98,7,1,2023-08-07 00:40:04
98,6,0,2023-08-14 08:20:17
98,-3,1,2023-08-16 08:52:56
98,-1,0,2023-08-20 03:28:23
98,-10,1,2023-08-26 10:58:02
98,7,0,2023-08-28 10:14:46
98,-4,1,2023-09-02 20:20:11
98,0,0,2023-09-07 09:59:31
98,-6,1,2023-09-07 16:39:05
98,1,0,2023-09-18 19:34:31
98,-7,1,2023-09-23 00:00:50
98,-9,0,2023-09-26 09:17:05
98,-4,1,2023-09-26 12:22:38
98,1,0,2023-10-07 21:06:50
98,-4,1,2023-10-09 20:47:25
98,-1,0,2023-10-13 08:36:31
98,-1,1,2023-10-16 16:19:37
98,8,0,2023-10-17 13:10:57
98,-4,1,2023-10-20 07:29:31
98,-10,0,2023-10-22 01:13:41
98,-2,1,2023-10-25 09:58:11
98,-1,0,2023-11-06 20:18:11
98,8,1,2023-11-08 09:02:13
98,4,0,2023-11-08 15:47:59
98,-4,1,2023-11-21 20:39:59
98,-8,0,2023-11-27 11:29:35
98,0,1,2023-11-28 01:14:33
98,-2,0,2023-12-03 21:37:55
98,-10,1,2023-12-10 19:18:18
98,6,0,2023-12-11 17:07:37
98,6,1,2023-12-23 06:13:24
98,0,0,2024-01-02 08:45:59
98,3,1,2024-01-04 01:33:29
98,5,0,2024-01-18 23:40:45
98,-2,1,2024-01-22 09:58:26
98,2,0,2024-01-30 17:15:21
98,-6,1,2024-02-05 20:46:32
98,-8,0,2024-02-10 10:56:02
98,-6,1,2024-02-13 22:34:06
98,-2,0,2024-02-15 05:42:49
98,-5,1,2024-02-15 21:22:43
98,9,0,2024-02-19 03:29:17
98,-9,1,2024-02-20 13:29:47
98,8,0,2024-02-25 13:26:23
98,-6,1,2024-02-29 00:32:47
98,6,0,2024-03-06 21:03:21
98,6,1,2024-03-18 20:30:22
98,1,0,2024-03-21 16:27:23
98,-4,1,2024-03-21 23:54:11
98,-8,0,2024-03-22 19:18:08
98,5,1,2024-03-23 00:28:11
98,-5,0,2024-03-24 22:27:49
98,6,1,2024-03-29 14:05:31
98,4,0,2024-03-29 15:28:56
98,-1,1,2024-04-04 09:23:15
98,6,0,2024-04-09 17:15:55
98,5,1,2024-04-14 08:39:33
98,8,0,2024-04-26 00:44:25
98,5,1,2024-04-27 03:09:34
98,-10,0,2024-05-03 02:30:29
98,7,1,2024-05-05 20:19:44
98,0,0,2024-05-19 01:56:53
98,2,1,2024-05-23 15:11:05
98,-9,0,2024-05-29 23:04:11
98,8,1,2024-06-01 10:18:14
98,2,0,2024-06-01 22:31:30
98,-6,1,2024-06-02 11:38:56
98,-6,0,2024-06-04 03:42:03
98,8,1,2024-06-11 10:33:01
98,-4,0,2024-06-11 18:27:58
98,-9,1,2024-06-22 03:16:41
98,5,0,2024-06-25 02:08:28
98,0,1,2024-06-27 10:27:50
98,-9,0,2024-07-03 05:05:14
98,-8,1,2024-07-14 02:54:31
98,8,0,2024-07-17 18:32:17
98,-6,1,2024-07-21 03:42:32
98,-1,0,2024-07-25 14:35:57
98,3,1,2024-07-27 01:24:37
98,1,0,2024-07-27 12:35:23
98,3,1,2024-08-08 21:59:37
98,-6,0,2024-08-10 11:09:20
98,9,1,2024-08-15 06:20:41
98,1,0,2024-08-15 19:23:26
98,-4,1,2024-08-21 11:23:09
98,-3,0,2024-08-26 22:45:36
98,2,1,2024-09-02 09:07:07
98,8,0,2024-09-04 09:16:37
98,-1,1,2024-09-12 12:30:22
98,4,0,2024-09-12 17:34:43
98,9,1,2024-09-18 14:04:25
98,0,0,2024-09-19 02:06:16
98,-8,1,2024-09-26 02:40:49
98,5,0,2024-09-29 03:33:58
99,4,1,2023-01-07 23:35:15
99,-2,0,2023-01-08 20:44:07
99,7,1,2023-01-09 00:45:20
99,-5,0,2023-01-09 16:21:14
99,-5,1,2023-01-15 00:14:39
99,3,0,2023-01-15 08:43:26
99,8,1,2023-01-26 17:32:52
99,8,0,2023-01-31 05:47:01
99,0,1,2023-02-06 19:49:39
99,-10,0,2023-02-08 04:27:44
99,-7,1,2023-02-08 19:05:05
99,1,0,2023-02-09 09:20:30
99,7,1,2023-02-14 15:14:45
99,2,0,2023-02-15 21:18:35
99,-5,1,2023-02-18 13:57:38
99,9,0,2023-02-24 18:46:21
99,3,1,2023-02-27 23:21:39
99,-7,0,2023-03-12 07:16:01
99,-6,1,2023-03-23 09:21:39
99,-10,0,2023-04-04 13:13:39
99,-8,1,2023-04-07 10:55:56
99,-3,0,2023-04-14 02:40:18
99,5,1,2023-04-20 02:11:28
99,2,0,2023-05-02 16:34:47
99,3,1,2023-05-03 09:24:49
99,7,0,2023-05-05 15:30:13
99,-8,1,2023-05-06 21:51:27
99,3,0,2023-05-12 11:38:49
99,4,1,2023-05-19 01:48:21
99,4,0,2023-05-20 18:51:21
99,3,1,2023-05-28 12:05:08
99,-3,0,2023-06-01 07:40:41
99,-5,1,2023-06-02 05:59:12
99,8,0,2023-06-11 07:25:56
99,-4,1,2023-06-15 02:43:55
99,2,0,2023-06-21 07:48:49
99,-8,1,2023-06-23 17:50:31
99,1,0,2023-06-24 04:38:20
99,-6,1,2023-06-29 05:51:55
99,4,0,2023-06-29 22:16:01
99,7,1,2023-07-06 10:55:31
99,7,0,2023-07-09 01:39:10
99,2,1,2023-07-09 01:45:57
99,-9,0,2023-07-12 15:31:18
99,1,1,2023-07-19 19:24:18
99,5,0,2023-07-23 17:49:59
99,-1,1,2023-07-31 17:39:33
99,-7,0,2023-08-01 09:31:32
99,-5,1,2023-08-14 05:52:55
99,-1,0,2023-08-18 17:45:29
99,5,1,2023-08-21 17:31:21
99,0,0,2023-08-23 19:25:32
99,3,1,2023-09-14 03:26:30
99,2,0,2023-09-15 00:07:35
99,-4,1,2023-09-17 13:33:09
99,-9,0,2023-10-10 05:49:50
99,-9,1,2023-10-11 05:53:06
99,-8,0,2023-10-11 08:22:36
99,-1,1,2023-10-13 17:46:30
99,-2,0,2023-10-16 00:46:31
99,1,1,2023-10-18 02:46:25
99,4,0,2023-10-18 22:19:02
99,-7,1,2023-10-24 11:49:13
99,-10,0,2023-10-26 22:46:21
99,1,1,2023-10-28 07:28:19
99,5,0,2023-10-28 23:54:19
99,-5,1,2023-11-08 07:12:51
99,-10,0,2023-11-16 00:05:16
99,2,1,2023-12-01 22:20:16
99,2,0,2023-12-04 19:54:57
99,6,1,2023-12-04 20:49:20
99,-1,0,2023-12-11 01:20:12
99,6,1,2023-12-11 10:35:17
99,-10,0,2023-12-12 05:16:03
99,1,1,2023-12-13 21:51:51
99,0,0,2023-12-19 17:06:36
99,-7,1,2023-12-19 18:33:08
99,-1,0,2023-12-25 21:13:59
99,-6,1,2024-01-02 00:29:34
99,-2,0,2024-01-16 04:57:08
99,-9,1,2024-01-17 09:48:43
99,-1,0,2024-01-19 20:26:55
99,-10,1,2024-01-24 23:54:20
99,8,0,2024-01-25 03:38:50
99,-1,1,2024-01-26 12:52:28
99,0,0,2024-01-30 08:52:44
99,7,1,2024-02-17 22:35:46
99,6,0,2024-02-18 05:12:48
99,8,1,2024-02-18 23:38:26
99,-8,0,2024-02-28 11:15:19
99,2,1,2024-03-03 06:22:08
99,3,0,2024-03-11 15:54:49
99,-9,1,2024-03-13 03:28:16
99,-1,0,2024-03-16 17:04:33
99,4,1,2024-03-18 00:21:35
99,-4,0,2024-04-02 11:56:57
99,5,1,2024-04-09 12:20:25
99,-10,0,2024-04-09 18:29:46
99,-7,1,2024-04-20 14:10:35
99,-8,0,2024-04-27 17:30:31
99,0,1,2024-05-01 15:58:54
99,3,0,2024-05-07 05:23:34
99,9,1,2024-05-09 03:50:50
99,-5,0,2024-05-21 12:11:31
99,-7,1,2024-05-23 06:03:06
99,2,0,2024-05-25 23:43:40
99,7,1,2024-05-26 14:16:06
99,-9,0,2024-05-29 16:17:36
99,3,1,2024-06-10 03:26:18
99,-7,0,2024-06-11 17:15:05
99,-10,1,2024-06-16 22:48:04
99,7,0,2024-06-18 08:11:44
99,-4,1,2024-07-06 21:37:08
99,7,0,2024-07-10 08:39:02
99,0,1,2024-07-11 16:30:22
99,-1,0,2024-07-13 15:33:34
99,7,1,2024-07-13 19:41:23
99,3,0,2024-07-14 00:15:30
99,-4,1,2024-07-14 18:56:55
99,-8,0,2024-07-18 02:01:50
99,3,1,2024-07-18 10:18:39
99,-7,0,2024-07-24 12:47:00
99,0,1,2024-07-28 00:26:00
99,3,0,2024-07-28 06:42:11
99,8,1,2024-08-02 21:06:15
99,-3,0,2024-08-03 22:02:17
99,-3,1,2024-08-05 08:51:35
99,-2,0,2024-08-09 14:30:43
99,-6,1,2024-08-11 05:29:19
99,5,0,2024-08-13 13:09:59
99,-10,1,2024-08-23 04:13:23
99,-3,0,2024-08-26 15:16:15
99,8,1,2024-09-01 11:56:57
99,0,0,2024-09-04 00:59:11
99,5,1,2024-09-08 00:46:24
99,5,0,2024-09-17 05:39:08
99,7,1,2024-09-21 23:29:33
99,-7,0,2024-09-22 13:34:11
99,6,1,2024-09-27 04:22:28
99,6,0,2024-09-29 04:30:23
100,-8,1,2023-01-11 03:51:38
100,-1,0,2023-01-12 06:21:33
100,-3,1,2023-01-12 11:01:16
100,-1,0,2023-01-13 12:29:10
100,7,1,2023-01-20 15:06:29
100,-9,0,2023-01-21 06:34:18
100,-7,1,2023-01-25 12:46:38
100,-2,0,2023-01-28 07:20:50
100,-10,1,2023-01-29 10:47:51
100,-3,0,2023-01-29 15:13:13
100,-7,1,2023-01-30 12:16:47
100,8,0,2023-01-31 13:39:06
100,4,1,2023-02-06 17:38:45
100,9,0,2023-02-08 16:46:21
100,-2,1,2023-02-10 10:09:41
100,4,0,2023-02-16 23:54:19
100,-7,1,2023-02-18 13:38:19
100,-1,0,2023-02-21 23:44:26
100,4,1,2023-02-26 09:18:27
100,-6,0,2023-03-02 18:29:58
100,8,1,2023-03-03 12:07:04
100,3,0,2023-03-13 01:27:51
100,-7,1,2023-03-13 10:16:24
100,-9,0,2023-03-15 13:52:27
100,-1,1,2023-03-20 03:06:19
100,-4,0,2023-03-22 10:49:32
100,-10,1,2023-03-23 10:39:37
100,1,0,2023-03-24 13:16:34
100,-2,1,2023-03-26 08:39:46
100,6,0,2023-03-31 10:23:55
100,1,1,2023-04-11 15:24:35
100,-6,0,2023-04-13 16:53:52
100,-1,1,2023-04-14 03:35:22
100,6,0,2023-04-17 13:26:31
100,3,1,2023-04-18 01:18:26
100,-2,0,2023-04-22 02:03:05
100,2,1,2023-04-22 08:48:40
100,-8,0,2023-04-23 01:50:47
100,8,1,2023-05-01 18:01:39
100,7,0,2023-05-21 14:34:05
100,-9,1,2023-05-30 08:49:39
100,5,0,2023-05-31 14:46:25
100,1,1,2023-06-02 08:57:36
100,6,0,2023-06-15 08:33:48
100,1,1,2023-06-27 11:42:07
100,-3,0,2023-07-01 08:46:13
100,9,1,2023-07-08 10:10:20
100,-2,0,2023-07-15 16:20:04
100,-1,1,2023-07-23 16:06:10
100,-9,0,2023-07-26 11:58:25
100,3,1,2023-07-26 20:10:10
100,5,0,2023-07-31 18:02:48
100,-5,1,2023-08-05 16:19:42
100,-2,0,2023-08-10 20:41:43
100,-10,1,2023-08-18 06:31:49
100,3,0,2023-08-20 21:14:42
100,-9,1,2023-08-22 08:31:49
100,7,0,2023-08-26 14:24:08
100,6,1,2023-08-27 23:25:16
100,0,0,2023-08-30 13:55:39
100,8,1,2023-08-31 07:56:27
100,-8,0,2023-09-01 05:37:57
100,-2,1,2023-09-02 04:26:18
100,-2,0,2023-09-03 20:55:32
100,0,1,2023-09-14 13:17:17
100,3,0,2023-09-14 16:25:21
100,4,1,2023-09-16 04:46:19
100,-2,0,2023-09-16 11:50:05
100,9,1,2023-09-17 06:20:36
100,-5,0,2023-09-17 07:13:18
100,-4,1,2023-09-19 06:25:56
100,-10,0,2023-09-23 18:17:36
100,4,1,2023-09-30 00:23:55
100,-10,0,2023-10-11 23:31:12
100,2,1,2023-10-21 07:43:55
100,1,0,2023-10-21 10:12:01
100,0,1,2023-10-22 21:44:23
100,-6,0,2023-10-29 00:45:58
100,4,1,2023-11-04 23:52:28
100,-5,0,2023-11-05 01:44:20
100,-6,1,2023-11-05 02:46:34
100,7,0,2023-11-15 09:24:29
100,8,1,2023-11-18 05:20:27
100,-3,0,2023-11-25 13:32:10
100,-7,1,2023-11-29 16:04:30
100,-7,0,2023-12-03 04:24:06
100,0,1,2023-12-05 02:04:44
100,-2,0,2023-12-18 02:28:47
100,-1,1,2023-12-18 03:41:11
100,7,0,2023-12-23 06:28:04
100,7,1,2023-12-23 21:32:43
100,4,0,2023-12-25 04:15:53
100,-4,1,2023-12-27 15:06:04
100,-3,0,2024-01-04 02:21:54
100,-6,1,2024-01-04 17:12:56
100,3,0,2024-01-11 13:05:14
100,4,1,2024-01-20 01:16:09
100,-4,0,2024-01-24 07:04:47
100,0,1,2024-01-27 04:16:50
100,0,0,2024-01-31 10:27:07
100,-1,1,2024-02-03 06:54:16
100,-4,0,2024-02-07 10:00:43
100,4,1,2024-02-18 09:56:40
100,8,0,2024-02-21 10:59:11
100,-10,1,2024-02-24 07:16:57
100,5,0,2024-02-25 03:26:44
100,-10,1,2024-02-27 06:38:43
100,8,0,2024-02-29 19:10:37
100,9,1,2024-03-08 05:06:06
100,5,0,2024-03-17 19:32:50
100,2,1,2024-03-20 06:37:40
100,-2,0,2024-03-29 15:46:04
100,-8,1,2024-04-04 14:09:26
100,2,0,2024-04-05 04:36:56
100,6,1,2024-04-06 11:21:39
100,1,0,2024-04-09 17:57:56
100,-10,1,2024-04-18 17:43:32
100,7,0,2024-04-26 16:26:57
100,2,1,2024-05-05 10:08:09
100,-9,0,2024-05-05 12:03:21
100,-1,1,2024-05-06 20:38:55
100,-3,0,2024-05-09 18:20:41
100,-3,1,2024-05-11 11:55:04
100,-7,0,2024-05-15 02:23:11
100,-6,1,2024-05-21 04:43:37
100,-2,0,2024-05-22 05:49:34
100,-8,1,2024-05-27 04:22:15
100,-7,0,2024-05-31 03:48:27
100,-1,1,2024-06-15 21:28:01
100,1,0,2024-06-22 15:38:29
100,-6,1,2024-06-23 20:51:13
100,-7,0,2024-06-26 07:20:32
100,3,1,2024-06-29 05:20:56
100,5,0,2024-07-10 00:07:25
100,7,1,2024-07-14 09:23:17
100,-7,0,2024-07-20 08:05:03
100,-2,1,2024-07-25 08:42:23
100,5,0,2024-07-27 10:38:04
100,9,1,2024-07-31 14:42:36
100,-7,0,2024-08-06 16:25:51
100,7,1,2024-08-06 21:09:26
100,-6,0,2024-08-09 12:08:05
100,7,1,2024-08-17 15:39:47
100,-8,0,2024-08-18 06:11:03
100,2,1,2024-08-29 15:11:44
100,-5,0,2024-08-29 18:38:10
100,6,1,2024-08-31 06:50:46
100,6,0,2024-09-04 02:48:04
100,-7,1,2024-09-10 21:28:08
100,-6,0,2024-09-19 15:19:29
100,-9,1,2024-09-21 06:25:27
100,-1,0,2024-09-21 16:34:25
100,0,1,2024-09-25 23:13:09
100,-8,0,2024-09-26 21:17:27
101,0,1,2023-01-02 18:17:15
101,-8,0,2023-01-05 23:29:25
101,4,1,2023-01-07 04:01:05
101,5,0,2023-01-13 03:51:29
101,-2,1,2023-01-15 11:39:43
101,5,0,2023-01-17 08:18:41
101,6,1,2023-01-26 13:14:03
101,-2,0,2023-01-28 02:49:17
101,-5,1,2023-01-28 12:37:40
101,-7,0,2023-02-06 04:20:23
101,-1,1,2023-02-08 10:06:58
101,4,0,2023-02-08 19:23:03
101,6,1,2023-02-08 21:04:00
101,-6,0,2023-02-17 03:40:00
101,5,1,2023-02-22 05:02:13
101,-10,0,2023-02-27 16:06:10
101,-8,1,2023-03-10 14:38:01
101,3,0,2023-03-14 12:55:22
101,8,1,2023-04-06 22:45:13
101,2,0,2023-04-07 04:54:09
101,9,1,2023-04-08 08:53:30
101,0,0,2023-04-10 02:30:33
101,2,1,2023-04-26 07:57:21
101,-3,0,2023-04-28 05:06:33
101,4,1,2023-05-12 23:49:37
101,-7,0,2023-05-13 20:14:31
101,-8,1,2023-05-15 22:28:05
101,2,0,2023-05-18 06:15:16
101,-4,1,2023-05-19 04:46:38
101,1,0,2023-05-19 20:25:35
101,6,1,2023-05-20 12:56:19
101,-4,0,2023-05-21 00:03:15
101,-4,1,2023-05-27 21:27:35
101,-6,0,2023-05-29 10:18:39
101,-8,1,2023-05-29 23:19:11
101,-8,0,2023-06-13 00:56:48
101,4,1,2023-06-13 02:20:39
101,-7,0,2023-06-13 16:15:00
101,6,1,2023-06-14 05:57:50
101,2,0,2023-06-15 08:15:14
101,-7,1,2023-06-25 06:54:25
101,-9,0,2023-06-25 13:47:43
101,-5,1,2023-06-25 23:04:22
101,3,0,2023-06-26 02:00:08
101,-7,1,2023-06-26 12:17:11
101,0,0,2023-06-27 13:09:38
101,8,1,2023-07-01 13:48:15
101,-5,0,2023-07-02 04:56:23
101,3,1,2023-07-04 21:10:36
101,4,0,2023-07-09 22:48:12
101,4,1,2023-07-16 05:25:56
101,7,0,2023-07-25 15:54:03
101,7,1,2023-07-29 02:52:49
101,2,0,2023-07-30 05:59:12
101,-6,1,2023-08-01 09:25:56
101,3,0,2023-08-06 07:38:20
101,9,1,2023-08-06 23:29:41
101,2,0,2023-08-12 21:57:57
101,-2,1,2023-08-22 04:27:28
101,-8,0,2023-08-23 09:01:21
101,6,1,2023-08-28 00:43:21
101,-8,0,2023-08-31 08:25:59
101,7,1,2023-09-03 08:30:18
101,-6,0,2023-09-08 18:38:04
101,-10,1,2023-09-09 02:04:51
101,-9,0,2023-09-28 03:04:50
101,-4,1,2023-09-30 20:08:43
101,9,0,2023-10-02 01:40:27
101,9,1,2023-10-06 20:25:43
101,1,0,2023-10-07 16:21:28
101,-3,1,2023-10-08 00:16:33
101,7,0,2023-10-20 05:33:35
101,6,1,2023-11-01 23:15:35
101,-1,0,2023-11-03 20:21:56
101,-5,1,2023-11-09 09:17:26
101,-2,0,2023-11-14 12:02:08
101,-4,1,2023-11-21 06:01:47
101,3,0,2023-11-24 10:44:00
101,-5,1,2023-11-24 15:51:56
101,2,0,2023-11-26 15:24:14
101,9,1,2023-11-28 11:08:56
101,4,0,2023-12-01 02:50:25
101,-10,1,2023-12-02 22:27:34
101,1,0,2023-12-03 02:00:04
101,-3,1,2023-12-06 05:58:34
101,-4,0,2023-12-13 14:13:52
101,1,1,2023-12-19 13:55:21
101,-7,0,2023-12-21 07:51:26
101,7,1,2023-12-29 04:46:28
101,-1,0,2024-01-05 14:35:08
101,-8,1,2024-01-07 10:58:50
101,-5,0,2024-01-11 22:13:22
101,-7,1,2024-01-16 02:07:15
101,4,0,2024-01-16 04:08:59
101,-10,1,2024-01-17 07:23:57
101,4,0,2024-01-17 19:21:06
101,-10,1,2024-01-26 04:29:16
101,-3,0,2024-01-29 10:07:38
101,-1,1,2024-01-29 23:40:43
101,4,0,2024-01-31 19:43:34
101,9,1,2024-02-02 18:26:19
101,-6,0,2024-02-17 18:26:41
101,7,1,2024-02-18 22:37:50
101,1,0,2024-02-19 19:13:11
101,-6,1,2024-02-20 12:17:55
101,-4,0,2024-03-06 20:25:02
101,-7,1,2024-03-10 07:33:23
101,-10,0,2024-03-13 21:23:28
101,-10,1,2024-03-22 19:29:21
101,-3,0,2024-03-25 04:43:59
101,-4,1,2024-03-28 13:36:50
101,-2,0,2024-03-29 19:03:29
101,-3,1,2024-04-10 16:27:08
101,-1,0,2024-04-11 23:53:32
101,2,1,2024-04-14 04:21:51
101,5,0,2024-04-14 16:15:38
101,-9,1,2024-04-24 09:18:25
101,-8,0,2024-04-27 03:21:10
101,-4,1,2024-05-10 18:01:42
101,5,0,2024-05-11 21:40:02
101,-7,1,2024-05-15 16:25:59
101,-10,0,2024-05-16 15:58:08
101,-1,1,2024-05-18 12:24:55
101,3,0,2024-05-18 17:37:50
101,-7,1,2024-05-22 20:20:33
101,2,0,2024-05-27 02:00:20
101,-10,1,2024-05-28 12:45:08
101,2,0,2024-06-02 21:28:11
101,7,1,2024-06-08 03:06:48
101,4,0,2024-06-16 12:46:47
101,3,1,2024-06-25 17:45:10
101,-3,0,2024-07-01 20:49:27
101,2,1,2024-07-02 18:11:59
101,9,0,2024-07-03 14:58:57
101,-7,1,2024-07-09 14:41:19
101,3,0,2024-07-11 04:45:45
101,-8,1,2024-07-14 05:12:44
101,1,0,2024-07-16 07:35:24
101,6,1,2024-07-16 17:38:04
101,6,0,2024-07-16 21:07:00
101,1,1,2024-07-20 05:08:59
101,-10,0,2024-07-24 05:08:25
101,2,1,2024-07-30 16:35:24
101,6,0,2024-08-02 14:17:44
101,9,1,2024-08-08 11:55:43
101,-5,0,2024-08-08 15:15:29
101,-9,1,2024-08-08 22:22:37
101,-7,0,2024-08-17 17:49:37
101,-7,1,2024-08-19 00:53:17
101,2,0,2024-08-19 08:37:18
101,3,1,2024-08-20 23:24:45
101,2,0,2024-08-22 06:28:26
101,-6,1,2024-08-22 20:24:02
101,2,0,2024-08-24 04:58:16
101,7,1,2024-08-26 07:01:45
101,-8,0,2024-09-03 20:06:04
101,-6,1,2024-09-13 15:24:42
101,-6,0,2024-09-18 00:23:34
101,-1,1,2024-09-20 04:22:31
101,-4,0,2024-09-29 21:16:58
102,2,1,2023-01-04 14:54:36
102,-9,0,2023-01-06 13:58:32
102,3,1,2023-01-07 09:55:41
102,2,0,2023-01-10 19:07:30
102,-8,1,2023-01-12 02:23:13
102,-4,0,2023-01-16 13:39:12
102,-6,1,2023-01-17 09:48:01
102,-5,0,2023-01-17 13:56:22
102,4,1,2023-01-22 01:33:44
102,8,0,2023-01-29 20:28:06
102,-2,1,2023-02-19 09:05:03
102,-5,0,2023-02-19 10:53:40
102,6,1,2023-02-20 06:36:13
102,-7,0,2023-02-21 04:39:25
102,-10,1,2023-02-21 21:07:10
102,-3,0,2023-02-25 17:55:16
102,2,1,2023-02-28 01:03:43
102,5,0,2023-03-02 09:56:19
102,3,1,2023-03-03 13:48:56
102,1,0,2023-03-04 04:53:20
102,-9,1,2023-03-21 22:42:40
102,6,0,2023-03-29 19:38:02
102,-6,1,2023-03-30 20:16:17
102,3,0,2023-03-31 14:08:55
102,-6,1,2023-04-02 23:39:58
102,-3,0,2023-04-03 09:35:44
102,3,1,2023-04-13 17:59:02
102,-1,0,2023-04-18 06:33:07
102,-7,1,2023-04-18 15:04:28
102,-3,0,2023-04-24 10:07:34
102,-9,1,2023-05-05 12:41:39
102,-2,0,2023-05-11 13:21:30
102,-7,1,2023-05-16 05:57:28
102,2,0,2023-05-31 22:03:49
102,-8,1,2023-06-03 09:47:59
102,-10,0,2023-06-11 04:49:15
102,8,1,2023-06-11 12:14:41
102,-3,0,2023-06-16 11:39:28
102,8,1,2023-06-19 01:38:36
102,7,0,2023-06-23 05:21:17
102,-8,1,2023-06-24 12:27:52
102,7,0,2023-06-25 19:42:02
102,-6,1,2023-06-28 11:02:35
102,-1,0,2023-06-28 16:25:11
102,-6,1,2023-06-30 18:50:09
102,8,0,2023-07-06 22:12:31
102,4,1,2023-07-17 16:57:09
102,-1,0,2023-08-08 08:08:34
102,-9,1,2023-08-10 23:35:54
102,-4,0,2023-08-16 00:30:26
102,3,1,2023-08-16 17:16:19
102,-9,0,2023-09-02 01:45:13
102,-2,1,2023-09-04 10:47:31
102,-7,0,2023-09-12 23:21:32
102,-10,1,2023-09-18 21:38:03
102,4,0,2023-09-22 15:56:29
102,5,1,2023-09-26 12:57:48
102,1,0,2023-10-05 03:30:28
102,6,1,2023-10-11 13:03:17
102,0,0,2023-10-13 19:04:32
102,-10,1,2023-10-21 10:21:47
102,2,0,2023-10-22 19:27:30
102,2,1,2023-10-23 13:15:16
102,5,0,2023-10-25 19:57:45
102,3,1,2023-10-27 10:44:16
102,3,0,2023-10-29 13:47:12
102,0,1,2023-10-30 13:26:04
102,8,0,2023-10-31 23:39:24
102,-10,1,2023-11-03 19:31:58
102,-5,0,2023-11-06 15:15:10
102,0,1,2023-11-26 17:37:23
102,5,0,2023-12-08 07:46:01
102,-5,1,2024-01-13 17:39:21
102,9,0,2024-01-16 07:12:50
102,-10,1,2024-01-22 06:23:11
102,1,0,2024-01-25 05:04:47
102,-2,1,2024-01-28 00:36:32
102,-5,0,2024-01-31 05:25:27
102,4,1,2024-02-03 02:06:45
102,-7,0,2024-02-09 18:44:55
102,3,1,2024-02-09 18:48:46
102,2,0,2024-03-02 12:09:24
102,1,1,2024-03-02 13:20:44
102,1,0,2024-03-02 15:58:55
102,7,1,2024-03-03 12:17:20
102,0,0,2024-03-06 16:23:44
102,4,1,2024-03-06 19:27:02
102,-8,0,2024-03-09 18:55:50
102,6,1,2024-03-10 22:19:56
102,3,0,2024-03-11 10:52:56
102,-10,1,2024-03-26 07:52:13
102,-4,0,2024-03-31 13:46:23
102,-10,1,2024-04-14 06:34:15
102,8,0,2024-04-16 13:26:53
102,-1,1,2024-04-18 08:13:23
102,-5,0,2024-04-27 21:55:35
102,-9,1,2024-05-03 07:18:41
102,9,0,2024-05-11 08:33:22
102,-5,1,2024-05-25 14:43:44
102,0,0,2024-05-26 15:19:49
102,5,1,2024-05-27 00:55:15
102,8,0,2024-05-30 07:21:16
102,8,1,2024-06-09 03:52:36
102,2,0,2024-06-11 01:23:37
102,-10,1,2024-06-14 08:09:44
102,-2,0,2024-06-17 03:13:52
102,-1,1,2024-06-23 02:06:16
102,8,0,2024-06-23 17:16:33
102,-4,1,2024-07-11 10:54:18
102,3,0,2024-07-13 08:46:16
102,-3,1,2024-07-18 10:31:04
102,9,0,2024-07-22 20:53:10
102,0,1,2024-07-26 20:36:48
102,-4,0,2024-07-29 12:42:24
102,-6,1,2024-08-01 02:49:17
102,-6,0,2024-08-01 09:19:10
102,-6,1,2024-08-03 17:36:37
102,-10,0,2024-08-10 15:50:32
102,4,1,2024-08-13 05:04:32
102,-6,0,2024-08-19 20:08:31
102,-1,1,2024-08-22 10:49:56
102,-8,0,2024-08-30 02:30:34
102,8,1,2024-08-30 06:08:59
102,4,0,2024-08-31 04:52:43
102,-9,1,2024-08-31 23:34:16
102,5,0,2024-09-06 06:20:39
102,-8,1,2024-09-07 15:23:58
102,-6,0,2024-09-10 20:17:57
102,-4,1,2024-09-16 00:34:47
102,1,0,2024-09-20 09:34:17
102,8,1,2024-09-21 15:48:40
102,3,0,2024-09-22 07:33:40
102,4,1,2024-09-28 16:26:29
102,-3,0,2024-09-29 08:43:33
102,9,1,2024-09-29 19:24:25
103,-10,0,2023-01-04 00:27:01
103,7,1,2023-01-29 02:14:54
103,5,0,2023-01-29 13:58:31
103,-3,1,2023-01-31 08:20:19
103,8,0,2023-02-01 07:09:05
103,1,1,2023-02-09 09:29:38
103,-3,0,2023-02-14 04:17:19
103,7,1,2023-02-19 00:52:28
103,-10,0,2023-03-06 16:44:04
103,6,1,2023-03-10 06:29:40
103,-10,0,2023-03-14 04:06:51
103,-8,1,2023-03-18 05:18:18
103,6,0,2023-03-19 15:18:19
103,3,1,2023-03-25 00:43:45
103,3,0,2023-03-26 22:19:56
103,3,1,2023-03-28 08:18:16
103,2,0,2023-03-29 12:14:34
103,4,1,2023-04-08 08:14:55
103,-1,0,2023-04-27 00:03:54
103,7,1,2023-04-27 01:38:35
103,9,0,2023-05-03 08:12:09
103,-4,1,2023-05-10 11:28:35
103,-5,0,2023-05-13 04:23:59
103,8,1,2023-05-13 15:35:18
103,-9,0,2023-05-14 02:52:23
103,-4,1,2023-05-14 10:35:50
103,9,0,2023-05-23 01:19:42
103,3,1,2023-05-29 02:16:50
103,5,0,2023-05-29 15:12:04
103,2,1,2023-05-31 01:00:08
103,4,0,2023-06-12 23:24:16
103,8,1,2023-06-15 18:28:26
103,-4,0,2023-06-26 20:55:41
103,1,1,2023-07-06 18:09:18
103,-10,0,2023-07-06 19:10:45
103,-6,1,2023-07-07 16:37:21
103,8,0,2023-07-07 21:09:55
103,-5,1,2023-07-21 06:52:45
103,2,0,2023-07-25 14:29:19
103,0,1,2023-07-30 20:29:23
103,-1,0,2023-08-04 03:27:55
103,-10,1,2023-08-04 13:11:56
103,-6,0,2023-08-07 12:21:05
103,-2,1,2023-08-12 23:18:00
103,2,0,2023-08-17 09:14:40
103,2,1,2023-08-30 04:24:53
103,-1,0,2023-09-01 04:14:03
103,-2,1,2023-09-02 00:22:10
103,1,0,2023-09-03 12:33:24
103,1,1,2023-09-06 12:05:55
103,0,0,2023-09-15 17:42:57
103,3,1,2023-09-30 22:07:26
103,-4,0,2023-10-06 21:56:39
103,-8,1,2023-10-10 11:07:51
103,9,0,2023-10-18 03:28:45
103,-3,1,2023-10-28 08:36:58
103,-10,0,2023-10-30 02:08:03
103,5,1,2023-11-04 09:20:47
103,-3,0,2023-11-12 13:33:29
103,0,1,2023-11-15 09:06:27
103,-10,0,2023-11-25 04:08:22
103,-1,1,2023-11-28 11:46:24
103,0,0,2023-11-30 22:14:25
103,-6,1,2023-12-01 14:03:22
103,-1,0,2023-12-11 13:26:15
103,4,1,2023-12-12 10:23:33
103,8,0,2023-12-15 02:13:19
103,1,1,2023-12-22 12:07:35
103,-9,0,2023-12-23 00:58:33
103,-4,1,2023-12-24 10:16:19
103,-4,0,2023-12-26 00:46:44
103,3,1,2024-01-01 17:16:59
103,-8,0,2024-01-18 16:27:08
103,1,1,2024-01-20 01:55:13
103,6,0,2024-01-25 14:02:38
103,-6,1,2024-01-26 00:23:27
103,-10,0,2024-02-04 07:32:46
103,-9,1,2024-02-08 23:48:42
103,-3,0,2024-02-12 05:36:49
103,-3,1,2024-02-12 11:36:46
103,-7,0,2024-02-13 23:35:43
103,-1,1,2024-02-14 20:26:43
103,-6,0,2024-02-15 06:37:54
103,-5,1,2024-02-19 19:18:15
103,-10,0,2024-02-21 05:42:07
103,-5,1,2024-03-02 16:13:11
103,9,0,2024-03-08 04:22:06
103,-6,1,2024-03-16 14:04:13
103,8,0,2024-03-25 08:35:33
103,7,1,2024-03-30 04:40:50
103,9,0,2024-04-05 23:46:38
103,-4,1,2024-04-07 14:39:14
103,0,0,2024-04-14 15:44:59
103,5,1,2024-04-14 19:03:46
103,-5,0,2024-04-16 17:03:53
103,2,1,2024-04-24 06:34:14
103,8,0,2024-05-02 04:08:08
103,-6,1,2024-05-04 18:32:09
103,-7,0,2024-05-07 22:08:35
103,-10,1,2024-05-08 20:04:09
103,7,0,2024-05-13 03:31:06
103,0,1,2024-05-15 17:15:08
103,-3,0,2024-05-23 13:40:51
103,9,1,2024-05-23 23:04:27
103,-5,0,2024-05-25 00:43:22
103,2,1,2024-05-27 14:02:54
103,-8,0,2024-05-27 22:14:36
103,9,1,2024-05-31 02:54:40
103,0,0,2024-05-31 08:38:13
103,7,1,2024-06-08 16:50:51
103,-6,0,2024-06-13 03:18:23
103,-1,1,2024-06-17 11:22:16
103,3,0,2024-06-19 00:41:06
103,-5,1,2024-06-22 08:47:19
103,-2,0,2024-06-25 13:13:14
103,-4,1,2024-06-28 22:02:42
103,-2,0,2024-07-08 08:52:32
103,9,1,2024-07-09 14:41:19
103,9,0,2024-07-12 07:36:01
103,-2,1,2024-07-17 15:13:48
103,-4,0,2024-07-21 15:43:03
103,-7,1,2024-07-27 13:27:20
103,-10,0,2024-07-28 22:28:24
103,2,1,2024-08-12 17:17:53
103,5,0,2024-08-18 22:40:04
103,2,1,2024-08-19 18:29:50
103,-2,0,2024-08-24 18:31:19
103,8,1,2024-08-30 08:52:38
103,8,0,2024-09-06 12:07:14
103,5,1,2024-09-10 04:30:52
103,4,0,2024-09-12 00:37:22
103,-5,1,2024-09-15 03:16:55
103,-5,0,2024-09-24 03:16:04
103,8,1,2024-09-29 12:58:41
103,4,0,2024-09-29 23:09:15
104,4,1,2023-01-02 04:25:53
104,1,0,2023-01-02 21:40:49
104,9,1,2023-01-05 04:15:08
104,6,0,2023-01-08 21:47:21
104,-1,1,2023-01-10 13:56:57
104,5,0,2023-01-11 21:05:20
104,-7,1,2023-01-17 10:05:18
104,-10,0,2023-01-17 14:16:48
104,-6,1,2023-01-18 05:56:53
104,-2,0,2023-01-19 02:46:13
104,9,1,2023-01-21 19:28:01
104,5,0,2023-01-23 08:10:21
104,-8,1,2023-01-24 16:03:35
104,6,0,2023-01-27 03:54:04
104,4,1,2023-01-30 04:51:12
104,4,0,2023-01-30 11:13:35
104,-10,1,2023-02-14 05:18:31
104,-7,0,2023-02-20 12:29:30
104,-7,1,2023-02-22 09:55:25
104,-2,0,2023-02-26 23:51:30
104,-6,1,2023-03-01 02:56:44
104,0,0,2023-03-03 16:23:11
104,6,1,2023-03-04 14:28:52
104,-4,0,2023-03-12 04:48:44
104,-7,1,2023-03-18 18:13:53
104,8,0,2023-03-19 07:28:27
104,9,1,2023-03-20 07:14:50
104,-1,0,2023-03-22 18:30:15
104,5,1,2023-03-25 15:29:54
104,-4,0,2023-03-26 08:31:48
104,5,1,2023-03-29 08:31:12
104,5,0,2023-04-01 07:21:14
104,-3,1,2023-04-04 01:37:21
104,5,0,2023-04-06 21:12:21
104,-8,1,2023-04-15 12:45:27
104,-1,0,2023-04-18 22:51:28
104,9,1,2023-04-25 05:16:00
104,-6,0,2023-04-26 02:46:39
104,-5,1,2023-04-29 11:35:32
104,-4,0,2023-05-04 06:30:27
104,5,1,2023-05-05 14:02:44
104,1,0,2023-05-12 20:05:07
104,-10,1,2023-05-16 03:10:30
104,6,0,2023-05-17 00:21:16
104,8,1,2023-05-18 08:23:40
104,0,0,2023-05-27 01:08:22
104,-9,1,2023-06-02 17:31:37
104,-2,0,2023-06-02 20:28:37
104,2,1,2023-06-06 03:33:56
104,5,0,2023-06-10 07:04:14
104,4,1,2023-06-10 20:37:30
104,1,0,2023-06-12 23:47:54
104,2,1,2023-06-13 18:03:50
104,-7,0,2023-06-18 14:28:14
104,-9,1,2023-06-20 18:27:51
104,-6,0,2023-06-30 01:29:14
104,9,1,2023-07-04 07:03:53
104,0,0,2023-07-17 17:11:28
104,-3,1,2023-07-18 02:57:51
104,-9,0,2023-07-25 20:14:39
104,6,1,2023-08-04 17:11:16
104,-8,0,2023-08-18 02:49:31
104,-3,1,2023-08-18 08:45:18
104,5,0,2023-08-20 08:04:17
104,4,1,2023-08-31 19:51:58
104,6,0,2023-09-09 13:03:22
104,-3,1,2023-09-10 04:39:20
104,9,0,2023-09-11 03:07:24
104,-7,1,2023-09-16 17:09:23
104,7,0,2023-09-18 21:32:32
104,0,1,2023-09-19 05:25:10
104,8,0,2023-09-25 11:26:58
104,2,1,2023-09-25 11:57:25
104,-10,0,2023-10-01 13:23:06
104,-3,1,2023-10-07 04:05:26
104,-3,0,2023-10-11 23:37:45
104,1,1,2023-10-17 15:32:05
104,-4,0,2023-10-19 19:47:50
104,-6,1,2023-10-19 21:57:39
104,-6,0,2023-10-26 17:20:36
104,3,1,2023-11-09 20:11:24
104,4,0,2023-11-14 08:44:58
104,-9,1,2023-11-16 00:10:03
104,-2,0,2023-11-16 10:06:50
104,1,1,2023-11-19 06:33:10
104,1,0,2023-11-19 22:50:02
104,-6,1,2023-11-22 14:43:27
104,2,0,2023-11-24 01:26:17
104,-4,1,2023-11-26 04:09:44
104,-5,0,2023-11-30 03:57:14
104,0,1,2023-12-05 15:32:25
104,9,0,2023-12-11 03:34:49
104,-2,1,2023-12-13 17:39:06
104,5,0,2023-12-15 03:23:21
104,6,1,2023-12-15 07:06:51
104,-2,0,2023-12-17 02:53:26
104,1,1,2023-12-19 13:07:48
104,0,0,2023-12-25 19:46:24
104,-4,1,2023-12-26 02:10:43
104,9,0,2023-12-30 13:16:20
104,7,1,2023-12-30 19:50:47
104,3,0,2024-01-01 06:40:14
104,-7,1,2024-01-08 01:31:11
104,6,0,2024-01-10 17:37:44
104,-6,1,2024-01-14 09:28:20
104,9,0,2024-01-14 18:52:50
104,-4,1,2024-01-16 03:50:28
104,4,0,2024-01-19 16:04:40
104,7,1,2024-01-24 03:50:38
104,-9,0,2024-01-24 08:26:24
104,-2,1,2024-01-30 05:43:02
104,3,0,2024-02-09 18:55:35
104,6,1,2024-02-14 09:51:03
104,-8,0,2024-02-14 21:31:15
104,4,1,2024-02-16 13:36:01
104,6,0,2024-02-20 01:49:40
104,-5,1,2024-03-03 02:33:45
104,4,0,2024-03-03 03:18:57
104,3,1,2024-03-05 02:49:59
104,8,0,2024-03-06 21:36:38
104,9,1,2024-03-09 05:45:42
104,6,0,2024-03-09 12:50:17
104,8,1,2024-03-17 18:41:21
104,6,0,2024-03-24 11:56:18
104,-10,1,2024-03-30 03:41:36
104,5,0,2024-04-01 00:46:12
104,4,1,2024-04-14 15:12:01
104,-2,0,2024-04-20 17:59:02
104,-6,1,2024-04-20 21:32:32
104,0,0,2024-04-23 00:28:51
104,6,1,2024-04-24 14:30:56
104,-2,0,2024-04-28 13:42:59
104,7,1,2024-05-01 02:10:54
104,1,0,2024-05-04 22:49:40
104,6,1,2024-05-07 06:07:35
104,-1,0,2024-05-12 01:21:30
104,-2,1,2024-05-13 05:46:53
104,-4,0,2024-05-22 22:18:55
104,-3,1,2024-05-23 01:03:54
104,-2,0,2024-05-30 12:13:52
104,5,1,2024-06-02 06:29:25
104,-6,0,2024-06-06 05:11:35
104,2,1,2024-06-11 05:30:34
104,0,0,2024-06-20 17:31:27
104,2,1,2024-06-21 16:20:09
104,-2,0,2024-06-24 22:34:23
104,7,1,2024-06-25 10:07:14
104,0,0,2024-06-27 05:15:23
104,3,1,2024-07-06 20:38:16
104,4,0,2024-07-07 02:01:04
104,-3,1,2024-07-07 13:25:51
104,4,0,2024-07-12 02:26:03
104,0,1,2024-07-15 20:31:30
104,2,0,2024-07-23 06:06:06
104,-4,1,2024-07-24 05:34:57
104,3,0,2024-07-26 09:30:42
104,2,1,2024-07-30 10:09:06
104,-8,0,2024-08-04 12:49:53
104,6,1,2024-08-08 14:32:42
104,-10,0,2024-08-14 11:48:17
104,5,1,2024-08-15 03:35:30
104,-2,0,2024-08-15 16:41:39
104,5,1,2024-08-24 22:27:30
104,9,0,2024-08-25 07:34:32
104,-2,1,2024-08-27 14:58:26
104,-5,0,2024-09-01 18:35:21
104,8,1,2024-09-03 12:59:31
104,-9,0,2024-09-14 11:24:33
104,3,1,2024-09-14 23:27:42
104,-8,0,2024-09-17 10:42:22
104,-2,1,2024-09-29 01:09:52
105,-8,0,2023-01-02 02:43:53
105,-4,1,2023-01-06 10:28:50
105,-3,0,2023-01-11 12:39:55
105,-2,1,2023-01-14 21:25:52
105,9,0,2023-01-21 00:47:17
105,2,1,2023-01-21 18:22:12
105,1,0,2023-01-25 13:20:37
105,-1,1,2023-01-25 22:43:06
105,-5,0,2023-01-30 16:01:54
105,-10,1,2023-01-31 08:23:03
105,9,0,2023-02-11 14:18:51
105,-1,1,2023-02-19 00:59:34
105,-3,0,2023-02-19 13:08:34
105,-8,1,2023-02-26 10:19:33
105,-2,0,2023-03-02 09:10:52
105,1,1,2023-03-15 21:16:10
105,1,0,2023-03-19 12:25:01
105,1,1,2023-03-24 20:04:55
105,0,0,2023-03-30 21:34:42
105,1,1,2023-04-01 01:32:33
105,2,0,2023-04-05 15:11:24
105,1,1,2023-04-18 18:21:18
105,-1,0,2023-04-26 20:18:19
105,5,1,2023-04-30 06:56:48
105,-5,0,2023-05-04 08:12:16
105,-4,1,2023-05-06 23:20:57
105,2,0,2023-05-09 08:13:19
105,-6,1,2023-05-17 22:09:57
105,-9,0,2023-05-28 18:56:11
105,5,1,2023-05-29 10:36:26
105,-2,0,2023-05-29 18:24:40
105,2,1,2023-06-14 21:18:19
105,4,0,2023-06-14 23:40:14
105,6,1,2023-06-17 01:33:10
105,7,0,2023-06-21 11:10:20
105,7,1,2023-06-27 06:38:01
105,-3,0,2023-06-28 17:11:17
105,-8,1,2023-07-02 21:12:44
105,-4,0,2023-07-06 11:35:20
105,6,1,2023-07-07 18:03:17
105,2,0,2023-07-08 19:59:36
105,-1,1,2023-07-17 22:56:21
105,-2,0,2023-07-22 00:46:19
105,-2,1,2023-07-25 07:35:04
105,-2,0,2023-07-28 20:13:24
105,6,1,2023-08-04 12:27:14
105,-1,0,2023-08-07 02:34:17
105,-5,1,2023-08-08 06:00:04
105,0,0,2023-08-13 17:13:49
105,2,1,2023-08-16 18:42:16
105,-5,0,2023-08-17 19:44:09
105,-6,1,2023-08-18 04:56:53
105,5,0,2023-08-21 14:40:36
105,8,1,2023-08-31 23:54:13
105,-1,0,2023-09-04 10:35:29
105,-7,1,2023-09-04 20:58:00
105,8,0,2023-09-21 09:13:22
105,7,1,2023-09-21 15:03:33
105,2,0,2023-09-25 00:41:27
105,-5,1,2023-09-29 03:42:48
105,-10,0,2023-10-06 02:51:51
105,2,1,2023-10-06 05:08:14
105,-9,0,2023-10-15 13:59:24
105,7,1,2023-10-27 12:37:17
105,2,0,2023-10-28 20:26:50
105,-2,1,2023-10-31 05:34:46
105,5,0,2023-11-01 14:01:29
105,3,1,2023-11-07 19:35:41
105,-10,0,2023-11-13 06:50:38
105,-8,1,2023-11-16 14:14:41
105,-5,0,2023-11-19 16:23:33
105,6,1,2023-11-23 09:17:31
105,-1,0,2023-12-02 02:59:19
105,2,1,2023-12-03 21:02:17
105,-6,0,2023-12-04 20:22:51
105,5,1,2023-12-07 11:00:32
105,8,0,2023-12-25 21:16:41
105,6,1,2023-12-29 04:17:07
105,-2,0,2024-01-02 01:17:21
105,-6,1,2024-01-05 14:20:58
105,-5,0,2024-01-11 21:38:41
105,-8,1,2024-01-17 21:25:01
105,-7,0,2024-01-29 18:24:50
105,3,1,2024-01-30 17:25:22
105,4,0,2024-02-02 03:39:05
105,-2,1,2024-02-07 19:43:18
105,7,0,2024-03-02 12:31:33
105,-4,1,2024-03-09 23:03:24
105,6,0,2024-03-14 07:18:28
105,1,1,2024-03-20 20:50:31
105,-7,0,2024-03-29 11:15:49
105,8,1,2024-03-30 06:39:05
105,-1,0,2024-04-01 19:13:42
105,2,1,2024-04-11 21:09:40
105,-7,0,2024-04-20 22:39:59
105,8,1,2024-05-07 08:32:29
105,5,0,2024-05-10 17:47:18
105,-7,1,2024-05-11 20:21:10
105,-6,0,2024-05-12 16:06:34
105,-5,1,2024-05-16 01:29:36
105,-10,0,2024-05-17 21:19:31
105,-2,1,2024-05-18 10:57:07
105,4,0,2024-05-23 11:08:42
105,-7,1,2024-05-28 08:49:19
105,7,0,2024-06-05 16:42:42
105,9,1,2024-06-06 10:29:49
105,8,0,2024-06-11 11:45:44
105,6,1,2024-06-11 15:42:50
105,3,0,2024-06-11 17:21:43
105,6,1,2024-06-18 08:27:51
105,-1,0,2024-06-18 12:29:58
105,-3,1,2024-06-22 23:02:23
105,-10,0,2024-06-23 20:24:35
105,4,1,2024-07-03 14:43:02
105,6,0,2024-07-04 19:08:20
105,0,1,2024-07-06 16:24:57
105,-8,0,2024-07-10 15:32:45
105,-6,1,2024-07-10 15:38:06
105,-9,0,2024-07-12 16:40:56
105,-6,1,2024-07-13 23:07:29
105,-7,0,2024-07-14 18:02:37
105,-7,1,2024-07-19 02:10:51
105,-4,0,2024-07-20 11:13:31
105,0,1,2024-07-21 21:43:28
105,-4,0,2024-07-22 23:59:20
105,0,1,2024-08-05 13:45:29
105,0,0,2024-08-06 18:18:13
105,-9,1,2024-08-18 22:12:43
105,-10,0,2024-08-19 13:25:26
105,6,1,2024-08-22 10:43:01
105,-5,0,2024-08-22 19:16:34
105,-7,1,2024-08-27 03:22:10
105,-7,0,2024-09-01 07:37:36
105,-8,1,2024-09-02 23:46:06
105,4,0,2024-09-06 13:13:14
105,7,1,2024-09-10 12:59:31
105,5,0,2024-09-11 03:18:10
105,5,1,2024-09-14 12:45:55
105,-1,0,2024-09-16 20:16:23
106,-3,1,2023-01-02 12:54:40
106,6,0,2023-01-11 00:16:55
106,4,1,2023-01-18 05:39:31
106,7,0,2023-01-22 06:14:29
106,-2,1,2023-01-23 11:22:35
106,2,0,2023-01-30 12:11:45
106,3,1,2023-01-31 12:45:30
106,-4,0,2023-02-12 04:55:34
106,8,1,2023-02-12 08:50:09
106,4,0,2023-02-23 04:35:41
106,-4,1,2023-02-24 17:51:55
106,-3,0,2023-02-25 19:12:34
106,1,1,2023-03-03 06:41:20
106,-6,0,2023-03-05 18:09:20
106,0,1,2023-03-18 02:10:17
106,4,0,2023-03-19 15:09:52
106,6,1,2023-03-21 09:20:08
106,-8,0,2023-03-29 14:43:16
106,8,1,2023-04-02 16:08:36
106,2,0,2023-04-10 03:47:24
106,-1,1,2023-04-12 06:23:26
106,-10,0,2023-04-16 02:32:12
106,-3,1,2023-04-18 17:07:28
106,6,0,2023-04-21 03:10:40
106,0,1,2023-05-01 02:46:40
106,3,0,2023-05-09 21:13:25
106,-10,1,2023-05-12 08:35:01
106,-9,0,2023-05-18 05:39:29
106,4,1,2023-05-26 17:16:25
106,5,0,2023-06-01 17:29:25
106,-1,1,2023-06-02 15:55:09
106,2,0,2023-06-06 02:39:53
106,8,1,2023-06-13 20:30:37
106,-1,0,2023-06-25 18:04:03
106,6,1,2023-07-15 06:05:27
106,-4,0,2023-07-17 12:38:25
106,-9,1,2023-07-19 05:49:14
106,0,0,2023-07-23 19:39:56
106,1,1,2023-07-25 19:22:43
106,-1,0,2023-07-26 20:25:59
106,-6,1,2023-07-27 17:19:29
106,-2,0,2023-07-30 07:11:25
106,-4,1,2023-07-30 16:31:38
106,-6,0,2023-08-01 06:59:52
106,-1,1,2023-08-04 02:06:55
106,7,0,2023-08-05 14:32:29
106,-7,1,2023-08-07 00:11:22
106,-8,0,2023-08-11 07:41:40
106,-5,1,2023-08-17 23:11:56
106,-5,0,2023-08-31 12:18:40
106,-2,1,2023-09-06 09:27:41
106,-7,0,2023-09-08 15:08:05
106,9,1,2023-09-14 10:52:55
106,-5,0,2023-09-24 16:32:22
106,0,1,2023-09-29 07:26:10
106,-9,0,2023-10-07 20:43:04
106,8,1,2023-10-10 13:09:51
106,-4,0,2023-10-12 08:58:19
106,-10,1,2023-10-24 18:17:59
106,9,0,2023-10-29 13:47:45
106,1,1,2023-11-04 12:55:44
106,9,0,2023-11-05 16:41:41
106,-4,1,2023-11-06 17:27:50
106,-6,0,2023-11-13 09:04:50
106,-3,1,2023-11-20 05:44:04
106,-2,0,2023-11-23 09:53:55
106,4,1,2023-11-30 03:47:30
106,-3,0,2023-12-07 00:35:40
106,2,1,2023-12-07 23:30:03
106,-4,0,2023-12-15 20:46:39
106,-6,1,2023-12-16 14:28:18
106,-5,0,2023-12-16 19:51:25
106,2,1,2024-01-09 06:21:54
106,2,0,2024-01-11 11:50:45
106,8,1,2024-01-27 02:56:29
106,-5,0,2024-01-28 03:47:45
106,-7,1,2024-02-14 09:20:26
106,-5,0,2024-02-15 13:55:18
106,-3,1,2024-02-18 19:53:40
106,-4,0,2024-02-23 08:56:01
106,9,1,2024-03-07 12:14:28
106,4,0,2024-03-09 20:24:58
106,9,1,2024-03-17 03:23:27
106,-6,0,2024-03-19 07:38:40
106,-3,1,2024-03-26 05:30:30
106,4,0,2024-04-10 10:09:13
106,8,1,2024-04-17 06:11:31
106,-7,0,2024-04-23 09:24:08
106,8,1,2024-04-23 21:58:07
106,8,0,2024-05-17 05:28:58
106,-3,1,2024-05-18 05:18:19
106,-9,0,2024-05-18 08:04:17
106,1,1,2024-05-20 00:02:59
106,-7,0,2024-06-08 16:29:53
106,9,1,2024-06-15 12:30:04
106,-2,0,2024-06-26 09:07:37
106,6,1,2024-06-29 13:10:39
106,-1,0,2024-06-30 04:07:21
106,4,1,2024-07-02 17:05:30
106,-3,0,2024-07-05 07:53:38
106,-1,1,2024-07-05 13:07:52
106,1,0,2024-07-12 04:38:58
106,2,1,2024-07-13 13:09:30
106,-4,0,2024-07-18 04:40:04
106,-6,1,2024-07-19 20:07:58
106,-7,0,2024-07-27 09:58:27
106,1,1,2024-07-29 17:35:38
106,-3,0,2024-08-06 04:43:31
106,1,1,2024-08-06 04:45:11
106,8,0,2024-08-06 17:34:39
106,-5,1,2024-08-08 15:06:57
106,-1,0,2024-08-09 20:10:55
106,-8,1,2024-08-11 22:40:45
106,-4,0,2024-08-17 13:23:45
106,8,1,2024-08-18 03:53:02
106,2,0,2024-08-19 13:03:32
106,3,1,2024-08-22 00:30:47
106,4,0,2024-08-28 21:26:58
106,-2,1,2024-08-29 18:55:56
106,8,0,2024-08-29 22:23:52
106,-10,1,2024-08-30 01:52:12
106,-6,0,2024-08-31 05:54:25
106,-10,1,2024-09-01 08:28:53
106,-2,0,2024-09-02 23:56:18
106,5,1,2024-09-06 23:54:43
106,5,0,2024-09-09 04:53:36
106,-10,1,2024-09-10 15:31:13
106,1,0,2024-09-15 03:59:11
106,-5,1,2024-09-16 06:24:32
106,8,0,2024-09-20 23:36:22
106,-10,1,2024-09-23 23:28:39
106,-9,0,2024-09-26 13:01:42
107,7,1,2023-01-16 02:11:17
107,-9,0,2023-01-21 02:27:03
107,-8,1,2023-01-25 03:09:44
107,-6,0,2023-01-31 03:26:24
107,-2,1,2023-02-06 11:20:37
107,-4,0,2023-02-15 03:03:29
107,-6,1,2023-02-16 11:27:45
107,6,0,2023-02-17 22:09:30
107,7,1,2023-02-20 15:01:45
107,-10,0,2023-03-07 05:00:59
107,9,1,2023-03-12 08:43:09
107,1,0,2023-03-13 07:13:47
107,9,1,2023-03-14 14:49:44
107,7,0,2023-03-26 01:54:10
107,-2,1,2023-03-27 11:42:01
107,3,0,2023-03-29 09:19:39
107,9,1,2023-04-02 02:58:28
107,-8,0,2023-04-03 11:56:18
107,5,1,2023-04-03 23:42:05
107,9,0,2023-04-04 11:29:41
107,7,1,2023-04-04 15:13:58
107,-1,0,2023-04-24 01:24:03
107,6,1,2023-05-05 01:46:00
107,3,0,2023-05-09 07:24:54
107,-3,1,2023-05-11 07:02:19
107,-4,0,2023-05-21 01:59:56
107,-6,1,2023-05-23 15:04:49
107,-5,0,2023-05-24 08:40:19
107,-1,1,2023-05-28 04:43:09
107,8,0,2023-05-28 08:38:08
107,8,1,2023-05-30 22:46:19
107,0,0,2023-06-03 16:19:42
107,-10,1,2023-06-08 21:07:17
107,-10,0,2023-06-15 08:26:27
107,9,1,2023-06-24 17:42:05
107,-5,0,2023-07-06 21:19:37
107,9,1,2023-07-07 02:46:07
107,-3,0,2023-07-11 02:42:08
107,9,1,2023-07-16 21:17:35
107,-1,0,2023-07-26 15:04:29
107,2,1,2023-08-01 11:53:37
107,-2,0,2023-08-10 08:52:29
107,-1,1,2023-08-10 23:55:12
107,5,0,2023-08-11 14:15:57
107,0,1,2023-08-15 19:16:12
107,4,0,2023-08-19 08:18:39
107,4,1,2023-08-22 17:51:39
107,-1,0,2023-08-24 06:26:38
107,-1,1,2023-08-24 10:49:09
107,2,0,2023-09-19 12:11:29
107,-8,1,2023-09-19 23:30:31
107,-7,0,2023-09-21 21:23:42
107,4,1,2023-09-23 11:44:07
107,9,0,2023-10-01 05:17:02
107,-8,1,2023-10-03 04:57:22
107,9,0,2023-10-06 02:26:15
107,3,1,2023-10-11 22:33:23
107,8,0,2023-11-06 22:22:52
107,-5,1,2023-11-09 08:23:23
107,-5,0,2023-11-13 00:33:14
107,-7,1,2023-11-16 07:59:09
107,1,0,2023-11-20 03:37:38
107,2,1,2023-11-21 12:36:36
107,5,0,2023-11-24 09:07:01
107,-5,1,2023-12-03 12:58:48
107,0,0,2023-12-04 09:42:06
107,3,1,2023-12-07 04:37:52
107,-10,0,2023-12-11 04:10:46
107,3,1,2023-12-17 21:37:53
107,7,0,2023-12-22 01:30:18
107,-3,1,2023-12-22 03:38:01
107,8,0,2024-01-13 13:13:06
107,6,1,2024-01-30 21:25:13
107,-2,0,2024-01-31 10:00:32
107,-6,1,2024-02-06 15:47:16
107,-10,0,2024-02-09 00:14:26
107,-1,1,2024-02-09 14:39:40
107,5,0,2024-02-21 10:18:45
107,-4,1,2024-02-28 22:25:59
107,-10,0,2024-02-29 00:14:45
107,4,1,2024-03-10 01:42:51
107,-10,0,2024-03-11 02:55:36
107,1,1,2024-03-12 04:56:54
107,-2,0,2024-03-12 14:32:47
107,3,1,2024-03-17 00:02:47
107,9,0,2024-04-02 01:06:00
107,-4,1,2024-04-02 02:38:12
107,6,0,2024-04-02 21:41:48
107,3,1,2024-04-08 01:58:42
107,-5,0,2024-04-09 05:45:36
107,5,1,2024-04-15 03:54:04
107,4,0,2024-04-16 12:49:30
107,-10,1,2024-04-27 08:08:38
107,-5,0,2024-04-30 20:23:34
107,-4,1,2024-05-01 20:57:23
107,-1,0,2024-05-09 10:00:33
107,3,1,2024-05-11 19:22:18
107,-5,0,2024-05-14 12:50:31
107,-2,1,2024-06-11 07:54:55
107,5,0,2024-06-21 09:42:11
107,-2,1,2024-06-28 00:47:42
107,-6,0,2024-07-04 14:32:32
107,9,1,2024-07-10 22:35:49
107,0,0,2024-07-16 17:20:55
107,-2,1,2024-07-22 10:58:42
107,2,0,2024-07-25 12:47:28
107,-2,1,2024-07-25 20:51:02
107,4,0,2024-08-01 10:54:09
107,-9,1,2024-08-01 17:06:27
107,5,0,2024-08-08 11:27:44
107,-6,1,2024-08-09 18:26:28
107,0,0,2024-08-11 17:08:18
107,-2,1,2024-08-18 06:15:01
107,5,0,2024-09-01 22:21:24
107,9,1,2024-09-04 07:32:39
107,9,0,2024-09-11 07:15:39
107,6,1,2024-09-13 03:25:08
107,5,0,2024-09-17 03:32:07
107,3,1,2024-09-20 19:45:25
107,-7,0,2024-09-21 07:33:04
107,6,1,2024-09-25 18:05:53
108,-8,0,2023-01-02 11:53:06
108,-5,1,2023-01-12 02:43:40
108,-2,0,2023-01-15 15:38:28
108,1,1,2023-01-19 18:03:02
108,7,0,2023-01-22 10:40:05
108,-5,1,2023-01-24 13:03:03
108,-7,0,2023-01-27 11:35:41
108,4,1,2023-02-05 16:30:52
108,-9,0,2023-02-08 14:05:16
108,-2,1,2023-02-12 12:08:40
108,4,0,2023-02-17 14:52:14
108,4,1,2023-02-22 11:06:59
108,-7,0,2023-02-23 15:32:50
108,-1,1,2023-03-02 13:43:32
108,-6,0,2023-03-04 23:27:42
108,-1,1,2023-03-15 07:29:46
108,1,0,2023-03-23 18:27:57
108,6,1,2023-03-25 23:06:14
108,1,0,2023-03-27 01:30:01
108,4,1,2023-03-29 23:08:04
108,4,0,2023-04-05 23:15:02
108,2,1,2023-04-13 05:24:43
108,5,0,2023-04-20 03:06:42
108,-6,1,2023-04-24 03:03:34
108,-2,0,2023-04-26 08:13:51
108,-5,1,2023-05-01 18:49:17
108,-9,0,2023-05-02 01:46:37
108,-9,1,2023-05-07 06:47:55
108,-1,0,2023-05-08 10:35:35
108,-6,1,2023-05-09 20:08:52
108,0,0,2023-05-15 18:08:34
108,8,1,2023-05-24 12:32:53
108,-8,0,2023-05-27 02:18:45
108,-5,1,2023-05-31 02:35:46
108,-3,0,2023-06-02 10:00:06
108,4,1,2023-06-02 21:23:09
108,-5,0,2023-06-03 09:24:06
108,-10,1,2023-06-11 12:23:23
108,-7,0,2023-06-12 10:51:58
108,7,1,2023-06-18 09:28:28
108,-7,0,2023-06-18 20:29:53
108,-4,1,2023-06-22 17:31:52
108,-2,0,2023-06-30 19:43:50
108,7,1,2023-07-04 15:01:44
108,-1,0,2023-07-21 18:21:11
108,7,1,2023-07-23 15:37:23
108,-2,0,2023-07-26 18:24:43
108,4,1,2023-07-29 12:35:26
108,-4,0,2023-08-05 06:07:11
108,7,1,2023-08-11 19:34:43
108,0,0,2023-08-15 07:37:37
108,6,1,2023-08-18 09:20:45
108,8,0,2023-08-20 08:52:06
108,8,1,2023-08-21 21:36:54
108,9,0,2023-08-22 01:06:15
108,5,1,2023-08-22 16:26:04
108,8,0,2023-08-26 09:09:53
108,8,1,2023-08-28 22:50:26
108,-9,0,2023-08-29 04:19:43
108,-1,1,2023-09-02 19:10:45
108,-7,0,2023-09-16 10:50:18
108,-1,1,2023-09-18 01:39:59
108,-4,0,2023-09-18 08:41:02
108,9,1,2023-09-21 03:28:25
108,-6,0,2023-09-21 14:31:11
108,3,1,2023-10-01 17:05:43
108,3,0,2023-10-07 13:42:06
108,-4,1,2023-10-09 08:57:43
108,-6,0,2023-10-14 11:33:05
108,-2,1,2023-10-21 04:51:05
108,-2,0,2023-10-22 20:56:13
108,6,1,2023-10-25 08:30:57
108,-2,0,2023-10-30 19:46:05
108,-4,1,2023-11-01 05:02:21
108,-5,0,2023-11-02 16:00:06
108,4,1,2023-11-03 20:20:09
108,9,0,2023-11-05 12:03:50
108,-5,1,2023-11-08 01:05:16
108,-4,0,2023-11-15 15:56:06
108,-3,1,2023-11-15 18:52:10
108,3,0,2023-11-19 09:22:44
108,9,1,2023-11-20 11:08:58
108,0,0,2023-11-23 08:45:47
108,-10,1,2023-11-28 15:22:07
108,9,0,2023-11-29 03:20:01
108,0,1,2023-12-09 13:59:44
108,-2,0,2023-12-14 23:58:49
108,6,1,2023-12-27 18:23:01
108,-7,0,2024-01-01 22:44:07
108,-4,1,2024-01-17 10:16:50
108,5,0,2024-01-18 14:51:40
108,-3,1,2024-02-02 16:28:31
108,-5,0,2024-02-06 11:48:44
108,-9,1,2024-02-13 11:29:55
108,5,0,2024-02-13 14:34:27
108,-1,1,2024-02-16 17:47:23
108,0,0,2024-02-18 23:58:48
108,3,1,2024-02-19 17:44:09
108,0,0,2024-02-22 21:56:17
108,-9,1,2024-02-26 16:38:10
108,2,0,2024-03-03 15:25:37
108,7,1,2024-03-07 11:45:17
108,0,0,2024-03-12 16:31:20
108,-9,1,2024-03-13 13:18:50
108,8,0,2024-03-17 21:27:26
108,0,1,2024-04-06 21:58:11
108,9,0,2024-04-09 23:43:04
108,-1,1,2024-04-16 18:10:58
108,5,0,2024-04-17 19:43:56
108,-1,1,2024-04-22 09:34:44
108,-3,0,2024-04-24 19:47:02
108,4,1,2024-04-28 02:56:49
108,8,0,2024-05-06 20:25:13
108,0,1,2024-05-24 23:56:31
108,5,0,2024-06-01 05:13:42
108,1,1,2024-06-03 10:49:27
108,-4,0,2024-06-03 15:00:21
108,-6,1,2024-06-05 15:19:30
108,8,0,2024-06-07 16:36:38
108,3,1,2024-06-12 08:49:29
108,-6,0,2024-06-17 06:32:27
108,-9,1,2024-06-18 09:32:04
108,-7,0,2024-06-20 17:00:50
108,-1,1,2024-06-24 00:52:31
108,-10,0,2024-06-27 20:30:08
108,-4,1,2024-06-30 21:10:44
108,4,0,2024-07-01 05:23:35
108,-7,1,2024-07-05 12:28:43
108,-1,0,2024-07-05 19:46:17
108,-4,1,2024-07-15 04:52:41
108,-7,0,2024-07-15 12:51:38
108,0,1,2024-07-23 17:24:43
108,-5,0,2024-07-30 06:30:17
108,-1,1,2024-07-30 14:06:31
108,-7,0,2024-07-30 22:41:28
108,5,1,2024-08-06 23:52:01
108,-4,0,2024-08-11 07:19:13
108,-4,1,2024-08-19 12:26:13
108,-3,0,2024-08-21 10:56:40
108,2,1,2024-08-31 19:52:12
108,8,0,2024-09-04 18:46:47
108,-8,1,2024-09-11 05:42:29
108,-4,0,2024-09-15 00:21:38
108,2,1,2024-09-17 04:34:15
108,8,0,2024-09-17 14:59:30
108,-8,1,2024-09-24 18:30:09
109,-10,0,2023-01-04 08:28:55
109,-7,1,2023-01-10 12:03:25
109,-5,0,2023-01-10 12:20:20
109,7,1,2023-01-27 19:29:05
109,-2,0,2023-01-29 20:28:05
109,-9,1,2023-01-30 10:55:05
109,-4,0,2023-02-04 00:57:09
109,-8,1,2023-02-11 10:28:14
109,7,0,2023-02-13 08:46:15
109,4,1,2023-02-23 11:18:39
109,0,0,2023-02-23 21:42:35
109,-2,1,2023-02-24 22:41:35
109,0,0,2023-02-26 17:53:32
109,-9,1,2023-03-13 06:12:34
109,9,0,2023-03-15 00:55:31
109,-1,1,2023-03-15 07:58:33
109,9,0,2023-03-17 08:43:42
109,5,1,2023-03-19 13:36:40
109,-2,0,2023-03-23 17:10:36
109,4,1,2023-03-23 23:29:23
109,-7,0,2023-03-25 14:20:15
109,-2,1,2023-04-04 03:49:59
109,1,0,2023-04-05 09:32:16
109,7,1,2023-04-05 10:10:00
109,-3,0,2023-04-06 22:28:56
109,4,1,2023-04-17 01:04:02
109,-4,0,2023-04-19 07:24:31
109,0,1,2023-04-21 23:20:31
109,-4,0,2023-05-03 11:49:30
109,9,1,2023-05-06 00:03:32
109,8,0,2023-05-11 09:52:50
109,0,1,2023-05-14 17:54:33
109,-6,0,2023-05-16 01:12:27
109,2,1,2023-05-20 00:39:07
109,0,0,2023-05-28 20:26:56
109,-10,1,2023-05-30 03:03:02
109,-10,0,2023-06-03 06:16:50
109,-3,1,2023-06-04 19:51:14
109,-10,0,2023-06-11 17:51:42
109,4,1,2023-06-13 23:58:39
109,9,0,2023-06-19 15:22:54
109,2,1,2023-06-22 05:25:00
109,1,0,2023-07-02 03:32:43
109,-1,1,2023-07-06 02:16:22
109,-3,0,2023-07-06 15:53:04
109,8,1,2023-07-06 20:55:38
109,-3,0,2023-07-27 17:24:39
109,3,1,2023-07-31 15:42:34
109,4,0,2023-08-03 13:29:27
109,7,1,2023-08-05 03:04:16
109,-4,0,2023-08-06 07:52:29
109,8,1,2023-08-09 02:37:15
109,3,0,2023-08-12 15:45:46
109,-4,1,2023-08-20 00:59:22
109,3,0,2023-08-24 23:07:29
109,9,1,2023-08-29 11:55:10
109,0,0,2023-08-29 12:03:21
109,-3,1,2023-09-04 07:06:02
109,8,0,2023-09-09 07:01:20
109,8,1,2023-09-14 07:38:52
109,2,0,2023-09-17 18:24:44
109,-7,1,2023-09-18 19:24:44
109,2,0,2023-10-06 00:56:07
109,-6,1,2023-10-08 04:19:34
109,3,0,2023-10-11 19:37:26
109,-8,1,2023-10-14 03:34:56
109,9,0,2023-10-18 16:48:42
109,-5,1,2023-10-20 14:40:54
109,9,0,2023-10-20 18:24:05
109,-6,1,2023-10-23 09:59:49
109,3,0,2023-10-28 05:01:35
109,5,1,2023-10-28 09:04:01
109,-8,0,2023-10-31 12:52:41
109,-7,1,2023-11-05 00:19:36
109,7,0,2023-11-21 23:19:57
109,4,1,2023-11-27 00:22:25
109,2,0,2023-11-30 09:28:35
109,-8,1,2023-12-03 05:40:14
109,-1,0,2023-12-06 14:19:15
109,-7,1,2023-12-11 02:43:42
109,8,0,2023-12-11 07:20:46
109,-5,1,2023-12-12 18:40:52
109,-3,0,2023-12-13 13:49:26
109,1,1,2023-12-14 19:44:53
109,-8,0,2023-12-16 21:12:23
109,-3,1,2023-12-18 10:05:05
109,3,0,2023-12-28 21:04:51
109,5,1,2023-12-30 15:34:16
109,-7,0,2023-12-30 20:19:38
109,-5,1,2024-01-02 11:25:39
109,0,0,2024-01-04 05:07:17
109,7,1,2024-01-17 23:34:03
109,8,0,2024-01-18 22:42:13
109,-4,1,2024-01-22 10:21:41
109,-8,0,2024-01-28 03:52:56
109,9,1,2024-02-05 00:53:44
109,-6,0,2024-02-09 14:12:42
109,1,1,2024-02-19 22:27:54
109,-1,0,2024-02-29 17:52:43
109,-1,1,2024-03-02 12:20:25
109,-4,0,2024-03-09 03:53:02
109,1,1,2024-03-10 13:49:52
109,-8,0,2024-03-10 18:33:28
109,-9,1,2024-03-14 22:29:38
109,8,0,2024-03-21 03:01:42
109,-9,1,2024-03-22 03:53:58
109,9,0,2024-03-25 15:03:18
109,2,1,2024-04-07 11:36:37
109,-6,0,2024-04-07 14:21:19
109,-1,1,2024-04-16 06:49:04
109,-2,0,2024-04-19 03:20:54
109,3,1,2024-04-20 03:13:14
109,-3,0,2024-04-20 19:04:53
109,0,1,2024-04-22 19:30:26
109,-7,0,2024-05-04 03:42:35
109,1,1,2024-05-06 10:38:00
109,6,0,2024-05-12 06:43:43
109,5,1,2024-05-15 04:51:39
109,-8,0,2024-05-20 11:25:23
109,-10,1,2024-05-21 17:13:02
109,3,0,2024-05-23 08:36:23
109,-1,1,2024-05-24 10:44:58
109,2,0,2024-05-24 15:23:40
109,5,1,2024-05-25 23:14:18
109,8,0,2024-05-26 02:31:26
109,2,1,2024-06-04 15:35:52
109,1,0,2024-06-06 21:39:20
109,0,1,2024-06-12 02:53:10
109,2,0,2024-06-12 18:33:55
109,-6,1,2024-06-17 13:59:40
109,9,0,2024-06-18 14:18:19
109,-6,1,2024-06-22 16:48:48
109,-1,0,2024-06-29 11:46:27
109,2,1,2024-07-03 23:11:11
109,1,0,2024-07-06 10:01:21
109,-9,1,2024-07-10 06:11:28
109,-1,0,2024-07-12 12:35:37
109,-5,1,2024-07-13 17:07:47
109,5,0,2024-07-16 14:38:24
109,-2,1,2024-07-23 19:06:43
109,-8,0,2024-07-25 19:35:51
109,-2,1,2024-08-02 19:11:22
109,6,0,2024-08-08 12:23:30
109,-3,1,2024-08-12 01:19:11
109,-7,0,2024-08-25 18:49:33
109,-9,1,2024-08-31 15:47:49
109,-5,0,2024-09-08 17:34:31
109,-10,1,2024-09-11 05:49:23
109,5,0,2024-09-21 19:37:42
109,8,1,2024-09-25 13:23:37
109,0,0,2024-09-26 03:48:03
110,-10,1,2023-01-02 03:13:02
110,-9,0,2023-01-12 20:32:37
110,-1,1,2023-01-17 23:31:57
110,-10,0,2023-01-18 08:02:01
110,6,1,2023-01-18 13:29:47
110,-5,0,2023-01-23 14:18:13
110,-2,1,2023-01-24 16:58:50
110,2,0,2023-01-26 01:15:53
110,7,1,2023-01-26 19:58:04
110,-5,0,2023-01-29 19:34:36
110,-7,1,2023-02-03 04:07:19
110,-5,0,2023-02-06 10:53:45
110,-8,1,2023-02-10 14:48:59
110,0,0,2023-02-12 02:48:55
110,-5,1,2023-02-22 12:23:11
110,-7,0,2023-02-28 19:00:42
110,9,1,2023-03-02 10:11:07
110,-10,0,2023-03-08 16:43:04
110,1,1,2023-03-09 05:40:09
110,-9,0,2023-03-09 13:46:26
110,-8,1,2023-03-09 18:41:43
110,4,0,2023-03-16 08:16:04
110,7,1,2023-03-18 18:55:15
110,4,0,2023-03-23 09:31:33
110,0,1,2023-03-27 23:06:30
110,-6,0,2023-03-28 02:29:33
110,8,1,2023-03-29 18:37:45
110,2,0,2023-04-11 01:20:33
110,5,1,2023-04-13 05:40:50
110,-7,0,2023-04-16 09:22:57
110,-7,1,2023-04-20 06:10:58
110,6,0,2023-04-21 06:15:27
110,4,1,2023-05-03 04:25:22
110,8,0,2023-05-07 15:58:46
110,-8,1,2023-05-12 21:38:49
110,9,0,2023-05-18 03:13:46
110,0,1,2023-05-23 15:05:13
110,-8,0,2023-05-24 11:14:56
110,9,1,2023-05-25 12:25:34
110,-10,0,2023-05-27 09:32:18
110,5,1,2023-06-02 12:07:02
110,2,0,2023-06-05 08:19:40
110,-7,1,2023-06-10 21:59:53
110,-2,0,2023-06-18 14:02:11
110,3,1,2023-06-25 14:14:21
110,-8,0,2023-06-28 19:30:15
110,1,1,2023-06-29 17:33:51
110,-4,0,2023-07-05 17:02:26
110,1,1,2023-07-06 07:13:03
110,9,0,2023-07-11 18:26:55
110,9,1,2023-07-14 15:26:36
110,4,0,2023-08-09 18:35:23
110,-1,1,2023-08-15 13:05:19
110,4,0,2023-08-17 17:22:24
110,-7,1,2023-08-22 20:17:06
110,4,0,2023-08-22 23:11:25
110,2,1,2023-08-31 14:01:35
110,-5,0,2023-09-07 07:29:07
110,-2,1,2023-09-08 19:50:35
110,8,0,2023-09-22 11:30:42
110,-6,1,2023-09-24 15:22:47
110,-3,0,2023-09-26 19:57:03
110,3,1,2023-09-30 23:09:12
110,-1,0,2023-10-04 13:53:39
110,-2,1,2023-10-12 18:02:38
110,-1,0,2023-10-13 20:00:43
110,9,1,2023-10-19 01:19:50
110,9,0,2023-10-21 01:04:10
110,0,1,2023-10-21 01:11:02
110,-4,0,2023-10-30 09:05:29
110,-10,1,2023-11-06 11:57:49
110,-3,0,2023-11-08 13:17:48
110,-9,1,2023-11-10 00:17:56
110,-10,0,2023-11-13 00:29:51
110,9,1,2023-11-16 10:16:54
110,-10,0,2023-11-17 07:17:22
110,3,1,2023-11-21 16:15:26
110,-2,0,2023-11-27 06:40:01
110,4,1,2023-12-04 07:51:58
110,6,0,2023-12-09 06:23:06
110,2,1,2023-12-09 12:35:06
110,-6,0,2023-12-16 18:34:24
110,-9,1,2023-12-25 13:30:13
110,6,0,2023-12-29 08:03:07
110,8,1,2024-01-03 01:18:20
110,-2,0,2024-01-11 19:19:55
110,-9,1,2024-01-20 00:31:58
110,-4,0,2024-01-25 03:15:35
110,5,1,2024-01-27 10:34:18
110,-3,0,2024-01-27 20:28:43
110,-2,1,2024-01-29 02:08:34
110,6,0,2024-01-30 05:11:10
110,-10,1,2024-02-05 04:23:33
110,-8,0,2024-02-09 00:43:51
110,-1,1,2024-02-09 22:18:23
110,-8,0,2024-02-13 05:57:38
110,-7,1,2024-02-22 06:59:14
110,-7,0,2024-02-24 06:29:43
110,-3,1,2024-03-01 12:51:48
110,-2,0,2024-03-02 20:18:02
110,-6,1,2024-03-05 18:01:31
110,4,0,2024-03-14 08:39:29
110,-8,1,2024-03-16 07:34:18
110,-6,0,2024-03-18 13:53:55
110,-5,1,2024-03-23 01:02:47
110,5,0,2024-03-24 04:40:03
110,-2,1,2024-03-27 03:32:10
110,5,0,2024-03-28 19:42:10
110,3,1,2024-04-10 16:17:01
110,2,0,2024-04-17 01:49:02
110,-2,1,2024-04-20 04:39:48
110,-1,0,2024-04-25 04:47:17
110,1,1,2024-04-26 03:15:08
110,6,0,2024-05-03 17:51:34
110,8,1,2024-05-13 12:46:24
110,-3,0,2024-05-17 09:14:23
110,2,1,2024-05-18 11:32:50
110,-3,0,2024-05-18 14:35:59
110,6,1,2024-05-22 17:15:38
110,4,0,2024-05-27 02:57:55
110,-6,1,2024-06-05 20:57:46
110,-5,0,2024-06-13 19:48:42
110,-2,1,2024-06-14 20:41:47
110,-3,0,2024-06-22 09:15:26
110,-5,1,2024-06-26 22:46:54
110,3,0,2024-06-28 13:36:08
110,6,1,2024-06-30 17:15:48
110,-3,0,2024-07-05 12:06:52
110,4,1,2024-07-06 13:04:36
110,-8,0,2024-07-07 14:38:53
110,-1,1,2024-07-09 01:59:54
110,-9,0,2024-07-13 11:55:12
110,0,1,2024-07-14 10:55:13
110,0,0,2024-07-19 11:59:56
110,2,1,2024-07-27 15:56:29
110,5,0,2024-08-06 01:39:21
110,3,1,2024-08-08 19:46:55
110,-2,0,2024-08-10 06:13:36
110,3,1,2024-08-16 09:11:13
110,-7,0,2024-08-19 11:17:14
110,5,1,2024-08-30 16:05:47
110,9,0,2024-08-31 11:37:38
110,-8,1,2024-09-05 18:14:20
110,1,0,2024-09-09 21:43:46
110,-9,1,2024-09-09 22:02:40
110,9,0,2024-09-17 11:34:07
110,-6,1,2024-09-26 13:29:01
111,-10,0,2023-01-01 01:26:24
111,-1,1,2023-01-06 05:13:53
111,7,0,2023-01-11 08:06:22
111,8,1,2023-01-18 05:23:08
111,5,0,2023-01-26 02:26:43
111,-3,1,2023-01-27 00:09:14
111,3,0,2023-01-29 12:53:52
111,2,1,2023-01-30 05:45:32
111,6,0,2023-02-07 09:54:38
111,-9,1,2023-02-10 10:50:23
111,-7,0,2023-02-16 09:43:14
111,-5,1,2023-02-16 22:02:40
111,-6,0,2023-02-22 06:53:39
111,-4,1,2023-03-02 06:37:43
111,0,0,2023-03-15 21:27:54
111,-4,1,2023-03-19 08:23:55
111,-6,0,2023-03-22 15:58:37
111,8,1,2023-03-23 10:53:25
111,-10,0,2023-03-25 19:07:53
111,4,1,2023-03-31 15:54:37
111,-6,0,2023-04-07 00:13:52
111,-4,1,2023-04-11 22:16:31
111,-7,0,2023-04-15 08:46:05
111,8,1,2023-04-15 21:39:55
111,4,0,2023-04-19 06:04:20
111,-3,1,2023-04-19 16:22:31
111,4,0,2023-04-25 02:25:59
111,-8,1,2023-04-30 00:45:27
111,-6,0,2023-05-05 07:37:22
111,-8,1,2023-05-26 07:38:47
111,1,0,2023-06-01 03:59:40
111,7,1,2023-06-11 12:47:25
111,0,0,2023-06-15 14:34:13
111,-6,1,2023-06-22 21:52:42
111,-2,0,2023-06-27 21:15:38
111,7,1,2023-07-05 09:04:18
111,6,0,2023-07-06 11:08:33
111,-3,1,2023-07-10 10:55:16
111,0,0,2023-07-14 08:01:18
111,4,1,2023-07-19 12:15:36
111,7,0,2023-07-20 05:50:53
111,4,1,2023-07-21 02:39:18
111,0,0,2023-07-23 03:39:37
111,-7,1,2023-07-25 19:50:03
111,-1,0,2023-07-27 04:40:42
111,-5,1,2023-07-30 05:42:09
111,1,0,2023-08-03 07:34:04
111,-2,1,2023-08-03 23:32:37
111,1,0,2023-08-05 20:57:09
111,7,1,2023-08-06 08:48:01
111,7,0,2023-08-06 13:37:45
111,7,1,2023-08-10 01:19:09
111,-6,0,2023-08-12 01:48:31
111,5,1,2023-08-17 10:03:15
111,-7,0,2023-08-20 02:45:14
111,-9,1,2023-08-24 09:45:14
111,3,0,2023-08-25 02:15:12
111,1,1,2023-08-27 09:09:42
111,3,0,2023-08-30 08:38:47
111,-1,1,2023-09-12 06:54:01
111,-1,0,2023-09-20 00:10:43
111,3,1,2023-09-28 10:37:19
111,8,0,2023-10-05 14:05:17
111,-9,1,2023-10-09 03:45:25
111,9,0,2023-10-14 20:54:01
111,-6,1,2023-10-14 22:56:43
111,4,0,2023-10-16 15:44:04
111,1,1,2023-10-21 10:15:19
111,3,0,2023-10-24 05:20:01
111,-2,1,2023-10-25 17:15:35
111,-1,0,2023-11-03 04:31:49
111,4,1,2023-11-05 22:00:48
111,7,0,2023-11-17 02:43:05
111,8,1,2023-11-19 02:46:45
111,9,0,2023-11-21 23:52:42
111,6,1,2023-11-22 20:00:31
111,3,0,2023-11-26 14:00:19
111,1,1,2023-11-28 00:23:51
111,6,0,2023-11-28 08:15:50
111,1,1,2023-12-02 17:26:39
111,5,0,2023-12-06 13:17:54
111,4,1,2023-12-17 13:21:00
111,-8,0,2023-12-17 18:30:58
111,8,1,2023-12-19 10:01:12
111,-8,0,2023-12-19 13:54:29
111,-8,1,2023-12-20 16:13:41
111,-3,0,2023-12-26 17:28:01
111,7,1,2024-01-11 07:19:52
111,-6,0,2024-01-12 14:56:40
111,6,1,2024-01-13 14:48:05
111,-4,0,2024-01-28 12:25:17
111,2,1,2024-02-03 15:28:17
111,-6,0,2024-02-04 00:56:25
111,-10,1,2024-02-05 02:42:13
111,-5,0,2024-02-09 03:59:45
111,-1,1,2024-02-09 18:18:53
111,-3,0,2024-02-17 12:12:37
111,6,1,2024-02-24 06:27:41
111,-10,0,2024-02-28 00:49:13
111,2,1,2024-02-28 07:12:21
111,-7,0,2024-03-01 01:12:13
111,-6,1,2024-03-03 02:25:41
111,-7,0,2024-03-11 19:42:34
111,3,1,2024-03-18 19:07:43
111,-8,0,2024-03-22 11:26:28
111,6,1,2024-03-26 18:01:28
111,0,0,2024-03-29 07:33:44
111,1,1,2024-03-30 11:11:45
111,0,0,2024-03-31 00:09:12
111,6,1,2024-04-04 11:03:48
111,-6,0,2024-04-07 03:55:08
111,-6,1,2024-04-07 16:46:59
111,-2,0,2024-04-10 00:04:28
111,-4,1,2024-04-12 14:54:04
111,7,0,2024-04-13 03:02:23
111,9,1,2024-04-13 17:13:29
111,-10,0,2024-04-17 07:33:29
111,5,1,2024-04-18 04:10:47
111,-7,0,2024-04-25 16:41:18
111,-7,1,2024-05-01 17:03:11
111,-6,0,2024-05-03 14:18:10
111,4,1,2024-05-11 01:26:12
111,6,0,2024-05-17 02:20:42
111,-7,1,2024-05-24 21:07:12
111,6,0,2024-05-26 03:00:49
111,8,1,2024-05-27 10:10:44
111,-9,0,2024-06-01 19:19:30
111,-2,1,2024-06-06 04:42:53
111,-3,0,2024-06-15 05:28:11
111,1,1,2024-06-24 15:10:52
111,7,0,2024-06-27 05:46:45
111,3,1,2024-06-27 15:45:47
111,-3,0,2024-07-04 11:39:10
111,5,1,2024-07-06 19:49:21
111,5,0,2024-07-19 22:43:16
111,-3,1,2024-07-22 03:51:26
111,-10,0,2024-07-23 03:41:47
111,1,1,2024-08-07 06:01:47
111,-7,0,2024-08-10 05:07:02
111,-7,1,2024-08-10 18:21:51
111,7,0,2024-08-10 23:24:33
111,0,1,2024-08-18 09:28:52
111,9,0,2024-09-01 00:30:36
111,6,1,2024-09-03 15:51:48
111,-3,0,2024-09-07 19:56:58
111,-6,1,2024-09-16 08:50:15
111,-9,0,2024-09-23 05:44:07
111,-6,1,2024-09-23 14:09:37
111,-7,0,2024-09-23 15:31:59
111,-10,1,2024-09-27 02:56:21
111,-3,0,2024-09-27 14:40:49
111,-6,1,2024-09-30 08:44:27
112,0,0,2023-01-01 00:29:26
112,4,1,2023-01-07 20:30:56
112,-7,0,2023-01-08 00:58:29
112,9,1,2023-01-19 03:40:24
112,7,0,2023-01-19 21:34:47
112,5,1,2023-01-23 01:17:22
112,-5,0,2023-01-27 01:55:04
112,8,1,2023-01-27 09:32:59
112,4,0,2023-01-29 20:04:25
112,0,1,2023-01-31 16:02:22
112,-10,0,2023-02-09 22:53:15
112,-1,1,2023-02-13 22:05:34
112,-6,0,2023-02-15 15:22:41
112,-7,1,2023-02-21 17:28:28
112,-8,0,2023-02-22 08:59:27
112,-2,1,2023-02-25 08:59:10
112,8,0,2023-03-05 07:26:43
112,0,1,2023-03-08 23:08:43
112,-6,0,2023-03-10 23:12:50
112,-2,1,2023-03-12 04:16:25
112,-4,0,2023-03-20 10:33:16
112,2,1,2023-03-23 12:16:03
112,-4,0,2023-03-24 17:30:23
112,0,1,2023-03-25 10:23:45
112,9,0,2023-03-26 23:50:28
112,-9,1,2023-04-13 16:33:26
112,4,0,2023-04-19 18:05:00
112,0,1,2023-04-20 09:23:42
112,-2,0,2023-04-21 23:10:58
112,-7,1,2023-04-22 19:17:16
112,2,0,2023-04-27 11:20:14
112,-5,1,2023-05-02 11:05:17
112,4,0,2023-05-05 03:06:31
112,4,1,2023-05-12 06:26:08
112,-5,0,2023-05-14 13:35:14
112,0,1,2023-05-14 18:53:56
112,-2,0,2023-05-14 21:47:15
112,1,1,2023-05-16 23:54:12
112,-10,0,2023-05-25 16:58:19
112,7,1,2023-05-27 13:49:18
112,5,0,2023-06-05 04:41:26
112,-8,1,2023-06-05 16:16:24
112,-4,0,2023-06-07 18:14:50
112,-6,1,2023-06-10 08:03:41
112,7,0,2023-06-15 10:49:35
112,-7,1,2023-06-18 20:40:52
112,-6,0,2023-06-20 11:20:59
112,-6,1,2023-06-28 21:38:26
112,2,0,2023-07-07 06:20:57
112,-8,1,2023-07-12 08:11:33
112,-7,0,2023-07-13 21:19:27
112,-8,1,2023-07-17 12:18:13
112,-6,0,2023-07-21 05:32:43
112,-4,1,2023-07-24 22:22:50
112,-6,0,2023-08-03 16:02:58
112,-10,1,2023-08-06 10:14:46
112,-8,0,2023-08-10 07:50:26
112,-5,1,2023-08-10 20:39:56
112,2,0,2023-08-13 00:14:20
112,9,1,2023-08-16 02:16:54
112,-2,0,2023-08-18 13:10:32
112,9,1,2023-08-21 09:08:42
112,7,0,2023-08-29 16:49:06
112,2,1,2023-09-02 02:54:20
112,0,0,2023-09-08 20:08:49
112,-4,1,2023-09-09 13:37:31
112,-2,0,2023-09-12 10:04:32
112,-7,1,2023-09-12 22:40:14
112,1,0,2023-09-23 12:27:52
112,7,1,2023-09-28 00:42:31
112,-7,0,2023-09-29 07:20:10
112,-10,1,2023-09-29 14:36:07
112,-3,0,2023-10-01 12:05:45
112,-4,1,2023-10-13 13:22:23
112,-9,0,2023-10-14 02:54:28
112,7,1,2023-10-14 09:26:57
112,3,0,2023-10-19 01:44:29
112,-9,1,2023-10-19 03:13:47
112,7,0,2023-10-22 08:27:09
112,-10,1,2023-10-23 21:29:48
112,-6,0,2023-10-25 01:11:55
112,-5,1,2023-10-29 09:44:36
112,9,0,2023-10-29 18:24:17
112,-6,1,2023-11-02 14:46:09
112,3,0,2023-11-11 11:06:32
112,-10,1,2023-11-14 09:34:33
112,5,0,2023-11-15 02:21:43
112,2,1,2023-11-18 14:47:58
112,-10,0,2023-11-19 14:00:36
112,-9,1,2023-11-22 14:23:49
112,-3,0,2023-11-22 20:25:07
112,3,1,2023-11-24 21:30:35
112,0,0,2023-11-26 01:57:27
112,2,1,2023-12-01 07:58:30
112,8,0,2023-12-06 16:44:07
112,8,1,2023-12-09 05:16:19
112,-7,0,2023-12-09 23:08:50
112,1,1,2023-12-20 18:23:23
112,-10,0,2024-01-02 04:54:27
112,5,1,2024-01-10 06:24:11
112,-1,0,2024-01-12 22:04:15
112,-7,1,2024-01-20 07:22:25
112,-5,0,2024-01-22 01:13:38
112,-5,1,2024-01-27 07:01:15
112,-2,0,2024-01-31 07:23:54
112,1,1,2024-01-31 17:15:15
112,-2,0,2024-01-31 20:23:36
112,-1,1,2024-02-05 12:25:19
112,1,0,2024-02-08 10:47:42
112,6,1,2024-02-08 12:34:04
112,-10,0,2024-02-09 07:11:32
112,-3,1,2024-02-11 22:40:00
112,-10,0,2024-03-14 16:17:31
112,5,1,2024-03-18 16:43:09
112,-9,0,2024-03-22 18:55:54
112,4,1,2024-03-23 10:55:36
112,1,0,2024-03-30 20:12:53
112,4,1,2024-04-02 14:01:38
112,-6,0,2024-04-04 05:51:38
112,3,1,2024-04-05 21:53:14
112,3,0,2024-04-06 20:50:22
112,-3,1,2024-04-07 03:56:52
112,3,0,2024-04-10 19:43:53
112,-5,1,2024-04-19 11:48:33
112,9,0,2024-04-22 11:36:24
112,-7,1,2024-04-26 01:13:53
112,-9,0,2024-04-26 12:57:30
112,0,1,2024-04-28 08:55:40
112,-6,0,2024-04-28 21:29:27
112,-8,1,2024-05-02 11:36:19
112,-2,0,2024-05-07 01:27:43
112,1,1,2024-05-07 06:29:39
112,2,0,2024-05-10 01:58:46
112,-5,1,2024-05-14 04:37:17
112,8,0,2024-05-22 12:07:23
112,-9,1,2024-06-01 14:12:12
112,-5,0,2024-06-07 13:48:57
112,9,1,2024-06-20 21:57:13
112,-9,0,2024-06-27 21:59:14
112,-10,1,2024-07-01 15:51:36
112,0,0,2024-07-04 12:02:06
112,3,1,2024-07-16 04:33:01
112,3,0,2024-07-18 08:53:36
112,-7,1,2024-07-18 17:22:08
112,-4,0,2024-07-19 10:24:14
112,3,1,2024-07-19 23:32:22
112,-10,0,2024-07-21 19:45:59
112,9,1,2024-07-22 08:55:11
112,-4,0,2024-07-23 01:04:46
112,5,1,2024-07-29 21:28:45
112,-1,0,2024-07-30 16:00:15
112,-4,1,2024-08-02 15:38:49
112,4,0,2024-08-03 03:52:56
112,2,1,2024-08-03 15:43:17
112,-9,0,2024-08-05 08:09:34
112,4,1,2024-08-07 21:57:54
112,-2,0,2024-08-14 22:50:47
112,-6,1,2024-08-25 17:26:48
112,-5,0,2024-08-27 12:43:15
112,-3,1,2024-08-31 22:49:43
112,1,0,2024-09-02 12:54:52
112,0,1,2024-09-05 06:33:23
112,-10,0,2024-09-07 18:18:07
112,0,1,2024-09-12 05:39:04
112,-2,0,2024-09-13 13:52:20
112,2,1,2024-09-15 12:03:00
112,-7,0,2024-09-16 02:26:00
112,-3,1,2024-09-19 11:11:32
112,8,0,2024-09-19 22:39:50
112,7,1,2024-09-21 00:16:59
112,-6,0,2024-09-23 13:02:12
113,9,1,2023-01-01 18:22:47
113,-7,0,2023-01-03 14:14:35
113,-6,1,2023-01-06 15:05:39
113,-8,0,2023-01-08 21:26:20
113,-9,1,2023-01-10 05:34:31
113,-5,0,2023-01-14 22:15:53
113,-5,1,2023-01-19 07:21:48
113,8,0,2023-01-20 19:07:28
113,6,1,2023-02-01 18:32:12
113,-9,0,2023-02-06 12:25:18
113,5,1,2023-02-07 15:47:47
113,4,0,2023-02-08 02:38:57
113,-7,1,2023-02-09 06:40:59
113,-2,0,2023-02-10 12:56:34
113,8,1,2023-02-14 06:01:52
113,4,0,2023-02-15 02:23:29
113,6,1,2023-03-01 15:36:55
113,6,0,2023-03-09 23:26:37
113,-4,1,2023-03-10 21:34:04
113,-1,0,2023-03-20 03:19:09
113,4,1,2023-03-21 00:47:13
113,-5,0,2023-03-23 08:06:01
113,1,1,2023-03-27 13:37:42
113,3,0,2023-04-02 14:18:46
113,-8,1,2023-04-03 07:25:45
113,8,0,2023-04-03 16:58:03
113,-6,1,2023-04-10 16:39:41
113,-5,0,2023-04-19 23:38:17
113,-6,1,2023-04-20 11:44:18
113,-8,0,2023-04-27 17:54:51
113,9,1,2023-04-30 07:34:01
113,4,0,2023-05-04 08:28:56
113,-7,1,2023-05-07 01:28:02
113,9,0,2023-05-14 12:17:27
113,-4,1,2023-05-22 07:19:08
113,-4,0,2023-05-24 01:14:00
113,4,1,2023-05-24 19:30:46
113,-1,0,2023-06-03 21:29:03
113,-7,1,2023-06-08 13:19:31
113,7,0,2023-06-09 00:55:48
113,-1,1,2023-06-09 03:25:01
113,9,0,2023-06-17 19:22:37
113,-3,1,2023-06-18 22:43:24
113,-1,0,2023-06-20 01:04:13
113,3,1,2023-06-23 04:35:35
113,-1,0,2023-06-25 21:55:10
113,1,1,2023-06-28 14:19:18
113,0,0,2023-07-05 08:50:43
113,-3,1,2023-07-08 05:35:42
113,1,0,2023-07-08 16:56:26
113,0,1,2023-07-13 01:21:09
113,-3,0,2023-07-17 00:23:19
113,0,1,2023-07-20 06:25:57
113,7,0,2023-07-28 20:43:33
113,4,1,2023-07-28 23:34:45
113,4,0,2023-07-31 01:51:06
113,9,1,2023-08-05 16:27:36
113,6,0,2023-08-08 11:55:52
113,3,1,2023-08-13 18:52:25
113,-8,0,2023-08-14 20:19:51
113,-2,1,2023-08-21 12:03:28
113,7,0,2023-08-21 20:35:35
113,-4,1,2023-08-27 12:25:54
113,-5,0,2023-09-02 16:34:39
113,-9,1,2023-09-09 18:34:09
113,1,0,2023-09-10 10:08:31
113,9,1,2023-09-10 23:56:11
113,8,0,2023-09-13 19:30:12
113,5,1,2023-09-20 13:58:25
113,6,0,2023-09-24 10:51:51
113,-6,1,2023-09-25 17:44:51
113,0,0,2023-09-30 07:52:19
113,0,1,2023-10-06 01:04:49
113,0,0,2023-10-12 06:55:57
113,4,1,2023-10-15 09:57:26
113,6,0,2023-10-21 15:25:08
113,1,1,2023-11-04 05:56:06
113,4,0,2023-11-15 00:18:24
113,2,1,2023-11-19 18:27:01
113,0,0,2023-11-19 22:19:25
113,3,1,2023-11-23 20:54:21
113,-7,0,2023-11-27 00:19:47
113,-7,1,2023-12-22 14:54:50
113,1,0,2023-12-23 00:50:57
113,-7,1,2023-12-27 15:57:57
113,5,0,2024-01-01 10:29:54
113,8,1,2024-01-07 12:10:11
113,-6,0,2024-01-10 09:16:28
113,9,1,2024-01-11 04:16:54
113,6,0,2024-01-17 23:56:15
113,2,1,2024-01-24 18:05:02
113,-10,0,2024-01-28 04:18:53
113,-6,1,2024-02-09 14:31:39
113,4,0,2024-02-21 04:38:13
113,8,1,2024-02-25 13:52:02
113,-8,0,2024-02-27 15:42:05
113,8,1,2024-02-28 11:31:43
113,-5,0,2024-03-02 11:39:40
113,2,1,2024-03-03 10:32:08
113,7,0,2024-03-04 14:12:59
113,7,1,2024-03-15 17:51:58
113,-10,0,2024-03-18 23:53:14
113,0,1,2024-03-23 12:05:29
113,8,0,2024-03-26 08:18:08
113,2,1,2024-03-28 09:41:31
113,-9,0,2024-04-02 01:08:39
113,5,1,2024-04-12 11:51:26
113,7,0,2024-04-13 06:24:37
113,4,1,2024-04-19 11:33:26
113,-8,0,2024-04-21 01:55:11
113,2,1,2024-04-22 01:00:37
113,-3,0,2024-04-24 05:38:19
113,6,1,2024-04-24 14:40:03
113,-10,0,2024-04-29 16:04:15
113,6,1,2024-05-02 09:50:42
113,6,0,2024-05-04 11:49:07
113,-8,1,2024-05-13 12:08:37
113,-8,0,2024-05-19 10:34:06
113,6,1,2024-06-09 19:34:41
113,4,0,2024-06-10 11:15:53
113,3,1,2024-06-10 19:02:54
113,6,0,2024-06-14 07:38:26
113,-3,1,2024-06-16 01:35:42
113,9,0,2024-06-16 07:08:38
113,8,1,2024-06-16 16:28:33
113,-3,0,2024-06-17 18:18:40
113,-10,1,2024-06-20 01:35:36
113,2,0,2024-06-22 23:16:37
113,6,1,2024-07-14 23:03:10
113,-8,0,2024-07-16 20:33:34
113,7,1,2024-07-20 09:21:46
113,6,0,2024-07-24 01:16:30
113,9,1,2024-08-03 22:57:48
113,-8,0,2024-08-08 02:11:46
113,-6,1,2024-08-10 14:40:53
113,-8,0,2024-08-11 03:09:49
113,-1,1,2024-08-12 08:58:25
113,-3,0,2024-08-15 18:42:00
113,2,1,2024-08-16 10:26:02
113,9,0,2024-08-19 15:51:49
113,4,1,2024-09-04 21:02:12
113,0,0,2024-09-16 04:22:11
113,5,1,2024-09-29 04:37:06
113,8,0,2024-09-29 12:28:53
114,1,1,2023-01-03 11:26:15
114,-3,0,2023-01-07 13:34:11
114,-2,1,2023-01-10 07:31:28
114,3,0,2023-01-11 22:00:24
114,1,1,2023-01-15 11:42:35
114,2,0,2023-01-25 15:23:24
114,-4,1,2023-02-11 02:07:08
114,-8,0,2023-02-12 10:49:12
114,-5,1,2023-02-13 05:21:01
114,2,0,2023-02-26 19:02:37
114,4,1,2023-02-26 23:08:51
114,9,0,2023-03-01 09:58:10
114,4,1,2023-03-04 06:58:00
114,-10,0,2023-03-06 02:27:39
114,-3,1,2023-03-06 22:47:43
114,-10,0,2023-03-07 12:40:24
114,6,1,2023-03-12 06:26:40
114,-1,0,2023-03-13 17:23:18
114,4,1,2023-03-20 06:43:16
114,-3,0,2023-03-21 02:51:17
114,-8,1,2023-03-22 02:22:12
114,7,0,2023-04-04 05:30:38
114,-1,1,2023-04-11 22:26:26
114,-10,0,2023-04-12 13:57:40
114,7,1,2023-04-16 05:10:20
114,-2,0,2023-04-16 15:56:34
114,7,1,2023-04-18 13:14:12
114,-2,0,2023-04-21 19:08:21
114,-5,1,2023-04-22 00:15:33
114,-2,0,2023-04-22 00:41:36
114,2,1,2023-04-22 06:45:20
114,-6,0,2023-04-25 23:17:40
114,6,1,2023-05-01 05:24:05
114,4,0,2023-05-04 06:41:36
114,-3,1,2023-05-09 13:15:20
114,5,0,2023-05-10 00:57:40
114,-2,1,2023-05-11 11:13:16
114,-10,0,2023-05-13 00:59:54
114,2,1,2023-05-16 19:55:30
114,-7,0,2023-05-28 05:04:49
114,-1,1,2023-05-29 21:05:12
114,-8,0,2023-06-04 16:39:42
114,3,1,2023-06-05 13:30:38
114,-9,0,2023-06-11 17:46:26
114,9,1,2023-06-13 07:29:28
114,8,0,2023-06-14 04:04:55
114,-2,1,2023-06-15 04:23:21
114,0,0,2023-06-19 14:27:53
114,4,1,2023-07-03 02:58:35
114,1,0,2023-07-04 01:26:07
114,-8,1,2023-07-06 08:06:51
114,6,0,2023-07-09 20:01:00
114,-5,1,2023-07-10 19:50:16
114,9,0,2023-07-15 16:26:59
114,-5,1,2023-07-18 01:17:00
114,-3,0,2023-07-27 11:03:14
114,-8,1,2023-08-02 15:04:50
114,-7,0,2023-08-02 21:17:21
114,6,1,2023-08-09 22:34:01
114,5,0,2023-08-13 10:52:34
114,-9,1,2023-08-16 15:22:57
114,-9,0,2023-08-20 13:44:44
114,-10,1,2023-08-25 05:20:17
114,9,0,2023-08-26 11:08:03
114,-6,1,2023-08-26 14:33:44
114,-9,0,2023-08-28 14:10:36
114,7,1,2023-09-06 04:59:01
114,7,0,2023-09-09 22:45:19
114,-4,1,2023-09-19 18:28:25
114,4,0,2023-09-22 21:51:20
114,2,1,2023-09-27 13:20:57
114,3,0,2023-09-27 13:50:03
114,5,1,2023-10-01 19:49:48
114,-5,0,2023-10-02 10:29:47
114,3,1,2023-10-04 07:34:28
114,6,0,2023-10-06 16:01:09
114,-4,1,2023-10-07 18:38:02
114,5,0,2023-10-09 11:01:28
114,-1,1,2023-10-13 06:14:24
114,2,0,2023-10-19 17:47:56
114,-2,1,2023-11-07 13:45:25
114,6,0,2023-11-16 15:36:30
114,-3,1,2023-11-23 20:47:31
114,-2,0,2023-11-25 10:00:39
114,-4,1,2023-11-26 01:18:10
114,-6,0,2023-11-26 05:19:43
114,7,1,2023-12-05 09:11:25
114,-3,0,2023-12-06 20:47:53
114,0,1,2023-12-06 23:01:43
114,-9,0,2023-12-08 21:07:56
114,7,1,2023-12-16 13:03:42
114,-4,0,2023-12-18 05:55:01
114,-2,1,2023-12-18 18:07:28
114,-4,0,2023-12-19 16:51:06
114,-6,1,2023-12-23 16:00:51
114,5,0,2024-01-01 16:00:50
114,9,1,2024-01-02 15:48:52
114,-9,0,2024-01-04 01:35:03
114,-10,1,2024-01-06 01:24:55
114,8,0,2024-01-20 17:41:12
114,-1,1,2024-01-24 04:32:40
114,-5,0,2024-01-28 10:03:33
114,-4,1,2024-02-06 22:20:51
114,2,0,2024-02-07 00:53:12
114,9,1,2024-02-17 00:12:29
114,-1,0,2024-02-22 07:48:56
114,9,1,2024-03-07 05:29:20
114,7,0,2024-03-08 16:24:47
114,7,1,2024-03-13 16:04:52
114,-1,0,2024-03-17 00:40:09
114,3,1,2024-03-21 10:10:29
114,4,0,2024-03-23 11:29:53
114,-9,1,2024-03-24 23:57:37
114,9,0,2024-03-29 14:45:21
114,-2,1,2024-04-01 09:17:36
114,-4,0,2024-04-03 14:25:38
114,5,1,2024-04-05 20:29:54
114,-3,0,2024-04-07 08:18:39
114,-3,1,2024-04-13 09:56:19
114,-5,0,2024-04-15 04:14:42
114,-4,1,2024-04-19 05:55:19
114,-9,0,2024-04-19 07:10:36
114,5,1,2024-04-23 14:13:12
114,1,0,2024-04-24 14:50:42
114,2,1,2024-04-29 16:00:57
114,8,0,2024-05-02 04:13:19
114,-2,1,2024-05-02 23:58:36
114,0,0,2024-05-05 02:37:22
114,7,1,2024-05-07 20:04:00
114,-3,0,2024-05-27 13:12:26
114,-7,1,2024-06-01 01:42:07
114,6,0,2024-06-04 15:07:34
114,6,1,2024-06-15 13:50:25
114,-9,0,2024-06-24 16:01:00
114,8,1,2024-07-15 06:50:24
114,-8,0,2024-07-20 04:09:31
114,2,1,2024-07-21 22:22:39
114,5,0,2024-07-23 00:46:01
114,-2,1,2024-07-28 07:55:49
114,2,0,2024-08-03 04:02:37
114,-1,1,2024-08-03 04:56:55
114,-2,0,2024-08-06 08:27:37
114,-4,1,2024-08-12 00:06:51
114,-9,0,2024-08-12 13:43:08
114,-5,1,2024-08-14 14:44:48
114,-6,0,2024-08-17 04:09:52
114,6,1,2024-08-21 14:40:49
114,0,0,2024-08-26 23:35:23
114,8,1,2024-08-27 10:07:09
114,-5,0,2024-08-28 23:23:55
114,4,1,2024-09-01 04:08:48
114,9,0,2024-09-08 02:43:58
114,4,1,2024-09-10 07:21:49
114,0,0,2024-09-13 05:08:54
114,5,1,2024-09-14 09:45:37
114,-7,0,2024-09-19 17:06:52
114,-7,1,2024-09-20 16:26:51
114,2,0,2024-09-21 02:15:23
115,7,1,2023-01-18 00:53:07
115,-5,0,2023-01-18 09:52:22
115,-9,1,2023-01-19 01:58:19
115,-7,0,2023-01-21 01:47:41
115,7,1,2023-01-22 21:04:08
115,3,0,2023-01-25 02:21:50
115,-9,1,2023-01-30 20:42:46
115,8,0,2023-02-01 02:54:50
115,-1,1,2023-02-10 11:41:11
115,-3,0,2023-02-21 21:10:49
115,1,1,2023-02-23 21:24:26
115,-8,0,2023-02-26 10:26:59
115,-9,1,2023-03-01 00:20:44
115,7,0,2023-03-09 20:55:41
115,-3,1,2023-03-11 13:19:02
115,9,0,2023-03-17 07:25:06
115,-8,1,2023-03-23 07:02:12
115,9,0,2023-04-01 15:14:46
115,1,1,2023-04-03 05:14:58
115,7,0,2023-04-03 12:15:22
115,6,1,2023-04-08 21:17:00
115,6,0,2023-04-10 03:38:30
115,4,1,2023-04-14 23:50:41
115,8,0,2023-04-15 12:24:07
115,7,1,2023-04-15 23:11:53
115,-2,0,2023-04-16 08:38:37
115,0,1,2023-04-17 07:15:17
115,1,0,2023-04-25 11:06:18
115,1,1,2023-04-26 16:25:06
115,0,0,2023-04-30 23:02:38
115,-4,1,2023-05-05 13:06:46
115,2,0,2023-05-06 01:58:23
115,7,1,2023-05-10 21:09:11
115,-8,0,2023-05-13 21:02:08
115,-2,1,2023-05-21 10:32:37
115,-7,0,2023-05-23 17:15:03
115,3,1,2023-05-26 15:05:20
115,5,0,2023-05-29 18:15:02
115,-9,1,2023-06-12 19:33:23
115,0,0,2023-06-14 05:14:35
115,8,1,2023-06-15 09:45:17
115,6,0,2023-06-22 23:29:51
115,-1,1,2023-07-12 01:49:04
115,-8,0,2023-07-20 00:25:50
115,9,1,2023-07-20 23:07:50
115,0,0,2023-07-27 05:02:34
115,3,1,2023-08-14 01:10:13
115,-5,0,2023-08-20 16:29:10
115,-1,1,2023-08-22 03:28:39
115,4,0,2023-08-29 03:48:49
115,9,1,2023-08-29 17:33:29
115,-1,0,2023-09-01 23:02:02
115,5,1,2023-09-02 13:47:28
115,6,0,2023-09-03 06:22:44
115,2,1,2023-09-09 11:24:18
115,-4,0,2023-09-26 01:30:05
115,-10,1,2023-09-26 04:38:36
115,2,0,2023-10-04 08:24:16
115,3,1,2023-10-07 21:52:51
115,7,0,2023-10-22 08:22:10
115,-7,1,2023-10-24 11:56:54
115,-3,0,2023-10-28 04:36:32
115,2,1,2023-10-28 20:44:32
115,3,0,2023-11-02 20:01:12
115,-2,1,2023-11-15 13:12:11
115,-9,0,2023-11-18 12:23:23
115,5,1,2023-11-20 11:55:32
115,3,0,2023-11-24 20:19:38
115,0,1,2023-11-25 02:48:46
115,-8,0,2023-11-26 20:01:01
115,6,1,2023-11-27 09:28:02
115,5,0,2023-11-30 15:44:13
115,-9,1,2023-11-30 18:28:17
115,7,0,2023-12-02 20:46:23
115,9,1,2023-12-14 06:01:19
115,-1,0,2023-12-17 23:18:03
115,-1,1,2023-12-20 01:05:06
115,-6,0,2023-12-20 21:14:22
115,9,1,2023-12-21 15:41:30
115,-6,0,2023-12-22 07:38:22
115,5,1,2023-12-29 04:12:37
115,1,0,2024-01-05 04:36:56
115,-8,1,2024-01-05 11:50:14
115,-9,0,2024-01-05 18:34:14
115,5,1,2024-01-19 03:07:07
115,3,0,2024-01-24 17:52:48
115,4,1,2024-01-25 15:50:22
115,7,0,2024-01-28 13:05:33
115,0,1,2024-02-03 08:18:39
115,-10,0,2024-02-07 03:15:07
115,4,1,2024-02-17 04:56:11
115,5,0,2024-02-20 13:02:31
115,0,1,2024-02-24 16:50:31
115,4,0,2024-02-25 08:12:48
115,3,1,2024-02-27 04:43:10
115,-10,0,2024-03-01 04:36:57
115,0,1,2024-03-07 08:59:59
115,5,0,2024-03-08 16:20:16
115,4,1,2024-03-13 22:59:27
115,0,0,2024-03-14 06:07:50
115,1,1,2024-03-14 08:37:18
115,0,0,2024-03-15 12:59:47
115,3,1,2024-03-20 09:25:34
115,6,0,2024-03-20 14:43:51
115,8,1,2024-04-02 18:53:33
115,5,0,2024-04-04 07:29:53
115,-8,1,2024-04-05 12:47:52
115,-5,0,2024-04-05 19:13:44
115,6,1,2024-04-08 01:56:19
115,0,0,2024-04-08 17:13:50
115,-8,1,2024-04-11 11:55:31
115,3,0,2024-04-19 18:35:41
115,6,1,2024-04-26 01:01:15
115,-7,0,2024-04-26 14:48:13
115,0,1,2024-04-27 10:26:02
115,3,0,2024-04-30 03:56:29
115,-8,1,2024-05-02 18:02:59
115,-3,0,2024-05-03 16:13:18
115,-7,1,2024-05-09 15:52:29
115,-1,0,2024-05-12 01:03:18
115,-8,1,2024-05-16 18:22:11
115,-7,0,2024-05-24 13:18:10
115,-2,1,2024-05-29 02:48:21
115,-4,0,2024-06-02 08:06:11
115,8,1,2024-06-03 02:26:25
115,3,0,2024-06-08 17:46:02
115,6,1,2024-06-13 19:17:41
115,6,0,2024-06-14 03:45:09
115,0,1,2024-06-19 02:03:11
115,-4,0,2024-06-21 09:07:47
115,-3,1,2024-06-23 18:09:34
115,3,0,2024-07-13 02:24:16
115,-7,1,2024-07-16 01:10:22
115,4,0,2024-07-25 09:28:12
115,8,1,2024-07-25 19:39:23
115,-7,0,2024-07-27 15:27:41
115,1,1,2024-08-04 12:42:52
115,-10,0,2024-08-11 07:51:40
115,-5,1,2024-08-16 05:18:01
115,3,0,2024-08-16 06:30:25
115,6,1,2024-08-16 20:23:02
115,-1,0,2024-08-17 08:52:52
115,8,1,2024-08-18 15:45:06
115,-10,0,2024-08-19 12:45:19
115,-8,1,2024-08-19 12:55:59
115,-6,0,2024-08-23 15:54:55
115,4,1,2024-09-05 21:23:10
115,2,0,2024-09-10 09:18:22
115,0,1,2024-09-15 17:01:23
115,-6,0,2024-09-17 21:32:07
115,-7,1,2024-09-19 02:56:09
115,-4,0,2024-09-23 03:03:59
115,-7,1,2024-09-29 06:35:26
115,3,0,2024-09-30 00:38:19
116,-3,1,2023-01-02 14:49:34
116,4,0,2023-01-09 11:54:43
116,1,1,2023-01-17 04:01:33
116,-6,0,2023-01-20 03:09:18
116,-9,1,2023-01-22 04:48:46
116,5,0,2023-01-24 05:51:04
116,-10,1,2023-01-26 08:05:57
116,-8,0,2023-01-29 14:12:41
116,7,1,2023-02-03 19:17:22
116,-9,0,2023-02-05 11:43:28
116,-3,1,2023-02-05 17:30:49
116,-6,0,2023-02-06 21:52:05
116,-7,1,2023-02-27 16:15:44
116,2,0,2023-02-28 18:41:42
116,-5,1,2023-03-01 08:45:17
116,-8,0,2023-03-12 20:37:02
116,-10,1,2023-03-14 13:22:03
116,9,0,2023-03-19 20:49:32
116,5,1,2023-03-19 23:40:28
116,9,0,2023-03-20 16:02:15
116,6,1,2023-03-25 03:57:35
116,7,0,2023-03-26 09:23:22
116,-10,1,2023-03-26 13:31:02
116,8,0,2023-04-04 05:28:37
116,0,1,2023-04-13 19:16:18
116,4,0,2023-04-14 07:23:28
116,-10,1,2023-04-16 06:52:47
116,-8,0,2023-04-20 06:30:56
116,5,1,2023-04-21 22:38:40
116,4,0,2023-04-26 01:01:19
116,9,1,2023-04-30 00:51:50
116,-5,0,2023-05-03 14:56:42
116,-1,1,2023-05-05 01:46:56
116,-3,0,2023-05-15 22:41:10
116,6,1,2023-05-19 02:33:51
116,4,0,2023-05-21 17:25:05
116,-6,1,2023-05-22 12:21:34
116,-6,0,2023-05-23 06:22:17
116,1,1,2023-06-04 18:02:25
116,-2,0,2023-06-11 16:38:26
116,-7,1,2023-06-17 22:40:33
116,-8,0,2023-06-24 14:49:08
116,9,1,2023-06-27 03:44:40
116,-1,0,2023-06-28 07:29:28
116,-9,1,2023-07-04 12:43:23
116,-5,0,2023-07-07 16:39:42
116,8,1,2023-07-11 03:00:28
116,-2,0,2023-07-13 16:23:47
116,-2,1,2023-07-22 22:46:45
116,-9,0,2023-07-23 21:19:03
116,0,1,2023-07-24 07:51:42
116,0,0,2023-07-28 04:30:44
116,-6,1,2023-08-02 17:37:19
116,-4,0,2023-08-04 13:16:11
116,-7,1,2023-08-26 19:05:45
116,5,0,2023-09-03 20:32:45
116,9,1,2023-09-07 13:36:43
116,9,0,2023-09-13 03:11:44
116,3,1,2023-09-16 07:05:18
116,0,0,2023-09-22 11:54:29
116,-6,1,2023-09-30 01:08:14
116,2,0,2023-10-01 14:45:48
116,0,1,2023-10-09 03:54:28
116,8,0,2023-10-18 04:17:36
116,-9,1,2023-10-19 17:02:37
116,-2,0,2023-10-27 03:51:23
116,4,1,2023-11-02 00:25:02
116,-8,0,2023-11-02 13:12:03
116,9,1,2023-11-02 18:08:53
116,3,0,2023-11-04 22:15:49
116,0,1,2023-11-06 15:07:22
116,-6,0,2023-11-08 15:35:02
116,3,1,2023-11-09 15:43:01
116,-6,0,2023-11-14 18:45:56
116,-2,1,2023-11-15 02:32:18
116,8,0,2023-11-24 16:49:40
116,-7,1,2023-11-27 16:04:40
116,6,0,2023-12-01 00:07:36
116,-4,1,2023-12-01 22:32:07
116,8,0,2023-12-05 04:59:45
116,1,1,2023-12-08 00:33:54
116,-3,0,2023-12-23 08:15:42
116,1,1,2023-12-24 13:34:54
116,3,0,2023-12-27 19:35:09
116,3,1,2023-12-31 07:30:45
116,-6,0,2024-01-13 21:21:16
116,5,1,2024-01-16 10:01:41
116,-8,0,2024-01-26 18:01:31
116,-10,1,2024-01-30 22:47:09
116,9,0,2024-02-10 20:17:50
116,-1,1,2024-02-12 14:35:44
116,7,0,2024-02-13 09:32:07
116,7,1,2024-02-17 13:31:41
116,-6,0,2024-02-17 13:39:32
116,1,1,2024-02-17 16:39:16
116,-2,0,2024-02-18 22:50:39
116,6,1,2024-02-19 03:40:01
116,-3,0,2024-02-19 21:15:36
116,-1,1,2024-02-23 08:47:38
116,7,0,2024-02-28 10:09:11
116,-8,1,2024-03-04 14:36:16
116,-5,0,2024-03-06 15:09:25
116,2,1,2024-03-13 12:50:04
116,-10,0,2024-03-14 21:29:12
116,-2,1,2024-03-20 10:08:10
116,2,0,2024-03-26 07:57:04
116,6,1,2024-03-27 03:05:48
116,-1,0,2024-04-04 05:18:06
116,-9,1,2024-04-08 20:40:20
116,-2,0,2024-04-11 06:35:23
116,1,1,2024-04-13 16:45:30
116,-5,0,2024-04-18 17:18:10
116,3,1,2024-04-20 23:53:22
116,0,0,2024-04-24 20:01:41
116,7,1,2024-04-27 00:31:00
116,4,0,2024-04-27 08:51:40
116,6,1,2024-04-30 23:55:03
116,-1,0,2024-05-07 11:07:26
116,3,1,2024-05-11 16:18:40
116,-1,0,2024-05-12 00:36:47
116,-5,1,2024-05-14 04:26:08
116,-8,0,2024-05-21 15:48:45
116,-5,1,2024-05-25 14:45:02
116,-9,0,2024-05-30 10:55:07
116,-1,1,2024-05-31 19:01:52
116,7,0,2024-06-02 08:38:42
116,9,1,2024-06-02 23:56:31
116,-9,0,2024-06-06 01:42:34
116,-8,1,2024-06-12 07:34:21
116,8,0,2024-06-24 20:42:15
116,0,1,2024-06-25 04:25:28
116,-1,0,2024-06-27 08:13:50
116,4,1,2024-07-01 17:28:07
116,1,0,2024-07-03 10:59:41
116,-1,1,2024-07-06 16:58:27
116,-7,0,2024-07-07 20:45:07
116,-4,1,2024-07-09 11:46:33
116,-10,0,2024-07-09 15:57:12
116,3,1,2024-07-10 01:15:03
116,3,0,2024-07-14 14:25:45
116,-7,1,2024-07-16 10:51:46
116,6,0,2024-07-18 07:12:46
116,2,1,2024-07-25 07:29:51
116,7,0,2024-07-26 05:23:46
116,1,1,2024-07-26 13:09:57
116,-1,0,2024-07-29 02:33:04
116,-1,1,2024-08-01 20:49:21
116,-3,0,2024-08-02 17:32:53
116,-4,1,2024-08-04 21:35:22
116,4,0,2024-08-14 00:52:51
116,-7,1,2024-08-14 18:44:31
116,-3,0,2024-08-17 03:04:28
116,5,1,2024-08-20 04:51:22
116,5,0,2024-08-26 20:17:00
116,-3,1,2024-09-03 02:04:25
116,6,0,2024-09-04 04:17:08
116,9,1,2024-09-07 18:47:58
116,-9,0,2024-09-17 00:15:04
116,-6,1,2024-09-20 03:52:56
116,4,0,2024-09-22 05:13:22
116,2,1,2024-09-24 09:51:34
116,-8,0,2024-09-30 06:14:19
117,7,1,2023-01-03 03:24:18
117,6,0,2023-01-09 19:48:35
117,-10,1,2023-01-14 04:10:12
117,-9,0,2023-01-19 02:08:41
117,7,1,2023-01-20 17:45:23
117,-1,0,2023-01-25 10:03:18
117,1,1,2023-01-25 22:08:28
117,-10,0,2023-01-29 00:45:35
117,1,1,2023-02-06 08:20:20
117,-2,0,2023-02-10 04:08:58
117,7,1,2023-02-21 15:23:03
117,-10,0,2023-02-24 08:53:16
117,8,1,2023-02-26 08:48:29
117,-8,0,2023-02-27 00:05:22
117,3,1,2023-03-03 11:24:46
117,-8,0,2023-03-04 17:48:14
117,-8,1,2023-03-07 20:49:34
117,-10,0,2023-03-25 06:20:50
117,-2,1,2023-03-25 12:51:01
117,-7,0,2023-04-02 06:11:19
117,4,1,2023-04-04 16:46:40
117,-7,0,2023-04-07 23:44:44
117,-2,1,2023-04-08 17:39:29
117,-6,0,2023-04-09 12:35:07
117,5,1,2023-04-09 13:54:17
117,-7,0,2023-04-10 06:11:40
117,-8,1,2023-04-10 07:30:58
117,4,0,2023-04-24 18:03:40
117,4,1,2023-05-05 09:09:05
117,1,0,2023-05-06 10:29:18
117,6,1,2023-05-08 00:23:37
117,-6,0,2023-05-09 00:30:04
117,-1,1,2023-05-11 05:04:24
117,4,0,2023-05-12 21:02:43
117,-8,1,2023-05-19 22:03:20
117,2,0,2023-05-20 09:50:29
117,-2,1,2023-05-21 11:28:48
117,-7,0,2023-05-21 12:43:36
117,-3,1,2023-05-22 13:59:49
117,9,0,2023-05-25 06:45:24
117,-2,1,2023-05-26 15:46:14
117,0,0,2023-05-27 14:02:29
117,0,1,2023-05-31 07:35:30
117,-5,0,2023-06-09 11:54:30
117,2,1,2023-06-23 23:15:11
117,-3,0,2023-06-27 16:39:00
117,-2,1,2023-06-28 03:53:58
117,-8,0,2023-06-28 06:43:33
117,3,1,2023-07-04 03:53:48
117,-10,0,2023-07-05 19:29:27
117,1,1,2023-07-10 20:35:15
117,8,0,2023-07-11 17:26:18
117,8,1,2023-07-20 13:19:07
117,0,0,2023-07-25 11:47:17
117,-6,1,2023-07-30 02:32:35
117,1,0,2023-07-30 19:00:53
117,-8,1,2023-08-01 13:08:25
117,-2,0,2023-08-07 10:21:32
117,-1,1,2023-08-08 03:32:15
117,6,0,2023-08-10 03:44:20
117,9,1,2023-08-11 06:58:35
117,-3,0,2023-08-12 15:56:39
117,3,1,2023-08-18 06:28:22
117,-10,0,2023-08-19 20:01:46
117,-2,1,2023-08-27 10:56:34
117,0,0,2023-09-02 06:31:10
117,-3,1,2023-09-13 05:56:57
117,2,0,2023-09-13 18:01:27
117,-9,1,2023-09-14 04:07:17
117,9,0,2023-09-26 10:29:09
117,-9,1,2023-09-28 22:51:41
117,4,0,2023-09-29 02:07:43
117,-4,1,2023-10-02 08:28:47
117,3,0,2023-10-15 03:05:59
117,9,1,2023-10-20 21:53:30
117,8,0,2023-10-21 09:32:10
117,0,1,2023-10-22 22:28:02
117,4,0,2023-10-27 17:48:24
117,-1,1,2023-10-27 17:49:06
117,0,0,2023-11-01 21:21:43
117,-3,1,2023-11-02 07:50:49
117,9,0,2023-11-04 09:56:59
117,-1,1,2023-11-05 16:23:20
117,5,0,2023-11-07 17:36:02
117,-9,1,2023-11-08 01:57:26
117,-8,0,2023-11-11 10:36:10
117,1,1,2023-11-12 13:08:34
117,-6,0,2023-11-14 16:07:22
117,-1,1,2023-11-20 23:54:27
117,-7,0,2023-11-21 03:49:15
117,-4,1,2023-11-25 12:53:40
117,-9,0,2023-11-26 22:09:08
117,-10,1,2023-11-27 06:40:14
117,-5,0,2023-11-30 11:21:11
117,-2,1,2023-12-02 16:02:18
117,8,0,2023-12-03 05:02:31
117,8,1,2023-12-08 23:15:18
117,5,0,2023-12-10 06:27:03
117,9,1,2023-12-13 11:24:51
117,-1,0,2023-12-20 12:16:24
117,-2,1,2023-12-22 14:46:06
117,9,0,2023-12-23 19:08:38
117,-7,1,2024-01-04 17:41:29
117,-9,0,2024-01-06 02:24:46
117,-5,1,2024-01-07 22:16:23
117,5,0,2024-01-11 06:25:25
117,-5,1,2024-01-12 04:10:18
117,-2,0,2024-01-18 23:53:17
117,7,1,2024-01-21 08:31:24
117,9,0,2024-01-22 16:39:22
117,9,1,2024-01-30 16:15:47
117,4,0,2024-02-03 00:30:06
117,-2,1,2024-02-03 08:20:11
117,-9,0,2024-02-03 09:43:09
117,1,1,2024-02-05 20:39:13
117,0,0,2024-02-10 07:41:47
117,-9,1,2024-02-11 04:38:19
117,-8,0,2024-02-13 14:40:58
117,-8,1,2024-02-25 08:21:43
117,9,0,2024-02-25 22:42:41
117,3,1,2024-02-26 23:52:57
117,1,0,2024-03-04 16:24:37
117,1,1,2024-03-08 02:21:21
117,-10,0,2024-03-12 02:34:05
117,-7,1,2024-03-18 15:49:07
117,-9,0,2024-03-22 15:40:18
117,5,1,2024-03-23 11:47:17
117,6,0,2024-03-25 17:50:40
117,-1,1,2024-03-28 21:15:39
117,-5,0,2024-03-30 01:30:28
117,-2,1,2024-03-30 12:36:46
117,3,0,2024-03-31 01:24:47
117,5,1,2024-04-02 15:13:19
117,-1,0,2024-04-03 17:03:47
117,-8,1,2024-04-08 19:35:39
117,-1,0,2024-04-10 15:03:18
117,-6,1,2024-04-19 09:03:24
117,6,0,2024-04-24 22:09:15
117,-9,1,2024-04-25 12:57:57
117,-5,0,2024-05-05 21:39:08
117,-10,1,2024-05-07 02:01:45
117,3,0,2024-05-10 15:07:53
117,-1,1,2024-05-11 00:44:10
117,1,0,2024-05-15 02:40:27
117,-2,1,2024-05-23 05:44:39
117,8,0,2024-05-26 21:06:48
117,0,1,2024-06-01 23:06:17
117,-5,0,2024-06-08 20:47:52
117,0,1,2024-06-09 20:37:04
117,3,0,2024-06-14 00:10:27
117,1,1,2024-06-14 00:16:02
117,-9,0,2024-06-14 07:51:05
117,-7,1,2024-06-20 14:04:01
117,-1,0,2024-06-24 20:58:50
117,-9,1,2024-06-28 17:03:21
117,4,0,2024-07-03 11:20:50
117,2,1,2024-07-04 18:17:51
117,0,0,2024-07-15 11:27:12
117,-8,1,2024-07-16 06:08:11
117,0,0,2024-07-16 12:20:09
117,-8,1,2024-07-17 00:12:38
117,6,0,2024-07-19 02:32:40
117,8,1,2024-07-26 23:01:28
117,-10,0,2024-07-27 02:44:09
117,-2,1,2024-07-30 19:55:55
117,-10,0,2024-08-07 22:24:02
117,-8,1,2024-08-12 16:30:22
117,-3,0,2024-08-14 10:00:17
117,8,1,2024-08-15 15:05:29
117,4,0,2024-08-20 07:49:44
117,5,1,2024-08-25 07:53:08
117,8,0,2024-08-31 02:05:23
117,7,1,2024-09-04 19:52:18
117,9,0,2024-09-06 10:50:00
117,-5,1,2024-09-08 11:31:34
117,-4,0,2024-09-10 17:36:02
117,5,1,2024-09-11 19:09:06
117,-6,0,2024-09-13 19:43:27
117,-7,1,2024-09-17 17:29:14
117,3,0,2024-09-20 14:07:46
117,-1,1,2024-09-21 14:49:48
117,4,0,2024-09-23 04:47:20
117,0,1,2024-09-25 05:29:27
118,6,0,2023-01-01 09:15:47
118,3,1,2023-01-02 03:08:48
118,0,0,2023-01-07 22:05:35
118,2,1,2023-01-13 22:26:40
118,3,0,2023-01-24 15:37:01
118,6,1,2023-01-28 03:36:21
118,-5,0,2023-02-01 01:49:49
118,-4,1,2023-02-01 13:33:17
118,3,0,2023-02-05 06:42:19
118,9,1,2023-02-07 00:28:09
118,3,0,2023-02-14 23:21:28
118,-6,1,2023-02-18 10:37:18
118,-5,0,2023-02-23 01:12:35
118,5,1,2023-02-26 03:39:03
118,8,0,2023-03-01 04:08:43
118,-5,1,2023-03-06 14:32:43
118,-2,0,2023-03-19 05:17:26
118,5,1,2023-03-24 18:42:36
118,-10,0,2023-03-28 04:56:31
118,-4,1,2023-04-07 05:21:03
118,-9,0,2023-04-08 08:30:08
118,-5,1,2023-04-08 16:01:57
118,-8,0,2023-04-14 16:04:43
118,-10,1,2023-04-29 18:55:42
118,2,0,2023-05-01 10:41:02
118,-1,1,2023-05-01 17:42:29
118,-10,0,2023-05-05 02:25:56
118,3,1,2023-05-08 04:58:46
118,8,0,2023-05-14 17:58:14
118,4,1,2023-05-15 06:37:22
118,3,0,2023-05-18 12:14:01
118,-8,1,2023-05-19 16:13:13
118,2,0,2023-05-30 17:31:08
118,-8,1,2023-06-01 13:32:47
118,-2,0,2023-06-04 19:41:07
118,0,1,2023-06-05 08:01:56
118,-5,0,2023-06-08 14:50:37
118,-7,1,2023-06-13 04:35:24
118,3,0,2023-06-16 05:12:32
118,9,1,2023-06-29 18:05:03
118,5,0,2023-06-30 05:00:07
118,-2,1,2023-07-01 23:40:12
118,5,0,2023-07-08 21:22:26
118,2,1,2023-07-23 21:15:44
118,5,0,2023-08-09 05:02:03
118,9,1,2023-08-20 04:06:35
118,-8,0,2023-08-21 03:13:01
118,6,1,2023-09-06 04:14:03
118,-2,0,2023-09-07 23:33:08
118,-5,1,2023-09-13 21:13:58
118,3,0,2023-09-18 23:45:25
118,-4,1,2023-09-19 11:20:24
118,-10,0,2023-10-21 08:40:09
118,-7,1,2023-10-21 17:29:34
118,6,0,2023-10-31 23:47:12
118,5,1,2023-11-02 01:25:53
118,-8,0,2023-11-06 05:30:41
118,-9,1,2023-11-19 11:46:30
118,-8,0,2023-11-21 13:11:49
118,7,1,2023-11-22 22:48:19
118,-10,0,2023-12-01 19:50:59
118,-8,1,2023-12-11 08:41:20
118,4,0,2023-12-12 18:38:30
118,-7,1,2023-12-19 22:39:47
118,-2,0,2023-12-20 00:41:45
118,0,1,2023-12-20 08:19:13
118,6,0,2023-12-21 02:00:02
118,9,1,2023-12-25 04:14:42
118,-5,0,2023-12-25 11:02:11
118,8,1,2023-12-27 03:01:26
118,-10,0,2023-12-31 07:26:38
118,-2,1,2024-01-01 05:53:19
118,0,0,2024-01-02 04:15:12
118,-9,1,2024-01-04 22:34:26
118,2,0,2024-01-05 10:04:24
118,-10,1,2024-01-07 07:07:26
118,-3,0,2024-01-13 08:58:13
118,1,1,2024-01-13 16:30:20
118,-8,0,2024-01-17 17:22:01
118,-8,1,2024-01-22 21:43:19
118,2,0,2024-02-05 11:29:05
118,6,1,2024-03-02 10:57:11
118,-4,0,2024-03-06 22:20:38
118,2,1,2024-03-11 16:11:56
118,-8,0,2024-03-22 14:57:12
118,3,1,2024-03-22 18:15:43
118,0,0,2024-03-26 10:24:21
118,-4,1,2024-03-27 22:31:30
118,4,0,2024-03-29 23:04:40
118,-4,1,2024-04-02 21:55:18
118,-6,0,2024-04-08 21:50:59
118,2,1,2024-04-14 16:33:42
118,-10,0,2024-04-16 07:33:53
118,9,1,2024-04-16 10:15:21
118,9,0,2024-04-17 06:33:24
118,4,1,2024-04-24 08:01:42
118,-2,0,2024-04-24 08:25:02
118,-7,1,2024-04-29 16:57:15
118,5,0,2024-05-13 20:58:58
118,8,1,2024-05-30 03:39:43
118,-8,0,2024-06-06 11:45:34
118,-5,1,2024-06-07 05:03:37
118,2,0,2024-06-08 19:16:09
118,-3,1,2024-06-09 15:38:54
118,5,0,2024-06-11 07:47:27
118,-3,1,2024-06-16 13:56:16
118,1,0,2024-06-18 07:34:31
118,2,1,2024-06-19 01:55:51
118,-9,0,2024-07-06 15:00:59
118,-1,1,2024-07-11 07:37:44
118,7,0,2024-07-11 21:33:33
118,8,1,2024-07-17 01:38:23
118,7,0,2024-07-18 09:07:33
118,5,1,2024-07-18 09:42:22
118,3,0,2024-07-19 08:31:12
118,4,1,2024-08-05 18:15:03
118,-9,0,2024-08-05 21:59:15
118,7,1,2024-08-06 23:36:45
118,6,0,2024-08-14 03:24:34
118,2,1,2024-08-17 12:10:08
118,-9,0,2024-08-19 10:42:14
118,-5,1,2024-08-19 20:54:30
118,-3,0,2024-08-31 22:12:10
118,9,1,2024-09-07 10:26:00
118,-8,0,2024-09-13 08:28:56
118,9,1,2024-09-18 05:13:57
118,-10,0,2024-09-24 02:39:00
119,0,1,2023-01-01 09:08:29
119,-9,0,2023-01-05 17:02:19
119,7,1,2023-01-09 09:00:53
119,6,0,2023-01-12 14:28:33
119,2,1,2023-01-16 18:59:08
119,-2,0,2023-01-17 01:00:04
119,5,1,2023-01-26 05:26:41
119,-3,0,2023-01-29 17:46:01
119,0,1,2023-01-31 16:04:18
119,9,0,2023-02-07 06:30:39
119,4,1,2023-02-12 00:22:05
119,-9,0,2023-02-12 13:24:55
119,2,1,2023-02-14 09:12:13
119,-8,0,2023-02-19 10:47:19
119,4,1,2023-02-22 03:07:01
119,1,0,2023-03-01 15:36:14
119,-10,1,2023-03-02 09:04:29
119,9,0,2023-03-04 07:46:15
119,-9,1,2023-03-04 14:47:46
119,4,0,2023-03-09 05:46:59
119,3,1,2023-03-09 10:49:23
119,4,0,2023-03-14 22:36:16
119,6,1,2023-03-16 08:52:42
119,-2,0,2023-03-20 00:38:41
119,2,1,2023-03-20 04:00:18
119,9,0,2023-03-21 20:30:33
119,-1,1,2023-03-22 06:19:19
119,4,0,2023-03-22 19:59:59
119,7,1,2023-03-23 14:44:09
119,4,0,2023-03-25 02:53:36
119,-4,1,2023-03-27 03:47:54
119,-5,0,2023-04-02 07:06:51
119,5,1,2023-04-09 12:07:17
119,-6,0,2023-04-21 05:58:54
119,6,1,2023-05-02 13:45:19
119,3,0,2023-05-08 03:45:58
119,-2,1,2023-05-11 20:25:06
119,9,0,2023-05-14 04:22:27
119,-7,1,2023-05-15 02:22:31
119,0,0,2023-06-05 12:55:44
119,4,1,2023-06-20 14:59:57
119,-4,0,2023-06-24 01:25:23
119,-7,1,2023-06-25 22:01:20
119,-10,0,2023-06-30 17:43:11
119,-7,1,2023-07-25 01:24:28
119,-8,0,2023-07-25 02:46:10
119,3,1,2023-07-27 16:02:20
119,-7,0,2023-08-06 18:56:06
119,-3,1,2023-08-08 08:57:23
119,-5,0,2023-08-13 15:15:52
119,-4,1,2023-08-15 23:54:52
119,0,0,2023-08-17 02:15:13
119,7,1,2023-08-17 13:35:43
119,1,0,2023-08-17 23:01:14
119,-4,1,2023-08-18 04:31:03
119,-4,0,2023-08-19 04:41:17
119,-10,1,2023-08-27 15:29:44
119,-4,0,2023-08-30 06:23:51
119,3,1,2023-08-30 10:03:18
119,-8,0,2023-09-08 06:48:57
119,-6,1,2023-09-17 15:16:12
119,-3,0,2023-09-26 15:06:08
119,0,1,2023-09-26 20:49:04
119,-2,0,2023-09-28 01:04:25
119,4,1,2023-10-04 02:35:22
119,6,0,2023-10-06 23:25:26
119,-3,1,2023-10-08 21:31:37
119,0,0,2023-10-09 07:58:55
119,1,1,2023-10-09 20:42:25
119,7,0,2023-10-28 06:21:54
119,-6,1,2023-11-09 10:36:08
119,-6,0,2023-11-13 14:15:34
119,6,1,2023-11-16 09:32:15
119,-5,0,2023-11-18 19:00:42
119,8,1,2023-11-26 14:15:58
119,2,0,2023-11-30 23:22:04
119,-2,1,2023-12-02 06:50:14
119,-7,0,2023-12-07 14:12:26
119,3,1,2023-12-10 20:53:02
119,-4,0,2023-12-23 08:44:17
119,5,1,2023-12-27 03:07:03
119,2,0,2023-12-31 13:24:23
119,5,1,2023-12-31 17:46:48
119,-2,0,2024-01-03 10:05:22
119,2,1,2024-01-05 10:27:19
119,9,0,2024-01-06 23:02:02
119,-4,1,2024-01-23 13:39:50
119,8,0,2024-01-28 17:04:00
119,-10,1,2024-02-02 23:23:57
119,-2,0,2024-02-14 05:05:30
119,-2,1,2024-02-17 07:33:15
119,7,0,2024-02-19 10:16:52
119,1,1,2024-02-21 17:52:20
119,-6,0,2024-02-27 03:41:55
119,0,1,2024-03-06 10:07:47
119,7,0,2024-03-07 18:21:25
119,7,1,2024-03-12 01:19:39
119,5,0,2024-03-12 06:39:07
119,0,1,2024-03-15 08:37:11
119,2,0,2024-03-21 13:13:09
119,0,1,2024-03-21 17:51:18
119,-6,0,2024-04-06 01:27:50
119,3,1,2024-04-07 21:39:15
119,6,0,2024-04-10 22:31:14
119,6,1,2024-04-17 19:51:38
119,-5,0,2024-04-20 05:46:41
119,8,1,2024-04-23 16:31:04
119,-10,0,2024-04-24 23:38:55
119,-6,1,2024-04-26 11:38:10
119,-8,0,2024-04-29 09:34:12
119,7,1,2024-05-01 06:14:12
119,-5,0,2024-05-05 05:53:54
119,3,1,2024-05-11 14:49:41
119,9,0,2024-05-11 17:58:44
119,-5,1,2024-05-12 06:44:53
119,7,0,2024-05-12 22:05:35
119,0,1,2024-05-13 23:38:50
119,1,0,2024-05-22 04:24:46
119,-1,1,2024-05-24 23:19:37
119,-3,0,2024-05-28 20:45:27
119,0,1,2024-06-12 11:14:14
119,-2,0,2024-06-15 16:06:19
119,6,1,2024-06-16 09:31:46
119,0,0,2024-06-27 05:42:29
119,-6,1,2024-06-29 21:22:10
119,6,0,2024-07-02 16:13:44
119,9,1,2024-07-04 00:51:49
119,-7,0,2024-07-06 17:49:04
119,-9,1,2024-07-09 12:54:54
119,6,0,2024-07-12 01:58:05
119,-9,1,2024-07-13 09:49:46
119,8,0,2024-07-20 09:28:45
119,1,1,2024-07-29 16:26:59
119,-5,0,2024-07-30 11:05:49
119,3,1,2024-07-31 11:29:55
119,-2,0,2024-08-08 06:56:36
119,2,1,2024-08-09 11:01:48
119,-3,0,2024-08-09 22:37:45
119,9,1,2024-08-17 02:17:19
119,3,0,2024-08-24 05:46:17
119,-3,1,2024-08-26 07:42:50
119,-7,0,2024-08-31 02:26:21
119,8,1,2024-08-31 16:32:14
119,0,0,2024-09-08 20:13:38
119,-6,1,2024-09-09 05:12:51
119,-8,0,2024-09-11 07:48:13
119,9,1,2024-09-20 02:28:39
119,0,0,2024-09-25 19:45:20
120,8,1,2023-01-01 16:01:46
120,9,0,2023-01-06 13:06:09
120,-7,1,2023-01-07 06:14:51
120,1,0,2023-01-07 10:45:03
120,7,1,2023-01-08 04:29:33
120,5,0,2023-01-08 23:52:01
120,-10,1,2023-01-10 09:57:45
120,9,0,2023-01-21 17:13:03
120,4,1,2023-01-22 15:25:39
120,-8,0,2023-01-29 14:41:37
120,5,1,2023-02-06 23:40:52
120,1,0,2023-02-07 11:36:08
120,-4,1,2023-02-17 04:25:33
120,-10,0,2023-02-18 12:27:52
120,-2,1,2023-02-20 13:16:24
120,9,0,2023-02-26 02:58:52
120,6,1,2023-02-27 10:44:10
120,-7,0,2023-03-02 06:17:17
120,-3,1,2023-03-07 05:17:21
120,2,0,2023-03-13 19:49:38
120,8,1,2023-03-18 02:04:09
120,4,0,2023-03-18 23:45:35
120,-2,1,2023-03-27 18:22:26
120,-7,0,2023-03-28 15:28:35
120,0,1,2023-04-01 19:14:46
120,0,0,2023-04-02 19:14:31
120,1,1,2023-04-03 10:33:28
120,-9,0,2023-04-10 02:16:10
120,9,1,2023-04-14 03:42:31
120,-9,0,2023-04-21 09:52:33
120,1,1,2023-05-14 03:29:38
120,-8,0,2023-05-17 22:05:15
120,1,1,2023-05-18 14:27:50
120,-6,0,2023-05-24 06:26:05
120,2,1,2023-05-24 07:15:00
120,-3,0,2023-05-26 13:24:37
120,6,1,2023-05-28 23:00:14
120,-1,0,2023-05-29 06:21:50
120,5,1,2023-06-03 05:47:12
120,6,0,2023-06-09 20:20:50
120,-4,1,2023-06-15 20:20:02
120,-7,0,2023-06-27 12:43:02
120,-3,1,2023-07-05 12:06:02
120,0,0,2023-07-10 15:51:56
120,-2,1,2023-07-11 02:37:40
120,-10,0,2023-07-12 05:06:43
120,4,1,2023-07-16 09:17:38
120,4,0,2023-07-20 14:17:52
120,2,1,2023-07-21 00:02:28
120,4,0,2023-08-04 14:43:50
120,8,1,2023-08-14 07:49:29
120,-8,0,2023-08-19 10:48:35
120,-8,1,2023-08-24 20:08:56
120,-10,0,2023-09-01 10:29:39
120,2,1,2023-09-05 09:48:54
120,3,0,2023-09-06 01:17:33
120,5,1,2023-09-10 18:52:04
120,7,0,2023-09-16 16:12:35
120,-1,1,2023-09-24 13:54:38
120,-2,0,2023-09-30 08:43:12
120,-8,1,2023-10-01 05:14:42
120,9,0,2023-10-01 17:11:15
120,-10,1,2023-10-02 19:01:04
120,7,0,2023-10-04 17:40:08
120,-3,1,2023-10-05 04:47:34
120,-5,0,2023-10-07 05:17:48
120,-9,1,2023-10-10 16:27:02
120,-1,0,2023-10-20 04:25:38
120,9,1,2023-10-29 03:54:54
120,3,0,2023-10-29 16:44:36
120,2,1,2023-10-30 07:12:03
120,-7,0,2023-11-16 07:06:28
120,-10,1,2023-11-19 14:30:57
120,-9,0,2023-11-24 14:02:52
120,-1,1,2023-12-06 07:21:59
120,-1,0,2023-12-06 12:36:54
120,-6,1,2023-12-11 09:45:38
120,-7,0,2023-12-11 22:58:47
120,8,1,2023-12-13 15:17:31
120,-3,0,2023-12-25 02:37:32
120,-2,1,2023-12-27 05:50:06
120,7,0,2023-12-28 06:19:23
120,0,1,2024-01-03 23:24:16
120,-8,0,2024-01-08 08:12:18
120,-3,1,2024-01-17 17:26:10
120,-3,0,2024-01-26 01:00:26
120,5,1,2024-02-08 16:07:43
120,3,0,2024-02-09 23:43:39
120,3,1,2024-02-14 05:01:19
120,8,0,2024-02-15 23:49:01
120,-4,1,2024-02-16 17:09:44
120,4,0,2024-02-18 06:58:58
120,-6,1,2024-02-19 16:27:15
120,-8,0,2024-03-02 03:50:45
120,-7,1,2024-03-05 02:20:26
120,7,0,2024-03-08 13:42:57
120,-7,1,2024-03-14 01:29:31
120,-10,0,2024-03-20 02:33:04
120,8,1,2024-03-20 08:43:07
120,1,0,2024-04-03 14:08:11
120,1,1,2024-04-04 07:05:04
120,-8,0,2024-04-08 16:41:28
120,-8,1,2024-04-13 19:42:39
120,-5,0,2024-04-20 23:39:54
120,-5,1,2024-04-25 07:31:42
120,4,0,2024-05-03 17:54:42
120,3,1,2024-05-10 03:44:50
120,3,0,2024-05-10 03:51:59
120,-4,1,2024-05-11 09:25:25
120,-2,0,2024-05-16 08:49:09
120,-2,1,2024-05-31 05:20:09
120,0,0,2024-06-06 02:30:57
120,-3,1,2024-06-07 05:41:49
120,-8,0,2024-06-11 21:02:53
120,6,1,2024-06-25 22:15:34
120,5,0,2024-06-28 22:49:24
120,-4,1,2024-07-02 03:38:55
120,1,0,2024-07-05 12:37:04
120,-8,1,2024-07-28 18:32:32
120,-5,0,2024-07-30 09:49:48
120,-1,1,2024-08-03 13:20:21
120,8,0,2024-08-04 11:16:12
120,5,1,2024-08-06 01:36:34
120,7,0,2024-08-09 08:42:27
120,-5,1,2024-08-13 13:08:24
120,7,0,2024-08-13 14:08:39
120,-5,1,2024-09-07 00:50:18
120,-6,0,2024-09-07 13:00:52
121,1,1,2023-01-07 22:31:10
121,-1,0,2023-01-11 23:24:20
121,-3,1,2023-01-21 07:28:32
121,7,0,2023-01-24 08:52:36
121,-8,1,2023-02-02 13:19:55
121,-6,0,2023-02-04 08:06:35
121,-6,1,2023-02-17 22:27:50
121,-10,0,2023-02-18 08:00:14
121,2,1,2023-02-19 04:11:15
121,-8,0,2023-02-19 07:15:17
121,7,1,2023-02-27 16:24:34
121,6,0,2023-03-01 02:40:31
121,-1,1,2023-03-02 19:42:58
121,-6,0,2023-03-09 04:16:50
121,-9,1,2023-03-15 05:13:10
121,9,0,2023-03-19 14:13:32
121,8,1,2023-03-22 10:24:01
121,-1,0,2023-03-25 00:26:13
121,3,1,2023-03-25 15:00:43
121,-7,0,2023-04-07 14:41:49
121,-3,1,2023-04-14 20:42:30
121,6,0,2023-04-17 22:15:50
121,0,1,2023-04-24 02:20:03
121,-1,0,2023-04-28 17:24:20
121,9,1,2023-05-05 13:15:50
121,-1,0,2023-05-05 13:28:03
121,-10,1,2023-05-09 14:09:58
121,9,0,2023-05-10 09:21:44
121,9,1,2023-05-30 20:56:30
121,5,0,2023-05-30 21:03:43
121,-10,1,2023-06-03 02:26:10
121,4,0,2023-06-05 19:26:52
121,-7,1,2023-06-10 23:57:39
121,-1,0,2023-06-12 12:19:04
121,-8,1,2023-06-14 06:40:28
121,-1,0,2023-06-20 19:21:55
121,8,1,2023-06-25 03:15:34
121,0,0,2023-06-30 05:13:52
121,-3,1,2023-06-30 23:46:05
121,-9,0,2023-07-13 16:54:17
121,-6,1,2023-07-17 22:06:07
121,9,0,2023-07-18 19:33:02
121,-7,1,2023-07-22 12:09:52
121,4,0,2023-07-27 19:47:42
121,2,1,2023-07-29 13:48:04
121,-5,0,2023-07-30 21:50:29
121,1,1,2023-07-31 01:07:29
121,-3,0,2023-07-31 19:06:57
121,6,1,2023-08-03 10:06:15
121,-6,0,2023-08-12 16:07:09
121,6,1,2023-08-13 20:11:50
121,4,0,2023-08-16 15:20:58
121,-4,1,2023-08-17 22:32:59
121,-9,0,2023-08-25 08:36:14
121,-5,1,2023-08-27 09:04:45
121,5,0,2023-08-30 20:28:07
121,-10,1,2023-09-09 00:31:15
121,5,0,2023-09-09 14:19:31
121,5,1,2023-09-15 10:07:08
121,-8,0,2023-09-26 05:12:29
121,3,1,2023-09-27 11:17:32
121,-3,0,2023-10-10 00:17:54
121,-4,1,2023-10-20 03:06:42
121,-10,0,2023-10-21 23:02:47
121,1,1,2023-10-29 04:27:15
121,3,0,2023-10-30 01:48:31
121,9,1,2023-11-03 09:59:33
121,5,0,2023-11-04 02:29:47
121,5,1,2023-11-05 06:17:16
121,-1,0,2023-11-16 09:26:25
121,6,1,2023-11-17 02:49:33
121,-7,0,2023-11-22 19:43:01
121,2,1,2023-11-28 01:50:58
121,1,0,2023-11-28 07:55:34
121,5,1,2023-11-29 04:39:51
121,-9,0,2023-12-02 16:49:13
121,9,1,2023-12-04 06:25:16
121,6,0,2023-12-13 11:36:02
121,-8,1,2023-12-13 14:30:59
121,-5,0,2023-12-14 04:30:58
121,7,1,2023-12-15 15:49:42
121,0,0,2023-12-27 05:51:20
121,7,1,2024-01-04 07:05:11
121,9,0,2024-01-05 03:43:42
121,1,1,2024-01-05 12:11:43
121,7,0,2024-01-05 16:18:11
121,7,1,2024-01-06 19:28:11
121,1,0,2024-01-10 12:59:13
121,2,1,2024-01-10 18:45:57
121,-9,0,2024-01-16 22:48:22
121,-1,1,2024-01-19 21:39:39
121,-6,0,2024-01-20 09:46:29
121,7,1,2024-01-26 03:53:29
121,9,0,2024-01-26 22:35:53
121,-9,1,2024-02-02 09:08:55
121,7,0,2024-02-02 21:07:44
121,-7,1,2024-02-09 22:10:02
121,2,0,2024-02-11 15:41:21
121,3,1,2024-02-18 18:24:42
121,-6,0,2024-02-18 19:47:38
121,8,1,2024-02-24 14:37:39
121,-10,0,2024-02-29 16:16:59
121,-8,1,2024-03-02 04:15:54
121,-8,0,2024-03-10 17:22:56
121,-5,1,2024-03-11 13:32:37
121,-3,0,2024-03-16 05:14:44
121,5,1,2024-03-19 19:59:07
121,5,0,2024-03-31 23:49:18
121,-1,1,2024-04-01 02:43:28
121,0,0,2024-04-06 10:04:02
121,7,1,2024-04-08 16:30:18
121,-3,0,2024-04-13 08:43:55
121,-10,1,2024-04-15 22:44:17
121,4,0,2024-04-17 06:17:56
121,0,1,2024-04-20 10:24:31
121,8,0,2024-04-21 20:24:15
121,6,1,2024-04-23 04:47:14
121,-1,0,2024-04-23 16:47:50
121,-9,1,2024-04-25 14:33:39
121,-3,0,2024-05-06 04:44:01
121,-2,1,2024-05-06 10:14:16
121,4,0,2024-05-08 09:32:28
121,8,1,2024-05-10 23:57:14
121,7,0,2024-05-12 14:36:32
121,7,1,2024-05-15 14:51:46
121,-9,0,2024-05-17 00:25:16
121,5,1,2024-05-23 05:43:20
121,3,0,2024-05-23 16:24:18
121,0,1,2024-05-24 20:29:12
121,1,0,2024-05-29 05:48:43
121,0,1,2024-06-08 01:26:41
121,4,0,2024-06-22 21:13:56
121,0,1,2024-06-23 07:36:51
121,-7,0,2024-06-24 22:13:49
121,5,1,2024-06-25 13:56:36
121,-9,0,2024-06-26 00:46:22
121,5,1,2024-06-29 16:51:05
121,-10,0,2024-06-29 17:05:51
121,-8,1,2024-07-10 04:20:02
121,-8,0,2024-07-10 17:59:51
121,9,1,2024-07-11 05:18:10
121,-9,0,2024-07-11 05:49:33
121,4,1,2024-07-20 15:51:19
121,-2,0,2024-07-21 06:32:53
121,-10,1,2024-07-21 12:23:44
121,-2,0,2024-07-25 17:18:24
121,-9,1,2024-08-01 08:35:26
121,-3,0,2024-08-09 03:58:21
121,3,1,2024-08-09 19:10:13
121,-6,0,2024-08-10 15:19:33
121,-10,1,2024-08-18 06:44:52
121,-4,0,2024-08-19 12:58:27
121,7,1,2024-08-22 07:35:01
121,-7,0,2024-08-23 08:14:39
121,3,1,2024-08-24 07:49:13
121,6,0,2024-08-28 04:15:13
121,1,1,2024-08-30 06:23:37
121,0,0,2024-08-30 12:49:06
121,8,1,2024-09-10 00:45:10
121,-7,0,2024-09-14 01:11:46
121,-8,1,2024-09-16 05:14:02
121,6,0,2024-09-16 18:57:43
121,4,1,2024-09-19 10:03:06
121,4,0,2024-09-19 14:02:54
121,6,1,2024-09-20 06:30:31
121,7,0,2024-09-21 19:04:38
121,-7,1,2024-09-24 21:27:59
121,5,0,2024-09-27 23:58:32
122,-1,1,2023-01-06 08:24:03
122,2,0,2023-01-16 14:58:34
122,-9,1,2023-01-16 21:38:37
122,7,0,2023-01-22 16:58:03
122,-7,1,2023-01-29 15:01:46
122,6,0,2023-02-02 02:53:34
122,-7,1,2023-02-06 23:25:03
122,-7,0,2023-02-10 17:17:56
122,-6,1,2023-02-20 18:17:58
122,-9,0,2023-02-20 22:53:14
122,-8,1,2023-02-24 09:32:59
122,3,0,2023-02-25 17:58:41
122,-4,1,2023-03-01 22:38:26
122,0,0,2023-03-05 21:21:50
122,-9,1,2023-03-15 00:10:40
122,1,0,2023-03-25 06:31:52
122,-9,1,2023-03-26 10:00:19
122,6,0,2023-03-27 02:31:03
122,4,1,2023-03-27 06:27:35
122,2,0,2023-04-09 02:17:16
122,-8,1,2023-04-16 13:19:25
122,5,0,2023-04-19 00:32:08
122,-7,1,2023-04-20 05:36:44
122,-10,0,2023-04-26 13:30:58
122,7,1,2023-04-26 18:40:05
122,2,0,2023-04-27 22:03:44
122,5,1,2023-04-27 22:15:10
122,-8,0,2023-05-02 21:15:20
122,8,1,2023-05-23 09:35:13
122,-10,0,2023-05-25 20:41:24
122,-3,1,2023-05-30 15:53:00
122,-4,0,2023-05-31 09:09:08
122,7,1,2023-06-06 04:42:21
122,-6,0,2023-06-09 10:47:05
122,-3,1,2023-06-12 20:30:44
122,-2,0,2023-06-19 12:36:40
122,1,1,2023-06-19 21:38:59
122,-10,0,2023-06-21 10:56:32
122,8,1,2023-06-21 16:44:57
122,-10,0,2023-06-22 17:49:07
122,2,1,2023-06-23 10:49:34
122,0,0,2023-06-28 16:39:34
122,-1,1,2023-07-05 20:57:06
122,-7,0,2023-07-10 14:13:42
122,4,1,2023-07-14 15:47:48
122,-7,0,2023-07-23 23:53:47
122,-4,1,2023-07-24 17:39:11
122,-3,0,2023-07-24 18:36:59
122,-3,1,2023-08-04 07:49:27
122,-10,0,2023-08-06 08:46:38
122,-7,1,2023-08-12 14:17:09
122,-2,0,2023-08-18 04:28:19
122,5,1,2023-08-20 01:48:03
122,7,0,2023-08-21 06:29:27
122,-3,1,2023-08-25 04:02:43
122,7,0,2023-08-29 21:27:13
122,3,1,2023-09-02 00:03:40
122,2,0,2023-09-07 15:55:53
122,3,1,2023-09-08 09:20:39
122,-4,0,2023-09-12 20:19:34
122,-8,1,2023-09-12 21:17:45
122,5,0,2023-09-13 15:38:20
122,-10,1,2023-09-13 23:37:37
122,2,0,2023-09-15 01:27:49
122,3,1,2023-09-16 22:25:26
122,3,0,2023-09-21 04:35:42
122,0,1,2023-09-23 11:04:57
122,-9,0,2023-09-26 10:07:42
122,3,1,2023-09-27 14:47:59
122,-10,0,2023-09-28 04:12:34
122,7,1,2023-09-28 20:12:01
122,5,0,2023-09-29 15:36:53
122,2,1,2023-10-02 21:48:24
122,5,0,2023-10-09 04:43:12
122,-6,1,2023-10-09 05:51:05
122,5,0,2023-10-09 15:47:03
122,5,1,2023-10-11 20:00:47
122,-5,0,2023-10-17 20:18:17
122,0,1,2023-11-05 10:09:39
122,-2,0,2023-11-15 00:45:56
122,3,1,2023-11-15 06:46:33
122,2,0,2023-11-23 18:27:24
122,-3,1,2023-12-04 16:03:13
122,1,0,2023-12-07 12:51:12
122,-4,1,2023-12-12 13:17:27
122,8,0,2023-12-15 03:14:43
122,-4,1,2024-01-01 01:30:38
122,0,0,2024-01-02 19:01:36
122,-1,1,2024-01-04 16:02:10
122,-8,0,2024-01-06 01:40:57
122,-10,1,2024-01-15 13:09:36
122,-7,0,2024-01-17 17:54:18
122,1,1,2024-01-20 16:27:56
122,-9,0,2024-01-24 04:51:28
122,1,1,2024-01-26 06:47:28
122,2,0,2024-01-28 21:06:52
122,1,1,2024-02-01 22:18:48
122,4,0,2024-02-02 23:06:46
122,6,1,2024-02-06 13:25:53
122,6,0,2024-02-08 15:05:02
122,0,1,2024-02-10 13:31:55
122,4,0,2024-02-17 13:57:16
122,-4,1,2024-02-24 11:55:53
122,-3,0,2024-02-28 23:07:26
122,-6,1,2024-03-03 19:12:54
122,-8,0,2024-03-04 11:23:47
122,-7,1,2024-03-05 07:30:04
122,7,0,2024-03-09 04:51:37
122,-6,1,2024-03-14 10:07:01
122,2,0,2024-03-19 05:01:08
122,8,1,2024-03-20 07:37:34
122,7,0,2024-03-21 14:56:58
122,-5,1,2024-03-26 22:17:36
122,-4,0,2024-04-04 16:26:08
122,0,1,2024-04-19 07:09:47
122,-7,0,2024-04-26 14:30:55
122,-6,1,2024-04-30 02:56:31
122,5,0,2024-05-01 15:17:28
122,-3,1,2024-05-01 16:14:21
122,8,0,2024-05-06 03:38:56
122,8,1,2024-05-13 20:51:29
122,2,0,2024-05-24 10:07:31
122,-1,1,2024-05-25 21:10:10
122,-8,0,2024-05-30 22:44:20
122,-4,1,2024-06-04 20:47:04
122,-4,0,2024-06-09 08:08:24
122,6,1,2024-06-10 16:27:03
122,3,0,2024-06-15 01:10:06
122,2,1,2024-06-15 07:29:06
122,4,0,2024-06-19 06:38:48
122,3,1,2024-06-21 12:06:30
122,2,0,2024-06-29 15:15:00
122,-4,1,2024-07-02 00:41:32
122,-6,0,2024-07-05 17:39:53
122,7,1,2024-07-08 18:01:15
122,3,0,2024-07-10 17:05:58
122,-5,1,2024-07-12 09:09:42
122,-1,0,2024-07-14 07:45:56
122,5,1,2024-07-16 23:57:09
122,0,0,2024-07-26 05:24:41
122,0,1,2024-07-26 14:00:07
122,-5,0,2024-07-30 12:17:20
122,-3,1,2024-08-07 00:03:54
122,-10,0,2024-08-10 13:33:39
122,7,1,2024-08-11 16:10:02
122,-1,0,2024-08-12 04:55:36
122,4,1,2024-08-15 01:01:25
122,4,0,2024-08-26 15:30:09
122,-1,1,2024-08-29 04:00:16
122,1,0,2024-08-30 20:56:41
122,-2,1,2024-09-08 03:18:07
122,-1,0,2024-09-08 04:41:58
122,-6,1,2024-09-09 02:28:45
122,3,0,2024-09-13 14:18:16
122,8,1,2024-09-14 05:35:01
122,-1,0,2024-09-14 08:35:17
122,0,1,2024-09-29 05:09:32
123,-10,0,2023-01-05 03:28:00
123,-7,1,2023-01-13 21:59:55
123,5,0,2023-01-15 05:43:22
123,-9,1,2023-01-16 10:41:19
123,-4,0,2023-01-22 19:48:22
123,-10,1,2023-01-24 12:31:33
123,8,0,2023-01-24 19:52:31
123,-2,1,2023-02-02 02:51:29
123,9,0,2023-02-03 13:14:29
123,1,1,2023-02-03 20:29:28
123,-6,0,2023-02-07 23:01:07
123,1,1,2023-02-10 12:27:33
123,-8,0,2023-02-16 19:07:02
123,8,1,2023-02-27 11:48:32
123,-2,0,2023-03-09 19:30:39
123,-7,1,2023-03-10 05:21:58
123,-4,0,2023-03-15 21:28:00
123,-6,1,2023-03-25 13:33:11
123,0,0,2023-03-28 14:53:57
123,-3,1,2023-04-09 18:20:26
123,3,0,2023-04-13 12:01:42
123,-1,1,2023-04-14 05:29:30
123,-6,0,2023-04-16 02:22:21
123,-1,1,2023-04-26 19:07:41
123,1,0,2023-05-03 17:01:41
123,-10,1,2023-05-05 17:10:38
123,-9,0,2023-05-09 21:48:54
123,-6,1,2023-05-18 00:29:06
123,-4,0,2023-05-21 23:27:44
123,2,1,2023-05-23 09:19:04
123,2,0,2023-05-25 18:15:14
123,-10,1,2023-06-01 03:11:53
123,8,0,2023-06-01 23:26:51
123,-2,1,2023-06-02 21:45:13
123,-5,0,2023-06-03 04:09:16
123,-2,1,2023-06-12 08:49:41
123,3,0,2023-06-18 18:31:28
123,6,1,2023-06-19 00:59:01
123,6,0,2023-06-21 04:47:41
123,-1,1,2023-06-24 15:10:01
123,-10,0,2023-07-01 16:58:29
123,-7,1,2023-07-07 03:00:19
123,-1,0,2023-07-12 12:10:19
123,-10,1,2023-07-29 12:13:36
123,0,0,2023-08-03 08:08:13
123,-5,1,2023-08-06 04:29:24
123,-6,0,2023-08-08 23:31:16
123,1,1,2023-08-11 20:09:23
123,-9,0,2023-08-19 15:59:21
123,5,1,2023-08-22 17:41:49
123,6,0,2023-08-30 00:38:30
123,8,1,2023-08-30 18:20:37
123,-9,0,2023-08-31 12:20:50
123,-9,1,2023-09-02 14:12:05
123,8,0,2023-09-04 03:02:59
123,-5,1,2023-09-04 09:55:41
123,5,0,2023-09-05 14:17:18
123,3,1,2023-09-08 19:43:43
123,8,0,2023-09-19 02:37:15
123,4,1,2023-09-22 06:28:54
123,-5,0,2023-09-25 22:48:53
123,-8,1,2023-10-02 23:03:42
123,7,0,2023-10-04 13:52:57
123,-3,1,2023-10-12 02:50:52
123,9,0,2023-10-13 15:03:10
123,-7,1,2023-10-13 23:44:51
123,-6,0,2023-10-15 19:18:50
123,-8,1,2023-10-17 06:39:28
123,-6,0,2023-10-18 23:46:31
123,3,1,2023-10-29 10:12:37
123,-2,0,2023-11-07 05:55:25
123,-3,1,2023-11-10 18:07:32
123,-10,0,2023-11-13 23:17:38
123,-2,1,2023-11-17 00:30:31
123,6,0,2023-11-17 22:57:00
123,-9,1,2023-11-19 10:33:33
123,0,0,2023-11-20 18:49:55
123,-4,1,2023-11-21 20:30:06
123,9,0,2023-12-10 08:10:42
123,-4,1,2023-12-10 13:30:32
123,2,0,2023-12-13 02:20:05
123,2,1,2023-12-13 17:35:16
123,-3,0,2023-12-14 10:01:42
123,4,1,2023-12-17 11:35:06
123,-7,0,2023-12-20 19:30:19
123,5,1,2023-12-29 04:36:59
123,-5,0,2023-12-30 20:13:35
123,-4,1,2024-01-15 04:42:20
123,-3,0,2024-01-20 23:11:42
123,4,1,2024-01-22 09:07:44
123,4,0,2024-02-09 05:33:07
123,0,1,2024-02-11 13:42:23
123,-3,0,2024-02-14 13:00:31
123,6,1,2024-02-14 23:01:16
123,-6,0,2024-02-25 13:04:35
123,0,1,2024-03-05 14:08:36
123,6,0,2024-03-11 19:36:00
123,-2,1,2024-03-15 08:21:32
123,6,0,2024-03-17 19:44:59
123,-9,1,2024-03-22 22:47:57
123,7,0,2024-03-24 20:06:18
123,2,1,2024-03-27 04:26:11
123,-4,0,2024-04-02 03:02:03
123,-7,1,2024-04-13 00:04:21
123,8,0,2024-04-13 01:02:05
123,8,1,2024-04-16 01:12:35
123,8,0,2024-04-20 10:19:01
123,7,1,2024-04-23 16:44:57
123,-3,0,2024-04-25 08:17:00
123,7,1,2024-04-30 00:23:24
123,6,0,2024-05-13 19:54:13
123,-10,1,2024-05-14 12:04:23
123,-1,0,2024-05-23 13:36:51
123,8,1,2024-05-26 13:44:45
123,-9,0,2024-05-26 18:42:15
123,-4,1,2024-06-14 16:08:20
123,6,0,2024-06-21 14:51:36
123,-6,1,2024-07-01 02:05:17
123,6,0,2024-07-04 00:53:50
123,-6,1,2024-07-08 01:47:38
123,8,0,2024-07-17 02:30:54
123,3,1,2024-07-24 13:35:33
123,0,0,2024-07-24 22:10:52
123,-6,1,2024-07-27 20:44:17
123,-2,0,2024-07-29 19:26:20
123,-3,1,2024-08-02 17:08:12
123,4,0,2024-08-08 07:23:01
123,-4,1,2024-08-14 13:11:03
123,4,0,2024-08-23 06:50:16
123,-3,1,2024-08-24 21:10:14
123,-5,0,2024-08-31 07:50:58
123,2,1,2024-09-11 03:39:56
123,0,0,2024-09-12 18:41:33
124,6,1,2023-01-12 13:30:38
124,6,0,2023-01-19 05:06:28
124,6,1,2023-01-21 08:49:50
124,-4,0,2023-01-27 07:56:36
124,-10,1,2023-01-30 16:25:58
124,-9,0,2023-01-31 05:05:01
124,7,1,2023-02-03 10:51:22
124,-2,0,2023-02-09 01:06:30
124,-8,1,2023-02-09 15:57:29
124,9,0,2023-02-09 21:33:24
124,-3,1,2023-02-13 12:03:54
124,3,0,2023-02-13 20:01:18
124,4,1,2023-02-18 06:37:10
124,-1,0,2023-02-21 19:55:06
124,-8,1,2023-02-25 04:35:20
124,2,0,2023-02-28 06:34:29
124,-3,1,2023-03-01 20:16:19
124,0,0,2023-03-04 20:39:44
124,-4,1,2023-03-08 18:25:05
124,-7,0,2023-03-14 06:10:36
124,-6,1,2023-03-14 17:04:13
124,-3,0,2023-03-15 10:11:54
124,-10,1,2023-03-17 04:34:51
124,4,0,2023-03-18 05:36:25
124,6,1,2023-03-22 23:47:35
124,6,0,2023-03-25 09:35:48
124,-6,1,2023-04-03 17:57:46
124,-9,0,2023-04-07 02:12:24
124,-6,1,2023-04-10 00:45:38
124,7,0,2023-04-13 00:02:17
124,-7,1,2023-04-16 04:06:41
124,-1,0,2023-04-17 17:37:37
124,-3,1,2023-04-21 14:39:21
124,-6,0,2023-04-22 05:51:57
124,0,1,2023-04-25 01:37:33
124,-6,0,2023-05-07 21:23:03
124,-9,1,2023-05-19 14:50:55
124,-2,0,2023-05-25 15:26:13
124,-5,1,2023-05-26 11:32:20
124,3,0,2023-05-28 15:03:07
124,3,1,2023-05-28 21:00:37
124,6,0,2023-06-19 05:53:22
124,8,1,2023-06-24 05:45:37
124,5,0,2023-06-28 12:20:39
124,3,1,2023-06-30 12:44:34
124,3,0,2023-07-01 04:35:27
124,0,1,2023-07-05 00:35:22
124,-1,0,2023-08-09 11:57:35
124,8,1,2023-08-09 17:45:32
124,1,0,2023-08-20 19:40:46
124,-1,1,2023-08-22 18:02:47
124,0,0,2023-08-26 01:13:55
124,-7,1,2023-09-03 04:35:55
124,4,0,2023-09-07 06:16:40
124,9,1,2023-09-16 20:32:59
124,0,0,2023-09-19 10:57:53
124,-10,1,2023-09-30 12:00:32
124,-1,0,2023-10-07 22:55:56
124,-6,1,2023-10-12 21:56:56
124,6,0,2023-10-21 12:32:51
124,3,1,2023-10-26 01:07:20
124,-3,0,2023-10-27 16:23:36
124,9,1,2023-11-02 05:13:32
124,-4,0,2023-11-04 19:51:36
124,-7,1,2023-11-12 06:04:29
124,2,0,2023-11-12 17:35:24
124,6,1,2023-11-16 08:20:06
124,3,0,2023-11-21 22:30:41
124,0,1,2023-11-28 09:48:27
124,3,0,2023-12-11 05:08:14
124,-4,1,2023-12-12 10:49:09
124,6,0,2023-12-19 17:37:18
124,7,1,2023-12-21 22:36:42
124,8,0,2023-12-23 09:22:32
124,1,1,2023-12-29 07:19:08
124,0,0,2024-01-08 01:28:51
124,-1,1,2024-01-08 03:52:05
124,-5,0,2024-01-19 00:42:50
124,3,1,2024-01-19 10:33:56
124,0,0,2024-01-21 14:03:53
124,-3,1,2024-01-26 07:52:24
124,7,0,2024-01-29 05:40:34
124,-1,1,2024-01-30 14:43:00
124,5,0,2024-02-01 02:05:16
124,-2,1,2024-02-03 17:43:16
124,0,0,2024-02-07 05:15:58
124,-5,1,2024-02-13 22:14:22
124,-4,0,2024-02-18 18:47:00
124,-5,1,2024-02-20 02:17:45
124,-7,0,2024-03-10 18:46:21
124,-9,1,2024-03-17 09:45:57
124,5,0,2024-03-20 00:30:33
124,2,1,2024-03-21 11:42:33
124,-5,0,2024-03-21 18:18:06
124,-2,1,2024-03-26 05:40:18
124,8,0,2024-04-01 00:13:16
124,4,1,2024-04-06 22:27:37
124,2,0,2024-04-16 23:54:44
124,9,1,2024-04-19 02:41:03
124,-8,0,2024-04-19 08:22:05
124,-6,1,2024-04-23 19:13:20
124,-1,0,2024-04-27 04:03:33
124,-5,1,2024-04-28 22:24:50
124,9,0,2024-04-29 13:10:14
124,-3,1,2024-05-03 02:20:56
124,-3,0,2024-05-06 05:49:18
124,-3,1,2024-05-14 07:34:07
124,5,0,2024-05-16 07:15:23
124,-10,1,2024-05-19 06:37:01
124,0,0,2024-05-20 15:36:00
124,2,1,2024-05-21 01:24:53
124,-7,0,2024-05-23 05:11:04
124,2,1,2024-05-26 10:16:14
124,6,0,2024-05-27 01:36:03
124,-8,1,2024-06-06 10:15:32
124,2,0,2024-06-08 22:20:32
124,-3,1,2024-06-16 07:06:30
124,-4,0,2024-06-16 17:40:10
124,1,1,2024-06-17 12:44:05
124,-7,0,2024-06-19 02:18:38
124,-1,1,2024-06-23 11:09:11
124,0,0,2024-06-27 15:17:21
124,1,1,2024-07-02 14:48:28
124,3,0,2024-07-08 03:31:50
124,-4,1,2024-07-08 16:19:29
124,-9,0,2024-07-10 00:46:26
124,3,1,2024-07-12 09:05:28
124,-1,0,2024-07-12 10:53:30
124,-5,1,2024-07-22 00:43:36
124,5,0,2024-08-09 14:43:30
124,-1,1,2024-08-09 16:39:33
124,-7,0,2024-08-09 17:32:14
124,3,1,2024-08-14 03:52:57
124,-5,0,2024-08-15 02:23:07
124,9,1,2024-08-19 07:30:12
124,6,0,2024-08-22 12:04:28
124,2,1,2024-08-23 01:03:20
124,9,0,2024-08-25 08:44:49
124,-9,1,2024-08-29 21:26:10
124,0,0,2024-08-31 05:59:40
124,-6,1,2024-09-01 04:15:16
124,-2,0,2024-09-14 20:29:15
124,-3,1,2024-09-19 10:20:04
124,9,0,2024-09-20 17:07:48
124,-1,1,2024-09-22 15:25:11
124,2,0,2024-09-27 15:15:34
125,5,1,2023-01-13 01:42:58
125,6,0,2023-01-13 05:20:04
125,4,1,2023-01-24 12:37:30
125,9,0,2023-01-31 10:19:55
125,8,1,2023-02-02 11:52:03
125,2,0,2023-02-02 12:45:21
125,-5,1,2023-02-04 07:03:22
125,-3,0,2023-02-12 04:36:00
125,1,1,2023-02-16 04:27:46
125,-9,0,2023-02-16 04:38:24
125,9,1,2023-02-16 05:11:40
125,-1,0,2023-02-21 03:12:56
125,-8,1,2023-02-23 01:54:01
125,8,0,2023-03-01 04:56:53
125,-2,1,2023-03-02 08:08:24
125,5,0,2023-03-22 03:27:27
125,-3,1,2023-03-29 21:47:27
125,0,0,2023-03-31 14:43:17
125,6,1,2023-04-05 06:21:32
125,-3,0,2023-04-13 16:48:51
125,-1,1,2023-04-15 11:54:53
125,-3,0,2023-04-15 22:17:07
125,3,1,2023-04-16 22:54:07
125,5,0,2023-04-24 12:57:32
125,-10,1,2023-04-26 03:55:13
125,4,0,2023-04-27 04:16:14
125,-7,1,2023-05-02 02:55:21
125,0,0,2023-05-03 00:21:48
125,1,1,2023-05-03 02:42:16
125,6,0,2023-05-12 05:34:55
125,-10,1,2023-05-15 02:06:51
125,2,0,2023-05-18 22:29:30
125,6,1,2023-05-23 17:39:19
125,1,0,2023-05-28 18:51:48
125,2,1,2023-05-31 11:36:25
125,-6,0,2023-06-03 13:26:20
125,3,1,2023-06-09 22:22:53
125,-8,0,2023-06-11 13:55:26
125,-5,1,2023-06-11 22:42:47
125,0,0,2023-06-23 19:14:20
125,-4,1,2023-06-24 13:39:11
125,6,0,2023-06-27 05:54:40
125,3,1,2023-06-28 04:51:34
125,5,0,2023-06-29 09:57:32
125,1,1,2023-07-05 06:16:22
125,-6,0,2023-07-08 02:10:29
125,-10,1,2023-07-19 09:21:41
125,-5,0,2023-07-22 17:52:58
125,1,1,2023-07-23 08:45:03
125,4,0,2023-07-23 16:21:18
125,-5,1,2023-07-24 11:30:51
125,-5,0,2023-07-28 00:30:00
125,1,1,2023-07-29 23:49:25
125,-7,0,2023-08-01 07:36:47
125,4,1,2023-08-01 23:32:56
125,-5,0,2023-08-04 05:27:25
125,-4,1,2023-08-10 14:06:11
125,4,0,2023-08-15 18:14:22
125,-9,1,2023-08-16 05:22:21
125,5,0,2023-09-01 15:17:06
125,5,1,2023-09-03 16:25:32
125,-1,0,2023-09-05 07:16:10
125,3,1,2023-09-06 09:27:26
125,3,0,2023-09-06 16:45:07
125,-10,1,2023-09-09 06:26:35
125,5,0,2023-09-10 13:28:37
125,9,1,2023-09-17 14:49:06
125,-5,0,2023-09-18 14:02:12
125,0,1,2023-09-19 23:09:20
125,-1,0,2023-09-24 05:50:31
125,0,1,2023-09-29 02:00:48
125,-4,0,2023-10-05 21:39:29
125,-7,1,2023-10-06 05:49:04
125,7,0,2023-10-10 00:32:18
125,4,1,2023-10-15 15:06:28
125,-4,0,2023-10-18 18:49:39
125,5,1,2023-10-19 19:01:25
125,5,0,2023-10-22 07:29:33
125,-3,1,2023-10-23 16:51:29
125,-6,0,2023-10-26 02:41:08
125,-4,1,2023-10-29 03:53:38
125,8,0,2023-10-29 21:03:43
125,-1,1,2023-10-31 11:21:43
125,0,0,2023-11-05 12:34:35
125,8,1,2023-11-07 21:49:32
125,-10,0,2023-11-18 07:35:07
125,8,1,2023-11-28 17:37:44
125,8,0,2023-12-17 07:29:43
125,-7,1,2023-12-21 17:05:29
125,-7,0,2023-12-22 23:45:13
125,5,1,2023-12-29 01:05:05
125,-10,0,2024-01-01 05:35:36
125,-7,1,2024-01-02 20:19:24
125,3,0,2024-01-11 07:23:48
125,-5,1,2024-01-14 14:11:56
125,-1,0,2024-01-15 06:42:29
125,-6,1,2024-01-17 00:41:42
125,-7,0,2024-01-18 13:49:59
125,8,1,2024-01-19 08:26:38
125,7,0,2024-01-25 07:03:32
125,0,1,2024-01-30 20:11:54
125,-10,0,2024-02-02 00:08:21
125,-7,1,2024-02-02 16:02:28
125,-1,0,2024-02-12 21:09:20
125,5,1,2024-02-18 23:57:25
125,4,0,2024-02-20 06:49:40
125,5,1,2024-02-21 04:35:16
125,-1,0,2024-02-21 18:35:32
125,4,1,2024-02-24 17:10:27
125,-9,0,2024-03-01 12:23:59
125,9,1,2024-03-01 19:04:28
125,0,0,2024-03-03 16:09:52
125,-4,1,2024-03-03 23:22:26
125,-7,0,2024-03-11 18:49:17
125,-1,1,2024-03-16 18:17:06
125,1,0,2024-03-26 05:28:35
125,5,1,2024-03-28 10:10:51
125,-7,0,2024-04-02 09:34:24
125,-6,1,2024-04-04 08:15:38
125,3,0,2024-04-06 01:01:26
125,9,1,2024-04-07 22:45:46
125,-1,0,2024-04-26 15:01:58
125,-1,1,2024-05-02 01:15:00
125,-3,0,2024-05-07 04:36:00
125,-9,1,2024-05-10 19:49:21
125,-8,0,2024-05-14 18:29:51
125,-3,1,2024-05-20 01:48:01
125,7,0,2024-05-23 07:38:00
125,-8,1,2024-05-24 02:16:21
125,-6,0,2024-05-24 17:18:11
125,9,1,2024-05-25 08:12:20
125,8,0,2024-05-25 18:15:39
125,-1,1,2024-06-03 16:16:36
125,4,0,2024-06-03 21:33:14
125,-9,1,2024-06-07 06:19:21
125,-4,0,2024-06-10 14:30:42
125,0,1,2024-06-11 04:57:39
125,-6,0,2024-06-17 14:11:54
125,-2,1,2024-06-21 23:20:23
125,-9,0,2024-06-24 12:15:50
125,-6,1,2024-07-07 14:03:25
125,8,0,2024-07-08 13:42:05
125,9,1,2024-07-14 13:08:17
125,7,0,2024-07-15 05:54:52
125,-6,1,2024-07-15 19:13:25
125,7,0,2024-07-17 20:34:24
125,4,1,2024-07-25 21:25:41
125,-2,0,2024-07-28 18:04:39
125,3,1,2024-07-30 02:33:13
125,1,0,2024-08-05 02:56:42
125,-7,1,2024-08-10 20:03:44
125,9,0,2024-08-12 23:14:47
125,-1,1,2024-08-21 18:54:51
125,-8,0,2024-08-24 17:19:46
125,0,1,2024-09-06 11:43:06
125,4,0,2024-09-11 15:56:03
125,-10,1,2024-09-13 20:20:58
125,6,0,2024-09-16 18:18:48
125,4,1,2024-09-17 11:14:34
125,-9,0,2024-09-26 22:26:36
125,-2,1,2024-09-27 07:50:04
125,-4,0,2024-09-28 22:21:01
126,-5,1,2023-01-04 00:36:52
126,-6,0,2023-01-12 12:35:50
126,9,1,2023-01-15 08:05:06
126,-10,0,2023-01-15 16:33:40
126,-10,1,2023-01-19 03:07:27
126,-8,0,2023-01-20 22:19:06
126,6,1,2023-02-04 03:02:06
126,-2,0,2023-02-07 06:10:54
126,0,1,2023-02-20 17:32:40
126,6,0,2023-02-23 19:25:54
126,0,1,2023-02-26 15:42:52
126,-5,0,2023-02-27 15:10:16
126,5,1,2023-03-07 17:54:04
126,4,0,2023-03-10 18:06:30
126,-9,1,2023-03-18 17:00:02
126,9,0,2023-03-21 12:07:17
126,-7,1,2023-03-26 17:07:44
126,-8,0,2023-03-26 22:54:35
126,9,1,2023-03-26 23:09:19
126,-8,0,2023-04-02 15:47:26
126,6,1,2023-04-04 01:59:58
126,1,0,2023-04-07 13:18:33
126,0,1,2023-04-18 05:32:03
126,-4,0,2023-04-21 17:56:41
126,-8,1,2023-04-28 21:12:44
126,9,0,2023-04-30 00:05:10
126,4,1,2023-04-30 09:33:56
126,-3,0,2023-05-13 18:41:24
126,-10,1,2023-05-14 11:17:52
126,4,0,2023-05-16 01:16:50
126,-2,1,2023-05-20 07:52:20
126,-6,0,2023-05-27 12:07:06
126,7,1,2023-05-30 13:31:35
126,-2,0,2023-06-12 14:30:30
126,-2,1,2023-06-27 05:18:13
126,5,0,2023-07-01 16:54:25
126,2,1,2023-07-03 04:16:31
126,-3,0,2023-07-04 09:19:47
126,7,1,2023-07-11 21:52:58
126,-3,0,2023-07-11 23:29:49
126,-7,1,2023-07-19 10:47:06
126,-6,0,2023-07-21 04:54:17
126,7,1,2023-08-02 14:48:44
126,3,0,2023-08-05 00:08:02
126,-4,1,2023-08-12 19:34:07
126,1,0,2023-08-13 12:39:42
126,-6,1,2023-08-14 19:18:56
126,-3,0,2023-08-15 03:59:52
126,0,1,2023-08-16 23:57:17
126,-9,0,2023-08-21 18:27:15
126,3,1,2023-08-24 09:56:14
126,3,0,2023-08-25 20:22:18
126,1,1,2023-08-30 19:17:08
126,-1,0,2023-08-31 04:27:20
126,-6,1,2023-09-03 10:20:27
126,-2,0,2023-09-04 06:25:49
126,7,1,2023-09-06 02:45:00
126,-3,0,2023-09-09 21:37:00
126,1,1,2023-09-19 16:16:28
126,1,0,2023-09-23 21:54:06
126,-10,1,2023-09-27 18:09:44
126,-4,0,2023-10-07 06:09:59
126,5,1,2023-10-17 14:22:14
126,7,0,2023-10-22 07:09:28
126,-7,1,2023-10-27 20:07:44
126,-8,0,2023-11-08 01:49:36
126,-5,1,2023-11-10 08:49:20
126,-8,0,2023-11-10 22:33:08
126,8,1,2023-11-12 04:03:57
126,-5,0,2023-11-16 20:51:24
126,1,1,2023-11-23 14:48:30
126,8,0,2023-11-26 15:22:32
126,3,1,2023-11-29 10:24:11
126,2,0,2023-12-02 11:09:06
126,-2,1,2023-12-05 11:11:23
126,3,0,2023-12-23 21:27:15
126,3,1,2023-12-28 18:17:15
126,-8,0,2023-12-31 01:07:36
126,-3,1,2024-01-06 06:21:47
126,-6,0,2024-01-09 13:54:20
126,7,1,2024-01-12 08:37:58
126,-2,0,2024-01-20 15:47:50
126,6,1,2024-01-21 20:13:34
126,4,0,2024-01-23 03:09:19
126,1,1,2024-02-10 07:13:34
126,2,0,2024-02-22 06:05:06
126,8,1,2024-02-28 11:25:45
126,-3,0,2024-03-09 14:52:46
126,-5,1,2024-03-19 12:26:25
126,2,0,2024-03-19 20:13:25
126,-6,1,2024-03-20 22:32:20
126,-2,0,2024-03-24 18:01:08
126,-7,1,2024-03-28 07:05:55
126,-4,0,2024-04-10 01:34:38
126,9,1,2024-04-20 01:26:56
126,-7,0,2024-05-02 09:48:02
126,0,1,2024-05-07 02:45:45
126,-4,0,2024-05-13 14:37:11
126,-1,1,2024-05-21 18:00:47
126,-6,0,2024-06-08 10:30:29
126,2,1,2024-06-12 01:30:50
126,-7,0,2024-06-18 20:25:54
126,-7,1,2024-06-20 20:46:20
126,-7,0,2024-06-22 15:21:12
126,-6,1,2024-06-30 03:37:47
126,-9,0,2024-07-01 15:10:03
126,-2,1,2024-07-04 07:26:47
126,8,0,2024-07-12 10:31:03
126,3,1,2024-07-15 08:10:04
126,-9,0,2024-07-20 10:55:44
126,-4,1,2024-07-27 01:05:54
126,-9,0,2024-07-30 00:21:24
126,-2,1,2024-08-04 05:05:41
126,2,0,2024-08-05 20:26:50
126,-4,1,2024-08-08 14:10:37
126,9,0,2024-08-16 21:37:55
126,0,1,2024-08-20 16:21:25
126,-9,0,2024-08-23 20:36:48
126,-2,1,2024-08-23 22:27:49
126,-6,0,2024-08-29 05:18:57
126,-1,1,2024-08-31 16:56:35
126,9,0,2024-09-08 23:44:57
126,-6,1,2024-09-12 02:37:29
126,4,0,2024-09-15 18:50:41
126,-2,1,2024-09-16 03:27:49
126,9,0,2024-09-18 22:09:06
126,4,1,2024-09-26 06:33:19
127,-3,0,2023-01-04 18:35:19
127,-4,1,2023-01-12 03:12:40
127,1,0,2023-01-17 14:59:12
127,-7,1,2023-01-20 01:22:54
127,4,0,2023-01-20 12:11:45
127,-4,1,2023-01-22 13:27:10
127,-7,0,2023-01-23 07:13:07
127,-2,1,2023-01-25 07:01:28
127,-9,0,2023-01-26 00:45:37
127,6,1,2023-01-29 16:41:23
127,9,0,2023-01-31 11:59:19
127,-3,1,2023-02-05 02:31:55
127,-9,0,2023-02-12 21:10:09
127,-5,1,2023-02-14 14:22:38
127,3,0,2023-02-17 12:55:01
127,3,1,2023-02-21 09:15:32
127,1,0,2023-02-25 08:50:11
127,0,1,2023-02-27 01:53:16
127,-7,0,2023-02-27 19:33:32
127,3,1,2023-03-09 14:29:30
127,-3,0,2023-03-15 05:28:12
127,2,1,2023-03-20 09:10:54
127,-9,0,2023-03-29 02:18:08
127,9,1,2023-04-03 06:28:50
127,5,0,2023-04-08 12:25:30
127,7,1,2023-04-15 19:10:10
127,-9,0,2023-04-22 00:20:32
127,2,1,2023-04-22 08:53:01
127,1,0,2023-05-09 13:38:50
127,9,1,2023-05-23 01:21:28
127,-6,0,2023-05-24 00:39:15
127,-1,1,2023-05-24 17:00:11
127,-9,0,2023-05-26 15:13:36
127,-10,1,2023-06-05 20:03:52
127,-9,0,2023-06-07 04:58:42
127,3,1,2023-06-08 03:40:52
127,6,0,2023-06-10 08:41:50
127,-5,1,2023-06-10 16:59:00
127,0,0,2023-06-12 09:25:01
127,-3,1,2023-06-15 05:05:57
127,2,0,2023-06-15 17:10:17
127,-2,1,2023-06-19 13:25:39
127,9,0,2023-06-20 06:40:25
127,6,1,2023-06-29 16:59:57
127,-8,0,2023-06-29 19:36:55
127,9,1,2023-07-04 20:36:17
127,-1,0,2023-07-05 10:52:27
127,-6,1,2023-07-09 05:59:54
127,8,0,2023-07-14 10:12:09
127,-4,1,2023-07-20 11:30:16
127,2,0,2023-07-25 10:31:46
127,3,1,2023-07-28 07:43:52
127,-6,0,2023-08-23 17:08:02
127,-6,1,2023-08-31 19:21:04
127,-6,0,2023-09-04 18:02:33
127,5,1,2023-09-11 03:35:49
127,-2,0,2023-09-14 02:39:25
127,-2,1,2023-09-14 14:14:25
127,7,0,2023-09-21 14:54:58
127,-2,1,2023-09-23 03:26:18
127,1,0,2023-09-25 16:43:35
127,4,1,2023-09-27 05:46:04
127,3,0,2023-09-27 09:28:46
127,8,1,2023-09-28 01:10:28
127,3,0,2023-10-02 20:26:23
127,4,1,2023-10-08 12:35:24
127,-8,0,2023-10-09 09:25:22
127,0,1,2023-10-15 03:41:16
127,-2,0,2023-10-21 01:17:45
127,4,1,2023-10-23 01:54:51
127,-8,0,2023-10-26 03:01:58
127,-2,1,2023-11-18 20:41:44
127,4,0,2023-11-21 07:49:26
127,9,1,2023-11-24 13:40:52
127,1,0,2023-11-26 16:57:45
127,-3,1,2023-11-29 11:17:01
127,-7,0,2023-12-02 04:05:30
127,1,1,2023-12-05 10:25:36
127,-3,0,2023-12-07 04:13:32
127,-10,1,2023-12-07 05:36:42
127,9,0,2023-12-09 03:20:01
127,1,1,2023-12-10 01:58:54
127,4,0,2023-12-18 06:42:23
127,4,1,2023-12-27 15:19:55
127,-9,0,2023-12-28 18:21:51
127,-9,1,2024-01-03 18:42:45
127,-7,0,2024-01-08 10:53:01
127,0,1,2024-02-13 05:03:59
127,7,0,2024-02-19 13:48:21
127,0,1,2024-02-22 21:03:47
127,-5,0,2024-02-24 04:52:43
127,7,1,2024-02-29 02:33:01
127,-1,0,2024-03-01 03:53:46
127,-2,1,2024-03-09 09:41:12
127,-6,0,2024-03-11 23:04:41
127,9,1,2024-03-14 20:52:10
127,6,0,2024-03-18 05:12:04
127,-10,1,2024-03-21 05:53:32
127,6,0,2024-03-22 05:33:03
127,0,1,2024-03-27 23:35:53
127,1,0,2024-03-29 23:54:25
127,-9,1,2024-04-01 18:03:07
127,-10,0,2024-04-03 15:28:08
127,2,1,2024-04-07 03:28:49
127,-1,0,2024-04-10 09:28:29
127,4,1,2024-04-10 14:04:36
127,6,0,2024-04-16 12:03:05
127,5,1,2024-04-21 09:11:04
127,9,0,2024-04-21 10:09:29
127,-7,1,2024-04-23 02:01:52
127,9,0,2024-04-29 20:01:35
127,3,1,2024-05-11 22:00:21
127,-8,0,2024-05-13 03:25:31
127,3,1,2024-05-17 20:42:38
127,-4,0,2024-05-29 10:26:30
127,1,1,2024-05-31 23:35:28
127,6,0,2024-06-07 17:48:28
127,-9,1,2024-06-09 16:53:02
127,2,0,2024-06-22 17:48:40
127,4,1,2024-06-28 00:54:43
127,-5,0,2024-07-04 21:18:48
127,7,1,2024-07-12 00:20:01
127,9,0,2024-07-13 14:27:10
127,5,1,2024-07-15 15:48:03
127,5,0,2024-07-18 22:25:53
127,-8,1,2024-07-18 22:46:53
127,5,0,2024-07-25 14:59:38
127,-1,1,2024-07-31 17:04:09
127,-3,0,2024-08-05 10:34:19
127,7,1,2024-08-08 19:31:56
127,2,0,2024-08-10 15:58:56
127,5,1,2024-08-11 08:34:33
127,-3,0,2024-08-13 18:17:33
127,7,1,2024-08-14 23:01:16
127,-6,0,2024-08-20 11:55:19
127,-7,1,2024-08-29 12:32:10
127,0,0,2024-09-02 07:05:33
127,7,1,2024-09-05 06:12:09
127,5,0,2024-09-09 13:48:56
127,-5,1,2024-09-13 15:26:19
127,6,0,2024-09-16 18:59:34
127,5,1,2024-09-16 21:50:54
127,8,0,2024-09-23 23:14:22
128,-5,1,2023-01-01 09:03:15
128,-1,0,2023-01-24 23:33:56
128,-7,1,2023-01-27 02:27:03
128,9,0,2023-01-27 22:22:11
128,-5,1,2023-02-04 21:07:16
128,-7,0,2023-02-10 04:46:40
128,-8,1,2023-02-10 06:57:07
128,8,0,2023-02-12 11:55:28
128,-3,1,2023-02-27 03:46:32
128,-2,0,2023-03-09 10:45:14
128,-3,1,2023-03-11 12:20:29
128,1,0,2023-03-13 15:39:00
128,-4,1,2023-03-14 04:08:51
128,3,0,2023-03-19 04:08:50
128,0,1,2023-03-19 20:53:52
128,-6,0,2023-03-20 06:24:05
128,-1,1,2023-03-20 16:12:35
128,-10,0,2023-03-25 03:59:37
128,5,1,2023-03-27 18:26:58
128,3,0,2023-03-28 22:11:57
128,4,1,2023-04-07 18:56:55
128,-7,0,2023-04-08 22:13:54
128,-10,1,2023-04-15 14:10:52
128,0,0,2023-04-18 13:56:09
128,9,1,2023-05-03 02:06:45
128,-8,0,2023-05-06 02:51:04
128,3,1,2023-05-11 00:40:40
128,2,0,2023-05-17 18:16:52
128,-1,1,2023-05-28 20:16:52
128,5,0,2023-06-06 19:18:26
128,-1,1,2023-06-16 16:14:02
128,-7,0,2023-06-25 01:23:06
128,8,1,2023-06-26 16:08:35
128,-5,0,2023-07-03 18:04:34
128,8,1,2023-07-05 10:42:06
128,7,0,2023-07-06 05:54:49
128,4,1,2023-07-09 16:07:26
128,-7,0,2023-07-11 20:14:18
128,6,1,2023-07-12 13:57:48
128,-4,0,2023-07-15 23:24:06
128,6,1,2023-07-16 16:14:29
128,0,0,2023-07-31 09:55:26
128,-10,1,2023-08-01 11:01:34
128,0,0,2023-08-02 16:24:15
128,-4,1,2023-08-04 05:39:58
128,4,0,2023-08-05 00:18:44
128,7,1,2023-08-06 18:29:35
128,-4,0,2023-08-10 21:06:25
128,-3,1,2023-08-17 18:56:08
128,-4,0,2023-08-24 11:30:56
128,9,1,2023-08-27 06:31:52
128,5,0,2023-08-30 10:10:50
128,-5,1,2023-08-30 23:36:30
128,7,0,2023-09-21 16:07:51
128,2,1,2023-09-28 05:53:32
128,-3,0,2023-10-05 19:04:51
128,1,1,2023-10-09 10:53:16
128,6,0,2023-10-09 12:28:00
128,-8,1,2023-10-11 21:57:22
128,7,0,2023-10-14 11:44:03
128,-6,1,2023-10-15 20:09:35
128,2,0,2023-10-21 00:41:16
128,-5,1,2023-10-22 06:27:10
128,-4,0,2023-11-07 12:28:55
128,8,1,2023-11-07 23:48:06
128,-9,0,2023-11-18 04:15:35
128,6,1,2023-11-25 00:29:11
128,-5,0,2023-12-11 16:42:25
128,-1,1,2023-12-19 16:12:06
128,-9,0,2023-12-25 13:06:56
128,6,1,2023-12-30 10:48:57
128,-6,0,2024-01-13 13:23:18
128,5,1,2024-01-25 16:11:09
128,-6,0,2024-01-28 00:08:41
128,2,1,2024-01-29 05:36:36
128,-10,0,2024-01-30 14:52:03
128,-2,1,2024-02-01 04:50:27
128,4,0,2024-02-12 04:35:27
128,-1,1,2024-02-26 13:28:47
128,-3,0,2024-02-28 03:40:43
128,-8,1,2024-03-15 05:42:09
128,5,0,2024-03-19 10:04:13
128,8,1,2024-03-22 22:15:41
128,-10,0,2024-03-25 04:46:32
128,-9,1,2024-03-29 09:46:27
128,-10,0,2024-03-30 22:40:29
128,-10,1,2024-03-30 22:56:51
128,-8,0,2024-04-01 15:07:07
128,-6,1,2024-04-07 07:30:28
128,8,0,2024-04-10 03:28:25
128,2,1,2024-04-10 04:30:42
128,-1,0,2024-04-14 03:26:43
128,-10,1,2024-04-16 05:20:29
128,-8,0,2024-04-29 22:28:46
128,-2,1,2024-04-30 21:24:14
128,9,0,2024-05-02 03:21:49
128,-4,1,2024-05-05 15:12:42
128,-3,0,2024-05-05 17:24:20
128,-4,1,2024-05-08 13:15:27
128,-9,0,2024-05-10 23:02:12
128,-1,1,2024-05-26 14:08:28
128,1,0,2024-05-28 16:26:07
128,2,1,2024-06-05 03:46:38
128,-1,0,2024-06-10 03:12:21
128,-3,1,2024-06-13 16:07:46
128,-5,0,2024-06-15 14:55:44
128,5,1,2024-06-18 00:07:07
128,-3,0,2024-06-20 08:15:19
128,-5,1,2024-06-21 14:38:57
128,8,0,2024-06-27 01:01:45
128,8,1,2024-06-27 01:08:56
128,5,0,2024-06-28 05:37:27
128,-1,1,2024-06-29 11:31:25
128,-3,0,2024-07-13 01:01:22
128,0,1,2024-07-13 05:38:29
128,-4,0,2024-07-14 16:26:09
128,-6,1,2024-07-17 09:38:40
128,0,0,2024-07-18 10:52:54
128,5,1,2024-07-24 09:19:30
128,-6,0,2024-07-25 14:35:08
128,9,1,2024-07-30 13:27:24
128,8,0,2024-07-31 03:25:47
128,9,1,2024-08-01 11:28:37
128,8,0,2024-08-06 17:39:50
128,-6,1,2024-08-22 09:17:18
128,5,0,2024-08-22 19:17:15
128,-3,1,2024-08-24 17:43:58
128,2,0,2024-08-28 02:08:59
128,4,1,2024-08-29 00:38:28
128,4,0,2024-09-06 06:25:30
128,5,1,2024-09-12 03:39:50
128,3,0,2024-09-14 13:51:29
128,4,1,2024-09-16 02:58:14
129,7,0,2023-01-11 19:00:24
129,-4,1,2023-01-11 21:25:47
129,7,0,2023-01-14 07:19:08
129,7,1,2023-01-14 08:58:55
129,7,0,2023-01-15 17:57:58
129,5,1,2023-01-16 03:33:28
129,-1,0,2023-01-18 21:52:25
129,-10,1,2023-01-18 22:30:10
129,-10,0,2023-01-23 10:59:49
129,8,1,2023-01-28 21:45:12
129,3,0,2023-01-29 04:56:31
129,6,1,2023-02-12 14:21:52
129,-8,0,2023-02-13 10:57:24
129,3,1,2023-02-14 01:26:52
129,-4,0,2023-02-18 01:39:02
129,-3,1,2023-02-21 16:27:16
129,5,0,2023-02-24 09:07:42
129,-5,1,2023-02-25 01:39:53
129,1,0,2023-03-06 04:47:28
129,1,1,2023-03-07 07:31:10
129,6,0,2023-03-09 00:39:05
129,-5,1,2023-03-26 23:46:10
129,4,0,2023-03-31 15:36:21
129,-6,1,2023-04-02 02:55:00
129,-9,0,2023-04-07 15:00:40
129,3,1,2023-04-09 22:27:28
129,8,0,2023-04-17 07:27:50
129,-7,1,2023-04-21 20:29:09
129,3,0,2023-05-02 06:24:56
129,0,1,2023-05-07 00:24:19
129,5,0,2023-05-10 04:45:51
129,-10,1,2023-05-24 10:32:14
129,-8,0,2023-05-29 16:28:15
129,1,1,2023-06-11 13:29:52
129,2,0,2023-06-13 00:16:01
129,-3,1,2023-06-17 17:32:50
129,-2,0,2023-06-25 14:23:54
129,-8,1,2023-06-29 12:50:32
129,7,0,2023-07-02 01:18:23
129,5,1,2023-07-06 03:12:24
129,-8,0,2023-07-15 01:13:38
129,-3,1,2023-07-17 04:44:07
129,-2,0,2023-07-22 14:05:46
129,-8,1,2023-07-28 21:42:59
129,-9,0,2023-08-04 22:16:11
129,-5,1,2023-08-06 13:25:01
129,2,0,2023-08-08 17:35:28
129,-4,1,2023-08-21 13:46:43
129,4,0,2023-08-21 20:15:38
129,-4,1,2023-08-29 00:06:45
129,-7,0,2023-08-29 07:56:25
129,6,1,2023-09-13 18:33:25
129,2,0,2023-09-20 08:13:06
129,-1,1,2023-09-22 18:17:22
129,-10,0,2023-09-23 15:37:14
129,3,1,2023-10-02 14:50:53
129,-5,0,2023-10-09 01:05:02
129,-2,1,2023-10-09 11:45:41
129,-3,0,2023-10-24 03:08:28
129,7,1,2023-10-27 19:04:04
129,-3,0,2023-10-31 06:35:12
129,-3,1,2023-11-10 04:01:14
129,-2,0,2023-11-10 07:29:32
129,-1,1,2023-11-22 14:56:28
129,3,0,2023-11-24 15:07:06
129,2,1,2023-12-07 04:56:19
129,1,0,2023-12-08 14:20:23
129,9,1,2023-12-12 11:12:06
129,-1,0,2023-12-14 00:58:03
129,-1,1,2024-01-10 23:20:23
129,-1,0,2024-01-17 03:03:36
129,-4,1,2024-01-20 12:51:51
129,-10,0,2024-01-29 07:45:14
129,9,1,2024-01-31 06:23:44
129,2,0,2024-02-02 10:49:48
129,-5,1,2024-02-03 00:47:33
129,-9,0,2024-02-03 14:22:21
129,-10,1,2024-02-06 06:05:35
129,0,0,2024-02-13 12:23:51
129,0,1,2024-02-17 06:40:26
129,-4,0,2024-02-17 10:22:36
129,9,1,2024-02-28 04:23:56
129,-9,0,2024-03-01 04:52:53
129,4,1,2024-03-21 04:05:13
129,0,0,2024-03-28 18:57:53
129,-10,1,2024-03-29 20:55:25
129,3,0,2024-04-05 23:13:03
129,6,1,2024-04-10 11:22:03
129,8,0,2024-04-19 04:57:30
129,0,1,2024-04-23 16:58:10
129,7,0,2024-04-30 14:49:18
129,-1,1,2024-05-08 22:37:09
129,-10,0,2024-05-13 07:24:12
129,-1,1,2024-05-16 17:57:07
129,-3,0,2024-05-20 01:51:33
129,-1,1,2024-05-24 05:20:02
129,3,0,2024-05-29 09:23:24
129,-4,1,2024-06-01 03:44:14
129,-6,0,2024-06-03 18:05:05
129,2,1,2024-06-04 15:31:14
129,4,0,2024-06-06 02:16:13
129,1,1,2024-06-06 02:56:45
129,-5,0,2024-07-10 07:34:23
129,-9,1,2024-07-16 08:35:19
129,8,0,2024-07-22 07:47:12
129,-5,1,2024-07-29 04:48:51
129,-8,0,2024-07-29 17:10:31
129,-7,1,2024-08-05 02:54:07
129,-8,0,2024-08-16 14:33:53
129,1,1,2024-08-21 15:54:38
129,6,0,2024-08-21 22:12:00
129,8,1,2024-08-24 02:34:58
129,-6,0,2024-08-24 03:42:08
129,-3,1,2024-08-24 14:40:17
129,-4,0,2024-08-25 10:51:30
129,6,1,2024-08-27 18:39:21
129,2,0,2024-09-03 19:46:18
129,-9,1,2024-09-04 08:24:14
129,-5,0,2024-09-04 23:54:59
129,6,1,2024-09-14 16:04:53
129,5,0,2024-09-15 00:28:58
129,7,1,2024-09-19 16:18:01
129,-7,0,2024-09-20 23:34:26
129,7,1,2024-09-21 13:17:41
129,5,0,2024-09-30 04:16:22
129,-9,1,2024-09-30 13:25:31
130,5,0,2023-01-06 06:31:00
130,3,1,2023-01-13 03:26:17
130,9,0,2023-01-16 22:00:16
130,-10,1,2023-01-19 07:52:22
130,-9,0,2023-02-14 12:01:38
130,-2,1,2023-02-16 23:28:22
130,0,0,2023-02-19 19:45:30
130,2,1,2023-03-01 21:32:01
130,7,0,2023-03-08 23:03:46
130,-9,1,2023-03-13 09:28:12
130,-1,0,2023-03-13 16:06:06
130,6,1,2023-03-14 03:20:33
130,-9,0,2023-03-20 15:05:08
130,7,1,2023-04-02 16:43:10
130,0,0,2023-04-10 11:15:09
130,-7,1,2023-04-13 15:16:37
130,9,0,2023-05-05 00:17:28
130,6,1,2023-05-09 06:03:31
130,8,0,2023-05-13 13:17:52
130,7,1,2023-05-17 01:15:12
130,5,0,2023-05-23 04:51:40
130,9,1,2023-06-03 07:02:08
130,8,0,2023-06-09 22:02:15
130,6,1,2023-06-14 09:11:29
130,-2,0,2023-06-17 05:52:32
130,5,1,2023-06-20 07:24:55
130,-10,0,2023-07-02 21:00:08
130,-5,1,2023-07-04 06:32:25
130,4,0,2023-07-08 07:16:11
130,4,1,2023-07-09 14:01:54
130,-5,0,2023-07-14 18:03:17
130,-8,1,2023-07-15 18:24:56
130,5,0,2023-07-15 19:36:50
130,-6,1,2023-07-15 21:11:01
130,0,0,2023-07-17 12:00:43
130,4,1,2023-07-25 15:26:31
130,-3,0,2023-07-27 05:07:01
130,9,1,2023-07-27 22:47:55
130,-5,0,2023-08-05 12:27:37
130,3,1,2023-08-09 15:22:25
130,3,0,2023-08-14 00:47:45
130,-9,1,2023-08-14 12:58:15
130,6,0,2023-08-23 05:51:04
130,4,1,2023-09-02 13:44:06
130,7,0,2023-09-03 17:21:31
130,9,1,2023-09-06 16:16:56
130,0,0,2023-09-20 02:40:46
130,-10,1,2023-10-05 20:50:27
130,-9,0,2023-10-06 10:29:02
130,0,1,2023-10-06 12:15:47
130,9,0,2023-10-07 06:31:00
130,7,1,2023-10-12 14:15:22
130,-5,0,2023-10-14 06:21:41
130,4,1,2023-10-14 13:25:02
130,-3,0,2023-10-16 08:55:06
130,1,1,2023-10-20 16:47:12
130,7,0,2023-10-27 07:25:43
130,8,1,2023-10-31 05:13:29
130,-4,0,2023-11-10 09:25:01
130,4,1,2023-11-19 08:51:45
130,-8,0,2023-11-20 07:23:58
130,9,1,2023-11-30 23:06:45
130,3,0,2023-12-04 18:26:00
130,5,1,2023-12-05 03:57:05
130,-2,0,2023-12-05 10:25:00
130,-2,1,2023-12-06 06:01:58
130,1,0,2023-12-08 18:38:30
130,-2,1,2023-12-20 18:10:12
130,-5,0,2023-12-24 10:23:20
130,4,1,2023-12-25 17:39:48
130,2,0,2023-12-28 20:15:35
130,-5,1,2023-12-29 08:12:39
130,3,0,2024-01-08 12:31:08
130,-4,1,2024-01-09 05:10:55
130,0,0,2024-01-10 16:38:24
130,7,1,2024-01-15 19:30:53
130,4,0,2024-01-19 03:52:40
130,0,1,2024-02-01 11:28:21
130,4,0,2024-02-07 17:49:57
130,2,1,2024-02-09 19:45:08
130,-3,0,2024-02-11 00:18:09
130,3,1,2024-02-22 18:50:11
130,-10,0,2024-02-23 13:51:02
130,1,1,2024-02-28 02:24:03
130,6,0,2024-02-28 07:05:53
130,9,1,2024-03-01 03:07:01
130,-4,0,2024-03-01 22:21:13
130,4,1,2024-03-09 11:48:40
130,0,0,2024-03-15 02:22:34
130,4,1,2024-03-18 11:17:38
130,-4,0,2024-03-20 08:03:03
130,-6,1,2024-03-21 16:08:25
130,2,0,2024-03-29 02:04:09
130,-4,1,2024-03-31 07:27:46
130,1,0,2024-04-01 05:12:07
130,9,1,2024-04-03 14:21:16
130,8,0,2024-04-06 04:41:51
130,-4,1,2024-04-08 14:34:48
130,-8,0,2024-04-10 15:02:45
130,-8,1,2024-04-14 01:53:11
130,-6,0,2024-04-17 23:06:47
130,-4,1,2024-04-18 22:10:26
130,3,0,2024-04-29 04:05:40
130,-1,1,2024-04-29 05:08:15
130,9,0,2024-05-05 12:43:39
130,1,1,2024-05-07 13:09:42
130,1,0,2024-05-08 05:23:39
130,9,1,2024-05-08 09:26:51
130,-8,0,2024-05-08 23:08:51
130,6,1,2024-05-09 21:28:43
130,6,0,2024-05-11 09:11:50
130,-5,1,2024-05-14 22:03:14
130,0,0,2024-05-25 03:37:39
130,-4,1,2024-06-02 00:05:31
130,0,0,2024-06-07 00:53:57
130,-7,1,2024-06-10 02:10:28
130,1,0,2024-06-12 12:22:00
130,-6,1,2024-06-13 22:27:15
130,9,0,2024-06-14 18:40:30
130,-10,1,2024-06-16 19:47:30
130,-1,0,2024-06-24 06:30:33
130,7,1,2024-06-24 17:41:01
130,1,0,2024-06-27 16:02:48
130,-8,1,2024-07-06 01:52:57
130,-5,0,2024-07-15 11:10:21
130,8,1,2024-07-28 08:43:14
130,3,0,2024-07-29 06:52:24
130,4,1,2024-08-09 15:45:58
130,-3,0,2024-08-15 05:51:53
130,-1,1,2024-08-16 22:35:18
130,-2,0,2024-08-25 13:24:29
130,4,1,2024-08-26 16:01:26
130,-2,0,2024-08-27 07:21:04
130,5,1,2024-08-28 08:03:51
130,5,0,2024-09-04 12:49:25
130,-3,1,2024-09-13 04:03:01
130,0,0,2024-09-20 23:29:09
130,8,1,2024-09-21 02:17:20
130,5,0,2024-09-24 02:46:20
130,-6,1,2024-09-29 20:13:51
130,3,0,2024-09-30 16:47:36
131,-10,1,2023-01-10 16:55:39
131,7,0,2023-01-20 04:08:13
131,-3,1,2023-01-21 05:52:39
131,-1,0,2023-01-22 00:48:36
131,8,1,2023-01-22 05:36:24
131,3,0,2023-01-24 23:14:54
131,7,1,2023-02-11 08:16:19
131,-4,0,2023-02-12 18:59:36
131,4,1,2023-02-13 02:44:52
131,4,0,2023-02-18 15:58:03
131,-8,1,2023-02-19 00:42:44
131,-4,0,2023-02-19 18:44:31
131,-8,1,2023-02-28 15:20:01
131,-3,0,2023-03-06 16:38:53
131,-10,1,2023-03-07 08:23:50
131,8,0,2023-03-11 04:57:16
131,0,1,2023-03-22 13:20:04
131,5,0,2023-03-23 10:28:19
131,-1,1,2023-03-28 18:04:57
131,-7,0,2023-03-31 00:14:29
131,-5,1,2023-04-12 07:33:34
131,9,0,2023-04-21 00:51:58
131,7,1,2023-04-21 08:51:09
131,-9,0,2023-04-25 10:21:49
131,-5,1,2023-04-27 00:56:13
131,-10,0,2023-04-28 01:29:24
131,-3,1,2023-05-02 10:10:54
131,-9,0,2023-05-05 02:14:37
131,-4,1,2023-05-06 01:34:49
131,9,0,2023-05-10 19:00:12
131,5,1,2023-05-13 21:05:29
131,3,0,2023-05-20 11:15:49
131,3,1,2023-05-25 02:46:58
131,2,0,2023-05-26 16:39:01
131,-5,1,2023-05-28 22:35:28
131,2,0,2023-06-05 08:59:04
131,-4,1,2023-06-09 04:26:46
131,1,0,2023-06-13 12:04:13
131,-10,1,2023-06-21 02:52:45
131,-8,0,2023-06-27 06:34:20
131,8,1,2023-07-06 05:27:12
131,9,0,2023-07-23 12:48:57
131,-10,1,2023-08-01 13:26:53
131,0,0,2023-08-03 12:47:46
131,0,1,2023-08-17 19:28:12
131,0,0,2023-08-19 16:01:03
131,8,1,2023-08-24 13:09:49
131,-2,0,2023-08-25 12:47:21
131,-3,1,2023-08-27 23:02:27
131,8,0,2023-09-01 08:57:36
131,-10,1,2023-09-03 06:57:57
131,-6,0,2023-09-04 23:55:04
131,4,1,2023-09-09 03:27:47
131,9,0,2023-09-13 11:36:25
131,-4,1,2023-09-14 18:19:19
131,-5,0,2023-09-17 22:29:02
131,-7,1,2023-09-19 18:11:44
131,0,0,2023-09-26 12:27:10
131,-8,1,2023-10-19 04:19:19
131,2,0,2023-10-19 09:44:30
131,8,1,2023-10-20 23:36:56
131,-8,0,2023-10-24 08:42:26
131,8,1,2023-10-28 01:59:14
131,1,0,2023-10-28 08:12:00
131,8,1,2023-10-29 10:48:40
131,-10,0,2023-11-01 00:52:07
131,-10,1,2023-11-16 15:04:51
131,5,0,2023-11-20 10:21:04
131,7,1,2023-11-23 23:12:21
131,4,0,2023-11-24 11:47:02
131,0,1,2023-11-27 03:30:42
131,-9,0,2023-12-03 04:42:49
131,-2,1,2023-12-03 06:57:48
131,-4,0,2023-12-04 22:06:30
131,2,1,2023-12-06 12:28:56
131,1,0,2023-12-20 01:04:20
131,8,1,2023-12-21 16:02:35
131,2,0,2023-12-21 17:21:03
131,7,1,2024-01-07 23:32:49
131,8,0,2024-01-12 02:56:57
131,1,1,2024-01-13 08:35:55
131,4,0,2024-01-13 11:35:08
131,0,1,2024-01-18 03:29:18
131,-2,0,2024-01-22 13:11:21
131,-8,1,2024-01-24 15:27:28
131,-3,0,2024-01-26 17:55:46
131,7,1,2024-01-28 19:30:30
131,-2,0,2024-01-29 05:00:17
131,-5,1,2024-02-01 09:22:29
131,-4,0,2024-02-06 18:38:43
131,-8,1,2024-02-07 03:56:40
131,-8,0,2024-02-08 09:40:32
131,-2,1,2024-02-13 05:41:29
131,-9,0,2024-02-19 12:18:58
131,7,1,2024-02-22 21:06:42
131,2,0,2024-03-01 17:13:40
131,7,1,2024-03-04 15:27:40
131,9,0,2024-03-07 06:11:55
131,-4,1,2024-03-11 04:34:52
131,-5,0,2024-03-15 12:43:08
131,2,1,2024-03-21 06:30:01
131,-2,0,2024-03-21 06:52:50
131,-5,1,2024-03-23 15:56:03
131,7,0,2024-03-27 10:14:46
131,3,1,2024-03-27 14:27:31
131,7,0,2024-04-06 06:52:29
131,-10,1,2024-04-07 00:26:46
131,2,0,2024-04-09 23:58:02
131,-9,1,2024-04-12 11:35:30
131,0,0,2024-04-13 09:44:24
131,7,1,2024-04-17 10:20:41
131,-8,0,2024-04-21 17:06:07
131,8,1,2024-04-27 06:11:11
131,3,0,2024-04-29 01:43:35
131,2,1,2024-05-09 22:51:03
131,-6,0,2024-05-10 12:52:46
131,-7,1,2024-05-16 21:39:22
131,5,0,2024-05-19 20:06:55
131,-6,1,2024-05-23 18:32:31
131,-2,0,2024-06-04 11:16:12
131,-6,1,2024-06-12 03:44:13
131,7,0,2024-06-18 05:37:57
131,-6,1,2024-06-23 07:46:14
131,0,0,2024-06-23 18:26:49
131,8,1,2024-07-07 15:54:41
131,4,0,2024-07-11 13:20:48
131,-10,1,2024-07-11 16:01:28
131,1,0,2024-07-18 01:45:53
131,-10,1,2024-07-20 23:39:59
131,-4,0,2024-07-24 00:14:05
131,2,1,2024-07-26 16:16:32
131,6,0,2024-08-01 00:11:40
131,3,1,2024-08-03 12:21:17
131,-6,0,2024-08-12 04:39:32
131,8,1,2024-08-18 09:44:23
131,4,0,2024-08-23 12:15:52
131,-10,1,2024-08-25 02:06:18
131,0,0,2024-08-26 17:28:06
131,-4,1,2024-08-27 11:57:42
131,0,0,2024-08-31 23:10:17
131,2,1,2024-09-03 13:32:55
131,-6,0,2024-09-09 04:33:24
131,5,1,2024-09-13 14:49:02
131,-10,0,2024-09-17 23:22:59
131,0,1,2024-09-27 19:20:05
131,-7,0,2024-09-27 21:03:26
132,1,1,2023-01-14 13:56:42
132,-3,0,2023-01-29 12:08:30
132,7,1,2023-01-30 17:32:42
132,7,0,2023-02-04 08:34:54
132,-5,1,2023-02-06 04:32:54
132,-3,0,2023-02-06 08:03:50
132,-4,1,2023-02-13 19:47:16
132,-6,0,2023-02-26 07:20:53
132,8,1,2023-03-01 05:43:50
132,8,0,2023-03-01 09:30:06
132,5,1,2023-03-07 07:18:04
132,7,0,2023-03-07 13:14:44
132,-1,1,2023-03-11 14:03:27
132,-2,0,2023-03-12 22:24:05
132,-9,1,2023-03-28 18:37:01
132,6,0,2023-03-31 14:34:48
132,7,1,2023-04-02 13:47:13
132,0,0,2023-04-05 13:25:18
132,-1,1,2023-04-06 19:43:31
132,-10,0,2023-04-13 08:10:47
132,-1,1,2023-04-18 00:58:53
132,9,0,2023-04-20 06:26:19
132,-10,1,2023-04-20 18:09:15
132,4,0,2023-04-25 11:19:52
132,0,1,2023-05-06 05:22:15
132,-9,0,2023-05-12 20:42:11
132,-8,1,2023-05-14 19:47:51
132,6,0,2023-05-16 01:04:15
132,1,1,2023-05-23 04:43:22
132,4,0,2023-05-28 04:40:20
132,-4,1,2023-06-02 09:22:15
132,2,0,2023-06-06 16:00:29
132,-2,1,2023-06-14 13:25:53
132,-4,0,2023-06-15 00:07:03
132,-10,1,2023-06-15 12:47:51
132,9,0,2023-06-18 02:53:48
132,-10,1,2023-06-19 07:21:17
132,-9,0,2023-06-24 16:41:52
132,9,1,2023-06-28 12:45:59
132,8,0,2023-06-30 09:58:00
132,1,1,2023-07-12 02:01:31
132,9,0,2023-07-15 04:49:15
132,7,1,2023-07-18 04:32:21
132,8,0,2023-07-26 20:20:33
132,0,1,2023-08-10 09:27:52
132,7,0,2023-08-12 02:52:07
132,5,1,2023-08-23 20:23:26
132,6,0,2023-09-02 15:11:00
132,-7,1,2023-09-13 07:41:47
132,-4,0,2023-09-15 18:48:51
132,-6,1,2023-09-17 08:45:07
132,4,0,2023-09-20 10:54:07
132,-2,1,2023-09-20 20:42:07
132,9,0,2023-09-22 04:20:03
132,-6,1,2023-09-26 20:03:52
132,4,0,2023-10-08 11:12:15
132,9,1,2023-10-08 18:06:43
132,5,0,2023-10-10 19:41:53
132,-8,1,2023-10-16 06:19:51
132,-8,0,2023-10-20 20:42:16
132,4,1,2023-10-21 17:15:13
132,-10,0,2023-10-27 18:12:10
132,5,1,2023-10-30 07:59:41
132,8,0,2023-11-04 04:28:04
132,-9,1,2023-11-04 06:10:07
132,0,0,2023-11-04 09:22:02
132,-2,1,2023-11-05 00:09:08
132,2,0,2023-11-09 13:36:38
132,-10,1,2023-11-10 14:12:51
132,-10,0,2023-11-16 22:45:41
132,6,1,2023-11-17 00:19:16
132,-8,0,2023-11-19 17:26:26
132,7,1,2023-11-22 21:30:35
132,7,0,2023-11-29 02:06:55
132,-6,1,2023-11-29 04:02:11
132,-8,0,2023-12-03 18:01:33
132,1,1,2023-12-04 15:06:56
132,2,0,2023-12-05 05:16:39
132,2,1,2023-12-16 03:16:44
132,5,0,2023-12-17 11:53:58
132,2,1,2023-12-19 09:10:02
132,-4,0,2023-12-21 00:26:41
132,3,1,2023-12-21 16:50:02
132,-5,0,2023-12-25 18:06:12
132,-7,1,2023-12-29 19:28:47
132,0,0,2024-01-03 06:52:11
132,3,1,2024-01-06 23:34:44
132,-6,0,2024-01-24 12:34:35
132,1,1,2024-01-24 13:38:28
132,3,0,2024-01-25 09:16:10
132,0,1,2024-02-04 18:44:56
132,-4,0,2024-02-07 08:45:38
132,8,1,2024-02-09 23:39:25
132,-6,0,2024-02-17 04:04:55
132,-10,1,2024-02-20 05:29:46
132,6,0,2024-03-09 02:34:14
132,4,1,2024-03-12 09:40:48
132,-5,0,2024-03-13 22:15:51
132,3,1,2024-03-14 01:15:59
132,-7,0,2024-03-15 04:39:10
132,-2,1,2024-03-17 21:19:31
132,-4,0,2024-03-18 19:56:21
132,-8,1,2024-03-18 22:11:42
132,4,0,2024-03-22 18:23:00
132,-7,1,2024-03-23 03:58:13
132,0,0,2024-04-03 07:58:29
132,-2,1,2024-04-12 11:14:15
132,2,0,2024-04-21 03:46:47
132,1,1,2024-04-23 22:40:02
132,4,0,2024-04-24 20:51:02
132,8,1,2024-04-26 03:27:08
132,-8,0,2024-04-30 22:10:09
132,-7,1,2024-05-10 12:47:04
132,-1,0,2024-05-13 04:36:38
132,4,1,2024-05-16 05:42:51
132,8,0,2024-05-16 08:09:39
132,4,1,2024-05-27 23:58:01
132,9,0,2024-05-29 08:59:32
132,-4,1,2024-05-29 10:26:18
132,0,0,2024-06-06 03:28:29
132,-7,1,2024-06-11 11:13:21
132,2,0,2024-06-13 04:30:04
132,-2,1,2024-06-26 18:47:56
132,3,0,2024-06-28 12:41:17
132,-1,1,2024-07-01 08:21:03
132,-8,0,2024-07-04 05:23:41
132,-6,1,2024-07-18 14:23:56
132,-6,0,2024-07-27 09:34:54
132,-10,1,2024-08-04 06:29:26
132,-3,0,2024-08-06 07:11:43
132,3,1,2024-08-06 15:20:39
132,6,0,2024-08-08 04:48:27
132,-9,1,2024-08-09 12:34:08
132,7,0,2024-08-09 19:51:27
132,-6,1,2024-08-13 18:14:22
132,2,0,2024-08-15 03:50:29
132,-4,1,2024-08-15 16:05:04
132,-6,0,2024-08-19 07:54:58
132,-2,1,2024-08-23 04:28:48
132,-10,0,2024-08-29 03:39:40
132,2,1,2024-09-04 00:12:37
132,2,0,2024-09-04 02:05:16
132,-8,1,2024-09-05 06:34:29
132,-5,0,2024-09-10 11:39:42
132,-8,1,2024-09-13 20:51:37
132,4,0,2024-09-16 19:40:29
133,4,1,2023-01-01 01:04:15
133,-6,0,2023-01-04 05:51:21
133,0,1,2023-01-08 00:33:06
133,-8,0,2023-01-08 06:32:56
133,4,1,2023-01-09 20:49:14
133,-9,0,2023-01-20 08:01:55
133,7,1,2023-01-20 19:15:24
133,4,0,2023-01-23 02:22:29
133,6,1,2023-01-23 06:16:46
133,-10,0,2023-02-11 21:11:28
133,-8,1,2023-02-15 05:48:38
133,7,0,2023-02-19 07:32:19
133,0,1,2023-02-23 11:36:20
133,-3,0,2023-02-26 12:42:48
133,1,1,2023-02-28 04:54:49
133,5,0,2023-03-01 06:40:30
133,9,1,2023-03-02 15:51:02
133,-5,0,2023-03-13 00:13:41
133,2,1,2023-03-16 19:18:09
133,-9,0,2023-03-18 00:35:42
133,7,1,2023-03-20 16:49:59
133,0,0,2023-03-26 16:40:32
133,6,1,2023-04-02 03:24:00
133,3,0,2023-04-02 12:24:27
133,-6,1,2023-04-08 18:39:16
133,9,0,2023-04-09 01:01:04
133,-4,1,2023-04-21 07:41:59
133,6,0,2023-05-03 00:26:42
133,1,1,2023-05-03 17:11:06
133,4,0,2023-05-09 10:51:10
133,-3,1,2023-05-16 10:44:04
133,6,0,2023-05-17 06:06:04
133,-8,1,2023-05-18 10:00:37
133,-5,0,2023-05-21 01:38:14
133,4,1,2023-05-31 05:13:52
133,-10,0,2023-06-01 13:15:43
133,0,1,2023-06-02 11:44:18
133,3,0,2023-06-19 03:23:18
133,-9,1,2023-06-22 15:35:02
133,0,0,2023-06-24 23:12:47
133,5,1,2023-06-28 06:27:39
133,0,0,2023-07-10 21:50:06
133,-10,1,2023-07-14 01:39:29
133,-10,0,2023-07-23 22:42:49
133,-8,1,2023-07-24 21:12:07
133,7,0,2023-07-26 02:20:04
133,6,1,2023-07-27 01:38:34
133,-2,0,2023-07-29 06:39:24
133,1,1,2023-07-31 02:10:49
133,-3,0,2023-08-04 05:43:01
133,4,1,2023-08-05 00:09:32
133,-5,0,2023-08-06 09:38:41
133,-6,1,2023-08-23 09:19:15
133,-4,0,2023-08-26 05:01:11
133,-9,1,2023-08-31 06:39:18
133,-2,0,2023-09-02 09:27:39
133,3,1,2023-09-06 03:33:12
133,-2,0,2023-09-06 19:46:03
133,-6,1,2023-09-08 04:43:46
133,2,0,2023-09-11 06:42:03
133,1,1,2023-09-12 06:24:09
133,7,0,2023-09-18 06:01:52
133,-4,1,2023-09-20 02:46:52
133,6,0,2023-09-23 15:25:19
133,6,1,2023-09-27 20:01:08
133,4,0,2023-10-19 23:49:39
133,7,1,2023-10-21 02:06:44
133,4,0,2023-10-30 00:38:01
133,6,1,2023-10-31 19:41:18
133,-10,0,2023-11-01 06:16:45
133,-4,1,2023-11-07 06:38:26
133,8,0,2023-11-07 09:40:49
133,6,1,2023-11-09 00:35:34
133,3,0,2023-11-16 19:54:07
133,6,1,2023-11-24 20:14:41
133,8,0,2023-11-25 00:15:44
133,8,1,2023-11-27 16:56:00
133,3,0,2023-11-29 05:20:38
133,-4,1,2023-11-30 12:36:56
133,7,0,2023-12-06 11:44:38
133,-3,1,2023-12-08 07:30:50
133,6,0,2023-12-14 14:19:00
133,6,1,2023-12-17 02:45:14
133,-6,0,2023-12-19 11:24:41
133,-7,1,2023-12-20 16:28:37
133,3,0,2023-12-23 17:46:17
133,2,1,2023-12-27 23:20:51
133,1,0,2023-12-30 00:03:48
133,-3,1,2023-12-31 12:19:49
133,0,0,2024-01-01 02:09:16
133,-4,1,2024-01-06 11:44:24
133,-3,0,2024-01-11 01:11:40
133,-2,1,2024-01-16 11:05:53
133,9,0,2024-01-18 06:23:13
133,-8,1,2024-01-20 00:49:45
133,0,0,2024-01-23 22:49:28
133,8,1,2024-02-01 02:24:36
133,9,0,2024-02-01 10:51:54
133,-4,1,2024-02-10 17:16:59
133,-9,0,2024-02-11 04:29:51
133,0,1,2024-02-11 11:08:14
133,-4,0,2024-02-15 09:08:15
133,7,1,2024-02-17 16:17:47
133,-3,0,2024-02-19 00:49:09
133,2,1,2024-02-22 15:04:58
133,-6,0,2024-02-22 16:27:51
133,-2,1,2024-02-25 18:16:43
133,-2,0,2024-03-02 00:33:30
133,-8,1,2024-03-03 01:05:20
133,-1,0,2024-03-04 13:00:01
133,-2,1,2024-03-05 01:36:27
133,-3,0,2024-03-09 02:32:51
133,-10,1,2024-03-10 00:47:01
133,7,0,2024-03-11 23:53:00
133,9,1,2024-03-14 02:14:40
133,7,0,2024-03-18 21:18:45
133,-5,1,2024-03-24 13:09:57
133,-3,0,2024-03-25 06:22:37
133,1,1,2024-03-29 03:43:16
133,2,0,2024-04-03 12:09:57
133,8,1,2024-04-06 01:50:20
133,0,0,2024-04-14 07:15:14
133,3,1,2024-04-15 03:44:55
133,2,0,2024-04-16 06:06:49
133,-9,1,2024-04-26 16:46:09
133,-10,0,2024-04-28 22:40:06
133,-2,1,2024-04-30 18:36:36
133,9,0,2024-05-01 05:01:22
133,3,1,2024-05-01 15:24:02
133,8,0,2024-05-11 23:12:32
133,-8,1,2024-05-26 13:23:30
133,3,0,2024-05-27 06:53:43
133,-8,1,2024-05-29 08:02:29
133,-4,0,2024-05-29 09:13:43
133,7,1,2024-05-31 20:16:27
133,-1,0,2024-06-01 03:17:47
133,0,1,2024-06-03 21:56:09
133,-4,0,2024-06-04 21:00:01
133,7,1,2024-06-18 12:33:38
133,3,0,2024-06-21 19:31:18
133,-7,1,2024-06-25 02:52:28
133,-2,0,2024-06-25 16:22:58
133,0,1,2024-06-26 18:54:14
133,4,0,2024-06-28 12:21:46
133,-2,1,2024-07-01 14:39:30
133,-8,0,2024-07-05 17:00:18
133,-4,1,2024-07-08 07:17:30
133,3,0,2024-07-09 06:03:28
133,1,1,2024-07-10 13:39:54
133,-6,0,2024-07-16 13:35:08
133,-9,1,2024-07-20 09:22:13
133,-2,0,2024-07-27 13:20:02
133,-4,1,2024-07-30 20:12:29
133,-8,0,2024-08-08 06:13:55
133,-2,1,2024-08-08 13:27:46
133,2,0,2024-08-11 02:20:53
133,2,1,2024-08-11 16:41:31
133,-3,0,2024-08-13 20:54:59
133,0,1,2024-08-23 17:24:16
133,-3,0,2024-08-25 07:59:24
133,-2,1,2024-08-26 09:24:32
133,-5,0,2024-09-01 21:02:10
133,-7,1,2024-09-04 08:12:11
133,-4,0,2024-09-05 13:02:19
133,-8,1,2024-09-10 09:56:07
133,8,0,2024-09-13 18:08:14
133,0,1,2024-09-19 05:49:51
133,-1,0,2024-09-19 14:54:53
133,-8,1,2024-09-22 03:03:54
134,-9,0,2023-01-08 06:41:04
134,8,1,2023-01-10 18:13:03
134,-4,0,2023-01-11 08:50:07
134,7,1,2023-01-12 09:23:46
134,-5,0,2023-01-12 15:08:30
134,5,1,2023-01-16 21:14:57
134,-7,0,2023-01-18 08:30:26
134,2,1,2023-01-23 08:12:00
134,5,0,2023-01-26 16:58:29
134,5,1,2023-02-02 14:43:01
134,-6,0,2023-02-10 05:37:25
134,6,1,2023-02-18 00:13:54
134,5,0,2023-02-23 00:31:27
134,-7,1,2023-02-23 13:37:09
134,-5,0,2023-03-02 19:05:43
134,-9,1,2023-03-07 12:35:07
134,2,0,2023-03-10 12:24:50
134,-2,1,2023-03-23 14:05:37
134,-10,0,2023-03-25 21:14:43
134,-7,1,2023-03-26 02:26:05
134,-9,0,2023-03-27 15:15:49
134,7,1,2023-03-30 07:17:09
134,6,0,2023-03-30 10:31:22
134,-6,1,2023-03-31 16:00:30
134,-9,0,2023-04-06 15:42:10
134,-6,1,2023-04-08 08:14:17
134,-6,0,2023-04-15 04:25:51
134,-8,1,2023-04-21 06:17:09
134,9,0,2023-05-02 08:57:32
134,-4,1,2023-05-02 09:12:23
134,-8,0,2023-05-07 18:18:14
134,-8,1,2023-05-30 03:11:16
134,9,0,2023-05-30 14:23:27
134,-7,1,2023-06-06 14:56:16
134,9,0,2023-06-07 06:37:27
134,0,1,2023-06-08 01:02:44
134,4,0,2023-06-10 18:46:25
134,2,1,2023-06-19 19:40:37
134,-6,0,2023-06-20 18:33:35
134,-3,1,2023-06-22 16:54:04
134,5,0,2023-06-26 04:43:29
134,-3,1,2023-06-26 23:34:15
134,-1,0,2023-07-12 04:48:46
134,-7,1,2023-07-15 00:59:14
134,7,0,2023-07-15 05:39:11
134,-5,1,2023-07-16 16:57:40
134,2,0,2023-07-17 10:14:14
134,9,1,2023-07-22 03:06:55
134,1,0,2023-08-01 06:43:58
134,6,1,2023-08-04 05:44:14
134,0,0,2023-08-08 16:23:06
134,-3,1,2023-08-13 20:42:36
134,-6,0,2023-08-13 22:55:58
134,6,1,2023-08-15 09:32:12
134,-8,0,2023-08-17 19:46:36
134,-5,1,2023-08-20 10:20:13
134,8,0,2023-08-22 21:38:57
134,-3,1,2023-08-27 01:58:23
134,-3,0,2023-08-30 07:38:11
134,-5,1,2023-09-01 09:47:05
134,-2,0,2023-09-01 17:46:52
134,1,1,2023-09-05 14:33:08
134,-8,0,2023-09-10 05:39:14
134,9,1,2023-09-11 19:53:54
134,-7,0,2023-09-12 12:33:33
134,-2,1,2023-09-14 12:29:42
134,1,0,2023-09-20 17:52:20
134,4,1,2023-09-23 01:18:15
134,-4,0,2023-09-27 11:50:39
134,4,1,2023-10-01 21:55:16
134,8,0,2023-10-03 12:29:11
134,-6,1,2023-10-13 02:41:50
134,2,0,2023-10-13 20:15:04
134,-9,1,2023-10-24 07:06:42
134,-7,0,2023-11-06 00:51:39
134,-3,1,2023-11-07 09:53:30
134,0,0,2023-11-07 13:37:34
134,6,1,2023-11-08 21:03:21
134,-10,0,2023-11-12 01:22:32
134,5,1,2023-11-21 16:54:21
134,-4,0,2023-11-22 21:10:43
134,5,1,2023-11-26 03:40:51
134,8,0,2023-11-27 12:06:40
134,6,1,2023-11-28 23:37:37
134,2,0,2023-12-03 12:26:14
134,-9,1,2023-12-05 01:32:41
134,-9,0,2023-12-21 05:16:25
134,7,1,2023-12-30 08:20:00
134,6,0,2023-12-30 19:59:50
134,-6,1,2023-12-31 07:56:27
134,-5,0,2024-01-18 13:29:46
134,-7,1,2024-01-20 07:58:35
134,7,0,2024-01-27 05:48:22
134,5,1,2024-01-29 23:19:59
134,7,0,2024-02-01 12:42:28
134,7,1,2024-02-03 22:19:12
134,3,0,2024-02-06 03:14:18
134,-2,1,2024-02-07 23:31:54
134,5,0,2024-02-14 01:18:49
134,-8,1,2024-02-21 16:45:12
134,-5,0,2024-02-25 17:18:21
134,-1,1,2024-02-27 03:06:35
134,-3,0,2024-03-07 16:29:47
134,-5,1,2024-03-17 19:33:00
134,-6,0,2024-03-19 09:41:14
134,-5,1,2024-03-22 03:14:03
134,9,0,2024-03-24 13:27:02
134,-6,1,2024-03-28 18:05:45
134,-9,0,2024-04-05 20:21:41
134,3,1,2024-04-24 14:54:55
134,-10,0,2024-04-26 00:11:50
134,9,1,2024-05-03 00:39:50
134,8,0,2024-05-03 08:55:05
134,-3,1,2024-05-06 21:49:26
134,2,0,2024-05-06 23:04:14
134,-3,1,2024-05-11 18:28:17
134,8,0,2024-05-15 18:08:46
134,-8,1,2024-05-15 23:23:04
134,3,0,2024-05-17 01:02:08
134,3,1,2024-05-21 04:45:53
134,9,0,2024-05-23 20:24:25
134,-2,1,2024-05-28 20:06:00
134,9,0,2024-05-28 21:19:21
134,0,1,2024-06-01 07:08:58
134,8,0,2024-06-06 07:22:51
134,-10,1,2024-06-09 15:13:07
134,8,0,2024-06-15 03:57:15
134,8,1,2024-06-19 04:20:14
134,6,0,2024-06-22 01:25:26
134,-8,1,2024-06-22 14:28:44
134,-6,0,2024-06-22 15:01:15
134,2,1,2024-07-02 23:08:09
134,0,0,2024-07-19 21:30:09
134,8,1,2024-07-21 22:49:49
134,-5,0,2024-07-22 09:47:19
134,-2,1,2024-07-23 04:28:09
134,-2,0,2024-08-09 12:45:23
134,3,1,2024-08-10 17:17:02
134,5,0,2024-08-10 18:22:17
134,0,1,2024-08-12 13:32:59
134,9,0,2024-08-17 21:43:56
134,2,1,2024-08-22 00:32:41
134,-10,0,2024-08-22 00:48:55
134,-9,1,2024-08-22 13:40:00
134,-6,0,2024-08-22 18:59:59
134,7,1,2024-08-22 19:55:14
134,-9,0,2024-08-26 12:38:49
134,-9,1,2024-08-27 22:42:45
134,7,0,2024-08-29 02:59:36
134,0,1,2024-09-04 21:56:30
134,-8,0,2024-09-06 08:24:13
134,8,1,2024-09-09 11:25:39
134,0,0,2024-09-11 04:37:08
134,9,1,2024-09-16 11:19:54
134,-10,0,2024-09-25 07:08:33
134,4,1,2024-09-29 11:52:22
134,1,0,2024-09-29 22:20:36
135,-2,1,2023-01-05 06:27:32
135,-6,0,2023-01-08 00:15:10
135,-1,1,2023-01-09 04:18:05
135,1,0,2023-01-27 13:30:29
135,3,1,2023-02-02 10:58:52
135,9,0,2023-02-08 20:30:33
135,2,1,2023-02-15 18:07:13
135,9,0,2023-02-17 01:23:40
135,3,1,2023-02-24 06:40:40
135,-2,0,2023-02-28 13:02:27
135,5,1,2023-03-03 19:06:23
135,-8,0,2023-03-07 13:42:55
135,4,1,2023-03-09 01:49:01
135,2,0,2023-03-09 03:05:27
135,-4,1,2023-03-13 11:15:06
135,9,0,2023-03-17 08:36:39
135,1,1,2023-03-17 09:43:11
135,-6,0,2023-03-21 20:25:33
135,-6,1,2023-03-23 13:36:46
135,5,0,2023-03-24 12:00:46
135,9,1,2023-03-27 06:18:27
135,-3,0,2023-03-28 05:25:12
135,4,1,2023-03-28 16:05:34
135,-6,0,2023-04-06 10:02:09
135,7,1,2023-04-08 13:19:56
135,-1,0,2023-04-09 14:00:53
135,0,1,2023-04-13 01:08:22
135,-9,0,2023-04-25 15:12:55
135,2,1,2023-05-08 16:44:30
135,-8,0,2023-05-11 10:45:47
135,0,1,2023-05-14 06:49:14
135,-9,0,2023-05-22 05:34:14
135,8,1,2023-05-22 14:55:25
135,6,0,2023-05-23 20:39:26
135,6,1,2023-05-28 02:10:40
135,-3,0,2023-06-02 16:26:27
135,6,1,2023-06-03 02:20:21
135,6,0,2023-06-05 09:45:24
135,-3,1,2023-06-08 15:20:21
135,-6,0,2023-06-12 15:16:02
135,-6,1,2023-06-15 15:04:16
135,-5,0,2023-06-17 04:22:39
135,-6,1,2023-07-04 11:26:16
135,9,0,2023-07-09 12:33:09
135,8,1,2023-07-12 04:04:54
135,-2,0,2023-07-22 12:04:42
135,-3,1,2023-07-22 21:50:31
135,0,0,2023-07-24 01:29:57
135,9,1,2023-07-27 02:31:04
135,1,0,2023-08-02 04:15:03
135,-4,1,2023-08-04 16:40:21
135,-6,0,2023-08-14 20:20:30
135,-4,1,2023-08-20 11:41:12
135,-8,0,2023-09-01 04:08:32
135,-7,1,2023-09-20 03:20:22
135,-7,0,2023-09-21 15:48:36
135,8,1,2023-09-27 08:11:24
135,1,0,2023-09-30 05:08:32
135,0,1,2023-10-15 05:29:38
135,0,0,2023-10-22 05:47:45
135,1,1,2023-10-22 16:03:02
135,-8,0,2023-10-25 08:10:48
135,-8,1,2023-10-27 21:45:43
135,-2,0,2023-11-02 16:34:35
135,7,1,2023-11-06 00:47:20
135,-7,0,2023-11-09 03:20:09
135,-4,1,2023-11-14 09:41:51
135,-1,0,2023-11-16 00:47:03
135,5,1,2023-11-20 06:42:53
135,-9,0,2023-11-20 20:06:11
135,-1,1,2023-11-25 03:48:10
135,-1,0,2023-11-26 20:47:52
135,0,1,2023-11-28 01:07:06
135,1,0,2023-12-10 05:00:00
135,-5,1,2023-12-11 07:40:40
135,-2,0,2023-12-13 17:19:59
135,0,1,2023-12-21 00:22:49
135,2,0,2024-01-03 05:22:04
135,-6,1,2024-01-10 18:05:01
135,4,0,2024-01-11 08:34:28
135,-7,1,2024-01-11 22:02:04
135,-3,0,2024-01-18 18:54:46
135,-9,1,2024-01-22 22:53:47
135,-4,0,2024-01-30 06:07:12
135,3,1,2024-02-01 14:24:47
135,5,0,2024-02-10 13:01:23
135,2,1,2024-02-29 09:27:11
135,5,0,2024-03-09 05:55:47
135,4,1,2024-03-10 16:07:16
135,8,0,2024-03-10 17:32:23
135,-3,1,2024-03-29 14:43:25
135,6,0,2024-03-30 15:48:15
135,-5,1,2024-04-03 22:39:30
135,7,0,2024-04-09 05:17:19
135,5,1,2024-04-10 03:06:21
135,7,0,2024-04-13 09:02:11
135,5,1,2024-04-14 06:07:18
135,-8,0,2024-04-14 09:56:15
135,1,1,2024-04-15 01:23:16
135,8,0,2024-04-16 23:05:22
135,3,1,2024-04-21 07:13:44
135,3,0,2024-04-27 01:42:56
135,-5,1,2024-04-28 12:07:55
135,2,0,2024-05-03 11:51:35
135,-10,1,2024-05-06 03:52:31
135,0,0,2024-05-06 23:29:48
135,-4,1,2024-05-07 15:08:58
135,9,0,2024-05-24 01:53:37
135,6,1,2024-05-25 11:01:47
135,4,0,2024-05-27 04:47:09
135,3,1,2024-05-30 22:34:11
135,2,0,2024-05-31 05:19:56
135,-9,1,2024-06-03 01:38:42
135,7,0,2024-06-09 13:20:18
135,6,1,2024-06-12 22:05:12
135,1,0,2024-06-13 15:07:19
135,5,1,2024-06-22 00:07:29
135,5,0,2024-06-22 09:05:11
135,1,1,2024-06-28 19:58:51
135,8,0,2024-06-29 03:23:38
135,7,1,2024-08-09 08:59:48
135,7,0,2024-08-22 01:32:01
135,9,1,2024-08-23 21:07:08
135,9,0,2024-09-01 05:03:06
135,7,1,2024-09-06 15:54:47
135,5,0,2024-09-07 16:12:09
135,-7,1,2024-09-08 23:08:14
135,3,0,2024-09-16 15:27:35
135,-3,1,2024-09-21 16:42:27
135,-6,0,2024-09-26 03:41:13
135,-9,1,2024-09-28 08:20:50
136,2,0,2023-01-07 13:32:20
136,2,1,2023-01-13 02:35:42
136,-2,0,2023-01-20 03:01:21
136,-9,1,2023-01-23 06:39:42
136,2,0,2023-01-26 02:41:38
136,-6,1,2023-01-27 08:52:43
136,-6,0,2023-01-28 21:38:48
136,6,1,2023-02-01 17:23:59
136,-4,0,2023-02-05 13:55:30
136,8,1,2023-02-11 06:22:56
136,-3,0,2023-02-12 20:11:44
136,1,1,2023-02-15 01:23:49
136,4,0,2023-02-16 12:28:24
136,-1,1,2023-02-18 02:02:47
136,-7,0,2023-02-28 21:17:30
136,3,1,2023-03-07 22:37:38
136,2,0,2023-03-13 13:46:36
136,8,1,2023-03-14 05:05:29
136,3,0,2023-03-14 20:19:53
136,-5,1,2023-03-21 20:37:26
136,-9,0,2023-03-24 23:43:51
136,-8,1,2023-04-16 05:31:46
136,-4,0,2023-04-19 08:05:04
136,-9,1,2023-05-04 09:45:45
136,0,0,2023-05-06 22:43:33
136,-3,1,2023-05-10 20:11:50
136,-9,0,2023-05-16 02:26:21
136,-3,1,2023-05-20 10:09:24
136,8,0,2023-05-20 13:48:55
136,9,1,2023-05-21 13:10:28
136,8,0,2023-05-28 21:37:37
136,-7,1,2023-06-02 12:26:45
136,2,0,2023-06-13 00:14:20
136,-1,1,2023-06-21 02:23:18
136,8,0,2023-06-24 09:30:57
136,2,1,2023-07-01 23:34:54
136,-7,0,2023-07-02 11:05:21
136,6,1,2023-07-04 02:16:49
136,-4,0,2023-07-06 05:43:29
136,4,1,2023-07-06 07:18:27
136,1,0,2023-07-06 18:56:10
136,2,1,2023-07-07 23:55:11
136,3,0,2023-07-08 02:05:10
136,6,1,2023-07-14 18:13:16
136,0,0,2023-07-18 21:26:14
136,-10,1,2023-07-24 01:14:28
136,7,0,2023-07-25 19:01:35
136,6,1,2023-07-25 21:46:02
136,-5,0,2023-07-28 11:53:08
136,8,1,2023-07-31 01:24:29
136,-5,0,2023-08-05 11:19:53
136,4,1,2023-08-05 20:30:03
136,7,0,2023-08-06 03:10:01
136,5,1,2023-08-20 22:22:27
136,7,0,2023-08-22 00:21:41
136,-1,1,2023-09-01 14:37:13
136,-7,0,2023-09-04 21:39:31
136,-4,1,2023-09-05 22:07:36
136,-9,0,2023-09-12 11:09:05
136,-1,1,2023-09-13 17:23:42
136,-2,0,2023-09-15 17:48:53
136,-4,1,2023-09-17 19:16:27
136,0,0,2023-09-28 20:16:19
136,2,1,2023-09-29 22:31:04
136,0,0,2023-10-07 23:51:24
136,-5,1,2023-10-09 18:14:52
136,-10,0,2023-10-15 09:08:25
136,4,1,2023-10-16 12:55:34
136,-1,0,2023-10-16 15:51:06
136,-4,1,2023-10-18 10:07:58
136,4,0,2023-10-20 06:09:38
136,2,1,2023-10-24 00:17:06
136,-4,0,2023-11-16 11:34:53
136,-7,1,2023-11-19 19:21:52
136,-10,0,2023-11-25 01:33:05
136,-6,1,2023-12-12 18:16:35
136,-2,0,2023-12-13 22:36:55
136,-8,1,2023-12-18 21:01:36
136,5,0,2023-12-26 15:16:47
136,7,1,2023-12-27 12:19:15
136,-1,0,2023-12-29 10:38:30
136,4,1,2023-12-29 19:03:19
136,2,0,2024-01-06 01:04:10
136,-5,1,2024-01-08 20:31:35
136,0,0,2024-01-09 23:18:49
136,-7,1,2024-01-12 08:44:53
136,6,0,2024-01-12 16:57:52
136,5,1,2024-01-19 23:35:37
136,-1,0,2024-01-23 03:04:34
136,-3,1,2024-01-27 02:58:45
136,8,0,2024-02-12 20:48:47
136,-3,1,2024-02-15 14:32:45
136,5,0,2024-02-26 10:59:34
136,-7,1,2024-02-28 04:47:21
136,5,0,2024-03-18 23:10:11
136,-9,1,2024-03-22 10:27:53
136,-9,0,2024-03-24 18:34:48
136,-7,1,2024-03-24 20:31:19
136,9,0,2024-03-28 06:13:19
136,4,1,2024-03-31 10:35:16
136,-5,0,2024-04-18 16:07:01
136,-2,1,2024-04-20 11:45:56
136,-7,0,2024-04-30 00:23:23
136,0,1,2024-05-03 02:47:30
136,-5,0,2024-05-10 06:53:31
136,3,1,2024-05-11 02:08:37
136,-2,0,2024-05-13 21:43:02
136,-9,1,2024-05-21 07:43:22
136,2,0,2024-05-22 14:15:44
136,9,1,2024-06-08 19:29:23
136,-1,0,2024-06-12 13:09:33
136,6,1,2024-06-13 21:02:32
136,-6,0,2024-06-18 18:55:20
136,-1,1,2024-06-21 04:40:33
136,5,0,2024-06-24 01:14:48
136,7,1,2024-07-14 09:37:07
136,0,0,2024-07-16 06:07:27
136,2,1,2024-07-28 05:25:54
136,9,0,2024-08-15 23:14:30
136,9,1,2024-08-18 13:34:11
136,-5,0,2024-08-22 09:58:17
136,-2,1,2024-08-31 18:27:56
136,-4,0,2024-09-06 14:58:03
136,-1,1,2024-09-08 22:27:59
136,8,0,2024-09-10 05:58:03
136,1,1,2024-09-14 06:24:08
136,-2,0,2024-09-15 13:07:59
136,7,1,2024-09-18 04:50:17
136,0,0,2024-09-18 11:49:25
136,4,1,2024-09-19 02:35:24
136,8,0,2024-09-26 06:07:24
137,5,1,2023-01-03 00:06:39
137,-2,0,2023-01-04 15:05:56
137,5,1,2023-01-05 18:19:23
137,-2,0,2023-01-15 22:22:31
137,-4,1,2023-01-26 19:11:50
137,-8,0,2023-01-30 16:25:36
137,-4,1,2023-02-07 04:54:04
137,3,0,2023-02-08 06:05:07
137,-4,1,2023-02-12 16:24:54
137,-9,0,2023-02-14 06:58:44
137,5,1,2023-02-17 16:01:45
137,-8,0,2023-02-19 17:33:18
137,-7,1,2023-02-23 21:03:27
137,-7,0,2023-02-26 00:12:01
137,7,1,2023-03-12 22:24:49
137,4,0,2023-03-16 19:52:55
137,2,1,2023-03-28 03:26:06
137,-10,0,2023-03-30 13:20:03
137,5,1,2023-04-11 14:20:47
137,1,0,2023-04-19 23:40:41
137,-8,1,2023-04-20 03:37:49
137,-8,0,2023-04-26 19:59:48
137,-3,1,2023-04-27 00:51:18
137,-6,0,2023-04-27 08:19:38
137,7,1,2023-05-12 17:59:22
137,4,0,2023-05-24 06:48:04
137,-5,1,2023-05-30 10:56:12
137,2,0,2023-05-31 23:51:36
137,-9,1,2023-06-11 08:42:45
137,-9,0,2023-06-19 07:14:55
137,-6,1,2023-06-22 09:32:04
137,5,0,2023-06-26 00:14:16
137,-10,1,2023-06-30 21:03:45
137,-10,0,2023-07-05 02:48:10
137,-7,1,2023-07-12 01:47:21
137,-2,0,2023-07-18 14:15:11
137,-8,1,2023-07-20 11:13:51
137,-7,0,2023-07-27 17:28:50
137,-2,1,2023-08-02 07:58:25
137,8,0,2023-08-11 19:14:56
137,6,1,2023-08-15 14:28:50
137,4,0,2023-08-17 06:04:11
137,7,1,2023-08-19 00:35:18
137,0,0,2023-08-25 12:50:24
137,-9,1,2023-08-25 14:56:42
137,5,0,2023-08-27 19:53:02
137,-2,1,2023-08-30 18:17:48
137,9,0,2023-09-07 15:50:55
137,1,1,2023-09-08 11:41:22
137,4,0,2023-09-10 00:39:33
137,3,1,2023-09-21 18:33:34
137,5,0,2023-09-24 19:08:52
137,-1,1,2023-09-28 06:30:16
137,4,0,2023-10-04 01:27:43
137,8,1,2023-10-11 06:36:11
137,-9,0,2023-10-21 11:15:00
137,-9,1,2023-10-28 18:46:36
137,0,0,2023-10-30 01:37:35
137,7,1,2023-11-02 06:12:05
137,6,0,2023-11-02 08:16:22
137,-7,1,2023-11-03 00:26:38
137,-2,0,2023-11-05 20:35:27
137,-1,1,2023-11-06 23:55:21
137,-3,0,2023-11-08 13:45:32
137,9,1,2023-11-09 10:10:09
137,6,0,2023-11-24 20:36:26
137,9,1,2023-11-27 01:25:10
137,7,0,2023-12-05 13:51:35
137,-6,1,2023-12-09 03:01:34
137,1,0,2023-12-09 12:00:08
137,-2,1,2023-12-15 13:21:56
137,5,0,2023-12-29 14:14:05
137,-5,1,2023-12-29 15:51:23
137,7,0,2024-01-10 11:07:21
137,-9,1,2024-01-10 11:55:36
137,9,0,2024-01-15 18:34:46
137,-10,1,2024-01-29 03:37:29
137,-1,0,2024-02-05 02:40:27
137,4,1,2024-02-05 09:56:00
137,6,0,2024-02-10 14:06:11
137,8,1,2024-02-27 08:15:45
137,-5,0,2024-02-29 16:25:50
137,7,1,2024-03-01 22:33:06
137,-7,0,2024-03-08 17:10:52
137,5,1,2024-03-16 19:11:12
137,-3,0,2024-03-19 04:37:35
137,5,1,2024-03-19 21:14:13
137,-2,0,2024-03-21 17:16:35
137,7,1,2024-03-22 17:39:05
137,7,0,2024-03-29 03:50:55
137,3,1,2024-04-07 07:54:12
137,0,0,2024-04-13 14:45:12
137,-1,1,2024-04-14 10:22:55
137,-4,0,2024-04-18 06:24:16
137,0,1,2024-04-20 01:09:02
137,0,0,2024-04-26 09:13:26
137,-9,1,2024-04-30 00:35:50
137,4,0,2024-05-10 00:12:11
137,7,1,2024-05-11 11:22:09
137,0,0,2024-05-20 22:05:34
137,1,1,2024-05-21 12:19:15
137,0,0,2024-05-29 16:20:51
137,3,1,2024-06-10 17:25:36
137,4,0,2024-06-11 22:00:54
137,-10,1,2024-06-12 17:24:44
137,5,0,2024-06-19 18:35:01
137,0,1,2024-06-28 18:59:58
137,5,0,2024-06-30 18:24:45
137,2,1,2024-07-02 00:28:03
137,-4,0,2024-07-03 21:13:25
137,-2,1,2024-07-05 17:50:35
137,2,0,2024-07-06 17:08:21
137,8,1,2024-07-10 16:41:43
137,0,0,2024-07-11 09:46:38
137,3,1,2024-07-12 08:35:49
137,-5,0,2024-07-13 18:56:20
137,5,1,2024-07-18 16:52:38
137,-9,0,2024-07-30 06:09:03
137,-3,1,2024-08-06 13:26:11
137,7,0,2024-08-13 16:53:58
137,-6,1,2024-08-18 15:45:52
137,1,0,2024-08-24 01:42:09
137,2,1,2024-08-27 13:17:18
137,-8,0,2024-09-02 20:47:04
137,1,1,2024-09-25 04:29:37
137,-1,0,2024-09-25 10:58:09
